Jurisdiccion; Departamento;Nombre Institucion;Estado_ETP;Gestion;Matricula_Total;Matricula_Varones;Matricula_Mujeres;ORIENTACION;TIPO INST
Misiones;Capital;"Bachillerato con Orientación Laboral Polivalente Nº 01 Provincial N°1 ""Combate Vuelta de Obligado""";Institución de Otro Nivel y/o Modalidad;Estatal;73;49;24;Industrial;SEC TEC-FP
Misiones;Capital;Bachillerato con Orientación Laboral Polivalente Nº 21 ;Institución de Otro Nivel y/o Modalidad;Estatal;79;49;30;Industrial;SEC TEC
Córdoba;Marcos Juárez;Centro de Capacitación Agrotécnica  Tomas Thomas;Institución de ETP;Privado;91;52;39;Agropecuaria;SEC TEC
Buenos Aires;Brandsen;Centro de Educación Agraria (C.E.A.) Nº 02 Brandsen;Institución de ETP;Estatal;16;10;6;Agropecuaria;SEC TEC-FP
Río Negro;General Roca;Centro de Educación Técnica (C.E.T.) Nº 01 Don Antonio Sanchez Platero;Institución de ETP;Estatal;524;359;165;Industrial;SEC TEC
Río Negro;Bariloche;Centro de Educación Técnica (C.E.T.) Nº 02 Jorge Newbery;Institución de ETP;Estatal;334;243;91;Industrial;SEC TEC
Río Negro;General Roca;Centro de Educación Técnica (C.E.T.) Nº 03 ;Institución de ETP;Estatal;396;156;240;Servicios;SEC TEC
Río Negro;General Roca;Centro de Educación Técnica (C.E.T.) Nº 05 Jaime Felipe Morant.;Institución de ETP;Estatal;405;192;213;Industrial;SEC TEC
Río Negro;Adolfo Alsina;Centro de Educación Técnica (C.E.T.) Nº 06 Destructor A.R.A. Hércules;Institución de ETP;Estatal;400;237;163;Industrial;SEC TEC
Río Negro;General Roca;Centro de Educación Técnica (C.E.T.) Nº 07 ;Institución de ETP;Estatal;359;224;135;Industrial;SEC TEC
Río Negro;General Roca;Centro de Educación Técnica (C.E.T.) Nº 08 ;Institución de ETP;Estatal;317;220;97;Industrial;SEC TEC
Río Negro;General Roca;Centro de Educación Técnica (C.E.T.) Nº 09 ;Institución de ETP;Estatal;360;267;93;Industrial;SEC TEC
Río Negro;Pichi Mahuida;Centro de Educación Técnica (C.E.T.) Nº 10 Ejército Argentino;Institución de ETP;Estatal;205;153;52;Industrial;SEC TEC
Río Negro;Adolfo Alsina;Centro de Educación Técnica (C.E.T.) Nº 11 ESFA;Institución de ETP;Estatal;212;112;100;Agropecuaria;SEC TEC
Río Negro;San Antonio;Centro de Educación Técnica (C.E.T.) Nº 12 ;Institución de ETP;Estatal;274;121;153;Industrial;SEC TEC
Río Negro;Avellaneda;Centro de Educación Técnica (C.E.T.) Nº 13 Amed Alí Chaiteli;Institución de ETP;Estatal;331;186;145;Industrial;SEC TEC
Río Negro;General Roca;Centro de Educación Técnica (C.E.T.) Nº 14 Agroindustrial;Institución de ETP;Estatal;171;90;81;Agropecuaria;SEC TEC
Río Negro;General Roca;Centro de Educación Técnica (C.E.T.) Nº 15 ;Institución de ETP;Estatal;327;178;149;Industrial;SEC TEC
Río Negro;General Roca;Centro de Educación Técnica (C.E.T.) Nº 16 C.E.T. N°16;Institución de ETP;Estatal;303;204;99;Industrial;SEC TEC
Río Negro;General Roca;Centro de Educación Técnica (C.E.T.) Nº 17 ;Institución de ETP;Estatal;173;89;84;Agropecuaria;SEC TEC
Río Negro;General Roca;Centro de Educación Técnica (C.E.T.) Nº 18 ;Institución de ETP;Estatal;170;104;66;Industrial;SEC TEC
Río Negro;San Antonio;Centro de Educación Técnica (C.E.T.) Nº 19 Centro de Educación Técnica n° 19 Prof. Alicia Mazola;Institución de ETP;Estatal;352;221;131;Industrial;SEC TEC
Río Negro;Avellaneda;Centro de Educación Técnica (C.E.T.) Nº 20 ;Institución de ETP;Estatal;203;121;82;Industrial;SEC TEC
Río Negro;General Roca;Centro de Educación Técnica (C.E.T.) Nº 21 ;Institución de ETP;Estatal;791;402;389;Industrial;SEC TEC
Río Negro;General Roca;Centro de Educación Técnica (C.E.T.) Nº 22 ;Institución de ETP;Estatal;289;196;93;Industrial;SEC TEC
Río Negro;Bariloche;Centro de Educación Técnica (C.E.T.) Nº 23 ;Institución de ETP;Estatal;90;62;28;Agropecuaria;SEC TEC
Río Negro;Pichi Mahuida;Centro de Educación Técnica (C.E.T.) Nº 24 ;Institución de ETP;Estatal;85;39;46;Agropecuaria;SEC TEC
Río Negro;Bariloche;Centro de Educación Técnica (C.E.T.) Nº 25 De Hotelería y Gastronomía;Institución de ETP;Estatal;326;147;179;Servicios;SEC TEC-FP
Río Negro;Veinticinco de Mayo;Centro de Educación Técnica (C.E.T.) Nº 26 Centro de Educación Técnica ;Institución de ETP;Estatal;165;71;94;Agropecuaria;SEC TEC
Río Negro;General Roca;Centro de Educación Técnica (C.E.T.) Nº 27 ;Institución de ETP;Estatal;296;167;129;Industrial;SEC TEC
Río Negro;Bariloche;Centro de Educación Técnica (C.E.T.) Nº 28 ;Institución de ETP;Estatal;355;244;111;Industrial;SEC TEC
Río Negro;Avellaneda;Centro de Educación Técnica (C.E.T.) Nº 29 ;Institución de ETP;Estatal;180;106;74;Agropecuaria;SEC TEC
Río Negro;General Roca;Centro de Educación Técnica (C.E.T.) Nº 30 ;Institución de ETP;Estatal;344;218;126;Servicios;SEC TEC
Río Negro;General Roca;Centro de Educación Técnica (C.E.T.) Nº 31 CENTRO DE EDUCACIÓN TÉCNICA N°31;Institución de ETP;Estatal;283;166;117;Industrial;SEC TEC
Río Negro;San Antonio;Centro de Educación Técnica (C.E.T.) Nº 32 C.E.T N° 32;Institución de ETP;Estatal;195;65;130;Servicios;SEC TEC
Río Negro;General Roca;Centro de Educación Técnica (C.E.T.) Nº 33 CET N° 33;Institución de ETP;Estatal;259;139;120;Industrial;SEC TEC
Río Negro;Veinticinco de Mayo;Centro de Educación Técnica (C.E.T.) Nº 34 ;Institución de ETP;Estatal;72;34;38;Industrial;SEC TEC
Río Negro;Bariloche;Centro de Educación Técnica (C.E.T.) Nº 35 C.E.T N° 35;Institución de ETP;Estatal;31;15;16;Agropecuaria;SEC TEC
Río Negro;Conesa;Centro de Educación Técnica (C.E.T.) Nº 4 ;Institución de ETP;Estatal;217;115;102;Agropecuaria;SEC TEC
Río Negro;Pilcaniyeu;Centro de Educación Técnica (C.E.T.) Nº GS-028 Centro de Educación Rural Pilca Viejo;Institución de ETP;Privado;51;27;24;Agropecuaria;SEC TEC
Corrientes;Santo Tomé;CENTRO DE FORMACIÓN RURAL (C.F.R) Nº IS 35 LAS COLINAS;Institución de ETP;Privado;48;24;24;Agropecuaria;SEC TEC
Buenos Aires;General Rodríguez;Centro de Formación Rural (C.F.R.) Nº 4251 El Tejado - Con Pedagogía de Alternancia - DIPREGEP;Institución de Otro Nivel y/o Modalidad;Privado;84;84;0;Agropecuaria;SEC TEC
Buenos Aires;Saladillo;Centro de Formación Rural (C.F.R.) Nº 4635 Centro de Formación Rural Saladillo;Institución de Otro Nivel y/o Modalidad;Privado;102;102;0;Agropecuaria;SEC TEC
Buenos Aires;Baradero;Centro de Formación Rural (C.F.R.) Nº 5969 Arturo Figueroa Salas - Con Pedagogía de Alternancia- DIPREGEP;Institución de Otro Nivel y/o Modalidad;Privado;65;65;0;Agropecuaria;SEC TEC
La Rioja;Chilecito;Centro Educativo  Rosario Ocampo Iribarren;Institución de ETP;Estatal;153;81;72;Servicios;SEC TEC
Catamarca;Capital;"Centro Educativo de Nivel Secundario  Centro de Educación Técnico Profesional Zona Sur ""Presidente Nestor Carlos Kirchner""";Institución de ETP;Estatal;109;66;43;Servicios;SEC TEC-FP
Catamarca;Fray Mamerto Esquiú;"Centro Educativo de Nivel Secundario  Escuela Secundaria Técnica Municipal  ""Fray Mamerto Esquiú""";Institución de ETP;Privado;124;74;50;Agropecuaria;SEC TEC
San Luis;General Pedernera;Centro Educativo Nº 10 Ramiro Podetti;Institución de ETP;Estatal;294;139;155;Industrial;SEC TEC
San Luis;General Pedernera;Centro Educativo Nº 11 Inspector Sócrates Cortines;Institución de Otro Nivel y/o Modalidad;Estatal;21;2;19;Servicios;SEC TEC
San Luis;General Pedernera;Centro Educativo Nº 20 Juan Wenceslao Gez;Institución de ETP;Estatal;79;45;34;Industrial;SEC TEC
San Luis;Coronel Pringles;Centro Educativo Nº 22 Historiador Urbano Joaquín Núñez;Institución de ETP;Estatal;76;37;39;Agropecuaria;SEC TEC
San Luis;Belgrano;Centro Educativo Nº 7 Geólogo Román Guiñazú;Institución de ETP;Estatal;51;30;21;Industrial;SEC TEC
Buenos Aires;General Belgrano;Centro Educativo para la Producción Total (C.E.P.T.) Nº 01 Escuela de Alternancia;Institución de ETP;Estatal;67;36;31;Agropecuaria;SEC TEC
Buenos Aires;San Andrés de Giles;Centro Educativo para la Producción Total (C.E.P.T.) Nº 02 Escuela de Alternancia;Institución de ETP;Estatal;63;33;30;Agropecuaria;SEC TEC
Buenos Aires;Coronel Pringles;Centro Educativo para la Producción Total (C.E.P.T.) Nº 03 Paraje Don Alfredo;Institución de ETP;Estatal;57;30;27;Agropecuaria;SEC TEC
Buenos Aires;Mercedes;Centro Educativo para la Producción Total (C.E.P.T.) Nº 04 Mercedes;Institución de ETP;Estatal;50;27;23;Agropecuaria;SEC TEC
Buenos Aires;Rauch;Centro Educativo para la Producción Total (C.E.P.T.) Nº 05 ;Institución de ETP;Estatal;55;33;22;Agropecuaria;SEC TEC
Buenos Aires;Guaminí;Centro Educativo para la Producción Total (C.E.P.T.) Nº 06 ;Institución de ETP;Estatal;51;32;19;Agropecuaria;SEC TEC
Buenos Aires;Tres Lomas;Centro Educativo para la Producción Total (C.E.P.T.) Nº 07 C.E.P.T N °7;Institución de ETP;Estatal;100;60;40;Agropecuaria;SEC TEC
Buenos Aires;Olavarría;Centro Educativo para la Producción Total (C.E.P.T.) Nº 08 ;Institución de ETP;Estatal;79;38;41;Agropecuaria;SEC TEC
Buenos Aires;Carlos Tejedor;Centro Educativo para la Producción Total (C.E.P.T.) Nº 09 Colonia El Toro;Institución de ETP;Estatal;38;24;14;Agropecuaria;SEC TEC
Buenos Aires;Rojas;Centro Educativo para la Producción Total (C.E.P.T.) Nº 10 HUNTER;Institución de ETP;Estatal;67;26;41;Agropecuaria;SEC TEC
Buenos Aires;Trenque Lauquen;Centro Educativo para la Producción Total (C.E.P.T.) Nº 11 CENTRO EDUCATIVO PARA LA PRODUCCION TOTAL 11;Institución de ETP;Estatal;34;22;12;Agropecuaria;SEC TEC
Buenos Aires;Tornquist;Centro Educativo para la Producción Total (C.E.P.T.) Nº 12 Escuela de Alternancia;Institución de ETP;Estatal;41;20;21;Agropecuaria;SEC TEC
Buenos Aires;Carlos Casares;Centro Educativo para la Producción Total (C.E.P.T.) Nº 13 ;Institución de ETP;Estatal;35;24;11;Agropecuaria;SEC TEC
Buenos Aires;Pehuajó;Centro Educativo para la Producción Total (C.E.P.T.) Nº 14 Magdala;Institución de ETP;Estatal;40;21;19;Agropecuaria;SEC TEC
Buenos Aires;Nueve de Julio;Centro Educativo para la Producción Total (C.E.P.T.) Nº 15 ;Institución de ETP;Estatal;74;35;39;Agropecuaria;SEC TEC
Buenos Aires;Lobos;Centro Educativo para la Producción Total (C.E.P.T.) Nº 16 Paraje El Arazá Cuartel VII Escuela de Alternancia;Institución de ETP;Estatal;100;45;55;Agropecuaria;SEC TEC
Buenos Aires;Baradero;Centro Educativo para la Producción Total (C.E.P.T.) Nº 17 Ireneo Portela;Institución de ETP;Estatal;58;28;30;Agropecuaria;SEC TEC
Buenos Aires;Brandsen;Centro Educativo para la Producción Total (C.E.P.T.) Nº 18 Escuela de Alternancia;Institución de ETP;Estatal;56;31;25;Agropecuaria;SEC TEC
Buenos Aires;Adolfo Gonzales Chaves;Centro Educativo para la Producción Total (C.E.P.T.) Nº 19 ;Institución de ETP;Estatal;32;15;17;Agropecuaria;SEC TEC
Buenos Aires;General Alvarado;Centro Educativo para la Producción Total (C.E.P.T.) Nº 20 Escuela de Alternancia;Institución de ETP;Estatal;42;27;15;Agropecuaria;SEC TEC
Buenos Aires;General Viamonte;Centro Educativo para la Producción Total (C.E.P.T.) Nº 21 Los Toldos;Institución de ETP;Estatal;72;34;38;Agropecuaria;SEC TEC
Buenos Aires;General La Madrid;Centro Educativo para la Producción Total (C.E.P.T.) Nº 22 ;Institución de ETP;Estatal;55;24;31;Agropecuaria;SEC TEC
Buenos Aires;Patagones;Centro Educativo para la Producción Total (C.E.P.T.) Nº 23 ;Institución de ETP;Estatal;32;24;8;Agropecuaria;SEC TEC
Buenos Aires;Bragado;Centro Educativo para la Producción Total (C.E.P.T.) Nº 26 La Limpia Escuela de Alternancia;Institución de ETP;Estatal;32;19;13;Agropecuaria;SEC TEC
Buenos Aires;Daireaux;Centro Educativo para la Producción Total (C.E.P.T.) Nº 27 La Victoria;Institución de ETP;Estatal;36;19;17;Agropecuaria;SEC TEC
Buenos Aires;General Guido;Centro Educativo para la Producción Total (C.E.P.T.) Nº 28 La Unión;Institución de ETP;Estatal;66;46;20;Agropecuaria;SEC TEC
Buenos Aires;Magdalena;Centro Educativo para la Producción Total (C.E.P.T.) Nº 29 Roberto Payró Escuela de Alternancia;Institución de ETP;Estatal;52;30;22;Agropecuaria;SEC TEC
Buenos Aires;Puán;Centro Educativo para la Producción Total (C.E.P.T.) Nº 30 17 de Agosto;Institución de ETP;Estatal;32;17;15;Agropecuaria;SEC TEC
Buenos Aires;Azul;Centro Educativo para la Producción Total (C.E.P.T.) Nº 31 Pablo Acosta;Institución de ETP;Estatal;95;55;40;Agropecuaria;SEC TEC
Buenos Aires;Exaltación de la Cruz;Centro Educativo para la Producción Total (C.E.P.T.) Nº 32 Diego Gaynor;Institución de ETP;Estatal;45;26;19;Agropecuaria;SEC TEC
Buenos Aires;Cañuelas;Centro Educativo para la Producción Total (C.E.P.T.) Nº 33 El Deslinde;Institución de ETP;Estatal;44;25;19;Agropecuaria;SEC TEC
Buenos Aires;San Cayetano;Centro Educativo para la Producción Total (C.E.P.T.) Nº 34 ;Institución de ETP;Estatal;57;31;26;Agropecuaria;SEC TEC
Buenos Aires;Coronel Dorrego;Centro Educativo para la Producción Total (C.E.P.T.) Nº 35 ;Institución de ETP;Estatal;74;39;35;Agropecuaria;SEC TEC
Buenos Aires;Saladillo;Centro Educativo para la Producción Total (C.E.P.T.) Nº 36 La Barrancosa;Institución de ETP;Estatal;56;27;29;Agropecuaria;SEC TEC
Buenos Aires;Las Flores;Centro Educativo para la Producción Total (C.E.P.T.) Nº 37 ;Institución de ETP;Estatal;39;17;22;Agropecuaria;SEC TEC
La Pampa;Puelén;Centro Educativo Polivalente  ;Institución de ETP;Estatal;170;83;87;Agropecuaria;SEC TEC
La Rioja;Capital;Colegio  Pre Universitario General San Martín ;Institución de ETP;Estatal;353;178;175;Servicios;SEC TEC
La Rioja;Castro Barros;Colegio  Provincial de Aminga;Institución de ETP;Estatal;59;23;36;Industrial;SEC TEC
La Rioja;Chilecito;Colegio  Secundario Provincial de Nonogasta;Institución de ETP;Estatal;71;33;38;Industrial;SEC TEC
La Pampa;Realicó;Colegio Agropecuario  Realicó;Institución de ETP;Estatal;55;34;21;Agropecuaria;SEC TEC
Santiago del Estero;Banda;Colegio Agrotécnico  La Granja;Institución de ETP;Estatal;118;56;62;Agropecuaria;SEC TEC
Santiago del Estero;Copo;Colegio Agrotécnico  Papa Juan XXIII;Institución de ETP;Estatal;154;76;78;Agropecuaria;SEC TEC
Santiago del Estero;Jiménez;Colegio Agrotécnico Nº 01 José Manuel Estrada;Institución de ETP;Estatal;196;89;107;Agropecuaria;SEC TEC
Santiago del Estero;Guasayán;Colegio Agrotécnico Nº 04 ;Institución de ETP;Estatal;87;44;43;Agropecuaria;SEC TEC
Santiago del Estero;General Taboada;Colegio Agrotécnico Nº 06 Nuestra Señora del Valle;Institución de ETP;Estatal;148;73;75;Agropecuaria;SEC TEC
Santiago del Estero;Pellegrini;Colegio Agrotécnico Nº 2 María Auxiliadora;Institución de ETP;Estatal;284;129;155;Agropecuaria;SEC TEC
Santiago del Estero;Alberdi;Colegio Agrotécnico Nº 22 Colegio Agrotécnico Virgen de Huachana LL-22;Institución de ETP;Privado;141;60;81;Agropecuaria;SEC TEC
Chubut;Futaleufú;Colegio Agrotécnico Nº 740 Escuela Secundaria E.T.P N°740;Institución de ETP;Estatal;132;72;60;Agropecuaria;SEC TEC
Santiago del Estero;Alberdi;Colegio Agrotécnico Nº LL 60 San Benito;Institución de ETP;Privado;78;33;45;Agropecuaria;SEC TEC
Chubut;Biedma;Colegio Municipal de Pesca Nº 2701 Juan Demonte;Institución de ETP;Estatal;314;161;153;Agropecuaria;SEC TEC
La Rioja;Chilecito;Colegio Nacional Agrotécnico  Ing. Julio César Martínez;Institución de ETP;Estatal;296;132;164;Agropecuaria;SEC TEC
Chubut;Rawson;Colegio Nº 748 Teniente Coronel de Marina Luis Piedrabuena;Institución de ETP;Estatal;291;185;106;Industrial;SEC TEC
Chubut;Gaimán;Colegio Nº 781 Eladio Zamarreño;Institución de ETP;Estatal;130;58;72;Industrial;SEC TEC
San Juan;Rivadavia;Colegio Parroquial  San José;Institución de ETP;Privado;177;81;96;Industrial;SEC TEC
San Juan;San Martín;Colegio Parroquial  San Juan Bosco;Institución de ETP;Privado;194;84;110;Agropecuaria;SEC TEC
Chubut;Rawson;Colegio Politécnico Nº 702 Doctor Guillermo Rawson;Institución de ETP;Estatal;721;434;287;Industrial;SEC TEC
Chubut;Biedma;Colegio Politécnico Nº 703 José Toschke;Institución de ETP;Estatal;436;289;147;Industrial;SEC TEC
Chubut;Escalante;Colegio Privado Nº 1705 Salesiano Dean Funes;Institución de ETP;Privado;246;246;0;Industrial;SEC TEC
San Juan;Chimbas;Colegio Privado Nº 5218-01 Nuestra Señora del Rosario de Andacollo;Institución de Otro Nivel y/o Modalidad;Privado;336;158;178;Servicios;SEC TEC
Tierra del Fuego;Río Grande;Colegio Provincial  Dr. Ernesto Guevara;Institución de ETP;Estatal;258;187;71;Servicios;SEC TEC
Tierra del Fuego;Ushuaia;Colegio Provincial  Dr. José María Sobral;Institución de ETP;Estatal;52;27;25;Industrial;SEC TEC
Tierra del Fuego;Ushuaia;Colegio Provincial  Ernesto Sábato;Institución de Otro Nivel y/o Modalidad;Estatal;40;22;18;Servicios;SEC TEC
Tierra del Fuego;Río Grande;Colegio Provincial de Educación Tecnológica (C.P.E.T.)  Ing. Fabio Carlos Reiss;Institución de ETP;Estatal;518;325;193;Industrial;SEC TEC-FP
La Rioja;Capital;Colegio Provincial Frutihortícola Nº 11 ;Institución de ETP;Estatal;49;28;21;Agropecuaria;SEC TEC
Chubut;Rawson;Colegio Provincial Nº 724 Presidente de la Nación Dr. Arturo Umberto Illia;Institución de ETP;Estatal;107;76;31;Servicios;SEC TEC
Chubut;Escalante;Colegio Provincial Nº 742 Ciudad del Petróleo;Institución de ETP;Estatal;301;167;134;Servicios;SEC TEC
Chubut;Escalante;Colegio Provincial Técnico Nº 749 General Ingeniero Alonso Baldrich;Institución de ETP;Estatal;321;222;99;Industrial;SEC TEC
Santiago del Estero;Banda;Colegio Secundario  Pablo Laguzzi por los Derechos de los Niños;Institución de ETP;Estatal;59;29;30;Agropecuaria;SEC TEC
La Rioja;Chilecito;Colegio Secundario Agrotécnico  José Manuel Estrada;Institución de ETP;Estatal;176;80;96;Agropecuaria;SEC TEC
La Rioja;General Lamadrid;Colegio Secundario Agrotécnico  Presidente Dr. Carlos Saúl Menem;Institución de ETP;Estatal;96;56;40;Agropecuaria;SEC TEC
Tierra del Fuego;Ushuaia;Colegio Técnico Provincial  Antonio Martín Marte;Institución de ETP;Estatal;161;91;70;Servicios;SEC TEC
Tierra del Fuego;Río Grande;Colegio Técnico Provincial  Malvinas Argentinas;Institución de ETP;Estatal;229;119;110;Industrial;SEC TEC
Tierra del Fuego;Ushuaia;Colegio Técnico Provincial Nº 1 Olga B. de Arko;Institución de ETP;Estatal;668;370;298;Industrial;SEC TEC-FP
Chubut;Escalante;Colegio Universitario Patagónico  Prof. Adriana Librandi;Institución de Otro Nivel y/o Modalidad;Estatal;93;41;52;Industrial;SEC TEC
Ciudad de Buenos Aires;Comuna N° 8;Escuela  de Educación Técnica de Nivel Secundario de la Universidad de Buenos Aires;Institución de ETP;Estatal;284;163;121;Industrial;SEC TEC
Corrientes;Capital;Escuela  Regional de Agricultura, Ganadería e Industria Afines;Institución de ETP;Estatal;438;251;187;Agropecuaria;SEC TEC
Río Negro;General Roca;Escuela Agraria Nº 64 Alto Valle Este;Institución de ETP;Privado;154;72;82;Agropecuaria;SEC TEC
Catamarca;Paclín;Escuela Agroganadera  Fray Vicente Alcaraz;Institución de ETP;Estatal;95;47;48;Agropecuaria;SEC TEC
San Juan;25 de Mayo;Escuela Agroindustrial  ;Institución de ETP;Estatal;149;78;71;Industrial;SEC TEC
San Juan;Jáchal;Escuela Agroindustrial  Mons. Dr. Juan A. Videla Cuello;Institución de ETP;Estatal;168;76;92;Industrial;SEC TEC
Santa Cruz;Río Chico;Escuela Agropecuaria Provincial Nº 01 Heroinas de Malvinas;Institución de ETP;Estatal;179;89;90;Agropecuaria;SEC TEC
La Pampa;Utracán;Escuela Agrotécnica  ;Institución de ETP;Estatal;48;22;26;Agropecuaria;SEC TEC
La Pampa;Loventué;Escuela Agrotécnica  Ag. Florencio Peirone ;Institución de ETP;Estatal;80;43;37;Agropecuaria;SEC TEC
Tucumán;Tafí del Valle;Escuela Agrotécnica  Amaicha del Valle;Institución de ETP;Estatal;71;41;30;Agropecuaria;SEC TEC-FP
Tucumán;Leales;Escuela Agrotécnica  Amalia Hernández de Castillo;Institución de ETP;Estatal;143;66;77;Agropecuaria;SEC TEC
Corrientes;General Paz;Escuela Agrotécnica  Arerunguá;Institución de ETP;Estatal;34;19;15;Agropecuaria;SEC TEC
Catamarca;Tinogasta;Escuela Agrotécnica  Ciudad de Tinogasta;Institución de ETP;Estatal;153;90;63;Agropecuaria;SEC TEC
San Juan;Iglesia;Escuela Agrotécnica  Cornelio Saavedra;Institución de ETP;Estatal;94;59;35;Agropecuaria;SEC TEC
Corrientes;Bella Vista;Escuela Agrotécnica  de Colonia 3 de Abril;Institución de ETP;Estatal;46;21;25;Agropecuaria;SEC TEC
Corrientes;San Roque;Escuela Agrotécnica  de Colonia Pando;Institución de ETP;Estatal;29;18;11;Agropecuaria;SEC TEC
Corrientes;Curuzú Cuatiá;Escuela Agrotécnica  de Curuzú Cuatiá;Institución de ETP;Estatal;242;162;80;Agropecuaria;SEC TEC
San Juan;Zonda;Escuela Agrotécnica  de Zonda;Institución de ETP;Estatal;115;63;52;Agropecuaria;SEC TEC
San Juan;Jáchal;Escuela Agrotécnica  Dr. Manuel Belgrano;Institución de ETP;Estatal;206;100;106;Agropecuaria;SEC TEC
Tucumán;Tafí del Valle;Escuela Agrotécnica  E.M.E.T.A.Tafí del Valle;Institución de ETP;Estatal;72;32;40;Agropecuaria;SEC TEC
San Juan;Valle Fértil;Escuela Agrotécnica  Ejército Argentino;Institución de ETP;Estatal;150;81;69;Agropecuaria;SEC TEC
Santiago del Estero;Choya;Escuela Agrotécnica  Escuela Agrotécnica Frías;Institución de ETP;Estatal;117;67;50;Agropecuaria;SEC TEC
Catamarca;Andalgalá;Escuela Agrotécnica  Escuela Agrotécnica Huaco;Institución de ETP;Estatal;44;22;22;Agropecuaria;SEC TEC
Catamarca;Santa Rosa;Escuela Agrotécnica  Escuela Secundaria  Agrotecnica  Alijilán;Institución de ETP;Estatal;71;34;37;Agropecuaria;SEC TEC
Corrientes;Mercedes;Escuela Agrotécnica  Eulogio Cruz Cabral;Institución de ETP;Estatal;69;48;21;Agropecuaria;SEC TEC
Tucumán;Chicligasta;Escuela Agrotécnica  Gastona Sud;Institución de ETP;Estatal;54;30;24;Agropecuaria;SEC TEC
San Juan;Caucete;Escuela Agrotécnica  Gonzalo Alberto Doblas;Institución de ETP;Estatal;80;39;41;Agropecuaria;SEC TEC
La Pampa;Guatraché;Escuela Agrotécnica  Guatraché;Institución de ETP;Estatal;58;37;21;Agropecuaria;SEC TEC
San Juan;Jáchal;Escuela Agrotécnica  Huaco;Institución de ETP;Estatal;45;17;28;Agropecuaria;SEC TEC
Tucumán;Famaillá;Escuela Agrotécnica  Ing. Agr. Jorge Palacios ;Institución de ETP;Estatal;155;87;68;Agropecuaria;SEC TEC
Tucumán;Chicligasta;Escuela Agrotécnica  Ingeniero Ludovico Tusek;Institución de ETP;Estatal;86;56;30;Agropecuaria;SEC TEC
Tucumán;Juan Bautista Alberdi;Escuela Agrotécnica  Juan Bautista Alberdi;Institución de ETP;Estatal;159;102;57;Agropecuaria;SEC TEC
Tucumán;Rio Chico;Escuela Agrotécnica  Juan Mantovani;Institución de ETP;Estatal;250;122;128;Agropecuaria;SEC TEC
Santa Fé;Caseros;Escuela Agrotécnica  Libertador General San Martín;Institución de ETP;Estatal;258;156;102;Agropecuaria;SEC TEC
San Juan;Rawson;Escuela Agrotécnica  Los Pioneros;Institución de ETP;Estatal;224;134;90;Agropecuaria;SEC TEC
Tucumán;La Cocha;Escuela Agrotécnica  Los Pizarro;Institución de ETP;Estatal;137;74;63;Agropecuaria;SEC TEC
Tucumán;Rio Chico;Escuela Agrotécnica  Los Sarmientos;Institución de ETP;Estatal;139;72;67;Agropecuaria;SEC TEC
Corrientes;Bella Vista;Escuela Agrotécnica  Manuel Belgrano;Institución de ETP;Estatal;114;53;61;Agropecuaria;SEC TEC
Tucumán;Burruyacú;Escuela Agrotécnica  Mariano Ramos;Institución de ETP;Estatal;60;36;24;Agropecuaria;SEC TEC
Catamarca;Capayán;"Escuela Agrotécnica  Nueva Coneta	";Institución de ETP;Estatal;52;29;23;Agropecuaria;SEC TEC
Corrientes;Sauce;Escuela Agrotécnica  Paraje Poñi;Institución de ETP;Estatal;26;14;12;Agropecuaria;SEC TEC
Tucumán;Tafí del Valle;Escuela Agrotécnica  Profesor Miguel A. Torres;Institución de ETP;Estatal;250;124;126;Agropecuaria;SEC TEC
Corrientes;Monte Caseros;Escuela Agrotécnica  República de Venezuela;Institución de ETP;Estatal;92;39;53;Agropecuaria;SEC TEC-FP
Neuquén;Aluminé;Escuela Agrotécnica  Sagrada Familia;Institución de ETP;Privado;72;46;26;Agropecuaria;SEC TEC
Córdoba;Río Cuarto;Escuela Agrotécnica  Salesiana Ambrosio Olmos;Institución de ETP;Privado;104;81;23;Agropecuaria;SEC TEC
Tierra del Fuego;Río Grande;Escuela Agrotécnica  Salesiana Nuestra Señora de la Candelaria;Institución de ETP;Privado;189;110;79;Agropecuaria;SEC TEC
Corrientes;Goya;Escuela Agrotécnica  San Isidro Labrador;Institución de ETP;Estatal;24;12;12;Agropecuaria;SEC TEC
La Pampa;Capital;Escuela Agrotécnica  Santa Rosa;Institución de ETP;Estatal;143;87;56;Agropecuaria;SEC TEC
San Juan;Sarmiento;"Escuela Agrotécnica  Sarmiento	";Institución de ETP;Estatal;224;119;105;Agropecuaria;SEC TEC
Tucumán;Simoca;Escuela Agrotécnica  Simoca;Institución de ETP;Estatal;163;87;76;Agropecuaria;SEC TEC
Tucumán;Cruz Alta;Escuela Agrotécnica  Soldado Cajal;Institución de ETP;Estatal;101;55;46;Agropecuaria;SEC TEC
Misiones;Apóstoles;Escuela Agrotécnica Nº 101 Salesiana Pascual Gentilini;Institución de ETP;Privado;107;89;18;Agropecuaria;SEC TEC
Buenos Aires;Coronel Pringles;"Escuela Agrotécnica Nº 1509 de Coronel Pringles 	";Institución de ETP;Privado;180;90;90;Agropecuaria;SEC TEC
Misiones;San Pedro;Escuela Agrotécnica Nº 1606 Instituto Agrotécnico Palabras del Alma;Institución de ETP;Privado;37;20;17;Agropecuaria;SEC TEC
Chubut;Cushamen;"Escuela Agrotécnica Nº 1728 ESETP N°1728 ""Valle de Cholila""";Institución de ETP;Privado;84;37;47;Agropecuaria;SEC TEC
Salta;Cerrillos;Escuela Agrotécnica Nº 3.150 Pacto de los Cerrillos;Institución de ETP;Estatal;159;92;67;Agropecuaria;SEC TEC
Salta;Cachi;"Escuela Agrotécnica Nº 3.151 De Payogasta	";Institución de ETP;Estatal;48;25;23;Agropecuaria;SEC TEC
Salta;General José de San Martín;Escuela Agrotécnica Nº 3.154 Roberto Romero;Institución de ETP;Estatal;102;49;53;Agropecuaria;SEC TEC
Salta;Guachipas;Escuela Agrotécnica Nº 3.158 Soberanía Nacional;Institución de ETP;Estatal;87;52;35;Agropecuaria;SEC TEC
Salta;Rivadavia;Escuela Agrotécnica Nº 3.160 ;Institución de ETP;Estatal;131;68;63;Agropecuaria;SEC TEC
Salta;Rivadavia;Escuela Agrotécnica Nº 3.160 Anexo Paraje Santa Rosa;Institución de ETP;Estatal;35;9;26;Agropecuaria;SEC TEC
Santa Fé;San Martín;Escuela Agrotécnica Nº 301 Mariano Moreno;Institución de ETP;Estatal;65;32;33;Agropecuaria;SEC TEC
La Rioja;Arauco;Escuela Agrotécnica Nº 305 Secundaria de Machigasta;Institución de ETP;Estatal;124;53;71;Agropecuaria;SEC TEC
Salta;General José de San Martín;"Escuela Agrotécnica Nº 3152 ""Juan Angel Strella""	";Institución de ETP;Estatal;73;43;30;Agropecuaria;SEC TEC-FP
Misiones;General Manuel Belgrano;Escuela Agrotécnica Nº 3601 San Antonio;Institución de ETP;Estatal;69;39;30;Agropecuaria;SEC TEC
San Juan;9 de Julio;Escuela Agrotécnica Nº 362 Prof. Ana Perez Ciani;Institución de ETP;Estatal;79;26;53;Agropecuaria;SEC TEC
Buenos Aires;Cañuelas;Escuela Agrotécnica Nº 4150 Salesiana Don Bosco;Institución de ETP;Privado;222;109;113;Agropecuaria;SEC TEC
Buenos Aires;General Arenales;Escuela Agrotécnica Nº 4205 Concepción Gutiérrez de Unzué;Institución de ETP;Privado;92;92;0;Agropecuaria;SEC TEC
Buenos Aires;Veinticinco de Mayo;"Escuela Agrotécnica Nº 4821 Salesiana Carlos M. Casares - DIPREGEP 	";Institución de ETP;Privado;131;61;70;Agropecuaria;SEC TEC
Buenos Aires;Chacabuco;"Escuela Agrotécnica Nº 5004 San Isidro Labrador	";Institución de ETP;Privado;84;53;31;Agropecuaria;SEC TEC
Chubut;Cushamen;Escuela Agrotécnica Nº 717 Escuela Agrotécnica 717;Institución de ETP;Estatal;156;84;72;Agropecuaria;SEC TEC
Chubut;Tehuelches;Escuela Agrotécnica Nº 719 Peñihué;Institución de ETP;Estatal;110;50;60;Agropecuaria;SEC TEC
Chubut;Sarmiento;Escuela Agrotécnica Nº 725 Juan XXIII;Institución de ETP;Estatal;196;91;105;Agropecuaria;SEC TEC
Chubut;Gaimán;Escuela Agrotécnica Nº 733 Benito Owen;Institución de ETP;Estatal;327;156;171;Agropecuaria;SEC TEC
Corrientes;Empedrado;Escuela Agrotécnica Nº S/N Escuela Agrotecnica Lomas de Empedrado;Institución de ETP;Estatal;53;31;22;Agropecuaria;SEC TEC
Formosa;Bermejo;Escuela Agrotécnica Provincial Nº 06 Wichi Lakho;Institución de ETP;Estatal;40;23;17;Agropecuaria;SEC TEC
Formosa;Pirané;Escuela Agrotécnica Provincial Nº 08 Sede;Institución de ETP;Estatal;41;23;18;Agropecuaria;SEC TEC
Formosa;Bermejo;Escuela Agrotécnica Provincial Nº 09 Sombrero Negro;Institución de ETP;Estatal;145;49;96;Agropecuaria;SEC TEC
Formosa;Pilcomayo;Escuela Agrotécnica Provincial Nº 1 Combate San Lorenzo;Institución de ETP;Estatal;89;53;36;Agropecuaria;SEC TEC
Formosa;Ramón Lista;Escuela Agrotécnica Provincial Nº 10 ;Institución de ETP;Estatal;38;16;22;Agropecuaria;SEC TEC
Formosa;Bermejo;Escuela Agrotécnica Provincial Nº 11 ;Institución de ETP;Estatal;177;89;88;Agropecuaria;SEC TEC
Formosa;Laishi;Escuela Agrotécnica Provincial Nº 2 Fray Buenaventura Giuliani;Institución de ETP;Estatal;76;36;40;Agropecuaria;SEC TEC
Formosa;Patiño;Escuela Agrotécnica Provincial Nº 3 ;Institución de ETP;Estatal;46;28;18;Agropecuaria;SEC TEC
Formosa;Pirané;Escuela Agrotécnica Provincial Nº 4 E.A.P.P.A. N°4 KM 210;Institución de ETP;Estatal;60;38;22;Agropecuaria;SEC TEC
Formosa;Pirané;Escuela Agrotécnica Provincial Nº 5 Colonia El Alba;Institución de ETP;Estatal;44;29;15;Agropecuaria;SEC TEC
Formosa;Pilagás;Escuela Agrotécnica Provincial Nº 7 ;Institución de ETP;Estatal;34;16;18;Agropecuaria;SEC TEC
Formosa;Pilagás;Escuela Agrotécnica Provincial Nº 7 Anexo 1-Colonia Laguna Gallo;Institución de ETP;Estatal;29;17;12;Agropecuaria;SEC TEC
Buenos Aires;Luján;Escuela Centro Educativo Rural  Nº 1 Centro Educativo Rural N°1;Institución de ETP;Privado;103;50;53;Agropecuaria;SEC TEC
Mendoza;General Alvear;Escuela de Agricultura  ;Institución de ETP;Estatal;273;106;167;Agropecuaria;SEC TEC
Santa Fé;Las Colonias;Escuela de Agricultura, Ganadería y Granja Nº 9 ;Institución de ETP;Estatal;201;112;89;Agropecuaria;SEC TEC
Córdoba;Río Cuarto;Escuela de Agronomía Nº 1240225 Río Cuarto;Institución de ETP;Privado;92;56;36;Agropecuaria;SEC TEC
Santa Cruz;Deseado;Escuela de Biología Marina y Laboratorista Nº 01 Atlántico Sur;Institución de ETP;Estatal;285;129;156;Agropecuaria;SEC TEC
San Juan;Capital;Escuela de Educación Agropecuaria  De Fruticultura y Enología de San Juan;Institución de ETP;Estatal;312;149;163;Agropecuaria;SEC TEC
La Rioja;General San Martín;Escuela de Educación Agropecuaria  General Manuel Belgrano;Institución de ETP;Estatal;71;36;35;Agropecuaria;SEC TEC
Buenos Aires;Campana;Escuela de Educación Agropecuaria Nº 02 INTA - Ing. Fernando Mujica;Institución de ETP;Estatal;55;29;26;Agropecuaria;SEC TEC
Buenos Aires;Almirante Brown;Escuela de Educación Agropecuaria Nº 1 ;Institución de ETP;Estatal;276;140;136;Agropecuaria;SEC TEC
Buenos Aires;General Paz;Escuela de Educación Agropecuaria Nº 1 ;Institución de ETP;Estatal;59;23;36;Agropecuaria;SEC TEC
Buenos Aires;Lobos;Escuela de Educación Agropecuaria Nº 1 ;Institución de ETP;Estatal;105;51;54;Agropecuaria;SEC TEC
Buenos Aires;Benito Juárez;Escuela de Educación Agropecuaria Nº 1 Benito Juárez - Anexo Estación López - 3011;Institución de ETP;Estatal;9;4;5;Agropecuaria;SEC TEC
Buenos Aires;Benito Juárez;Escuela de Educación Agropecuaria Nº 1 Benito Juárez - Anexo Tedin Uriburu - 3012;Institución de ETP;Estatal;3;1;2;Agropecuaria;SEC TEC
Buenos Aires;Marcos Paz;Escuela de Educación Agropecuaria Nº 1 Marcos Paz;Institución de ETP;Estatal;217;114;103;Agropecuaria;SEC TEC
Buenos Aires;Mar Chiquita;Escuela de Educación Agropecuaria Nº 1 Nicanor Ezeyza;Institución de ETP;Estatal;94;49;45;Agropecuaria;SEC TEC
Chaco;Doce de Octubre;"Escuela de Educación Agropecuaria Nº 11 ""Teolida Barrios de Llebeilli""";Institución de ETP;Estatal;186;91;95;Agropecuaria;SEC TEC
Buenos Aires;Tres Arroyos;Escuela de Educación Agropecuaria Nº 1962 DIEGEP - Tres Arroyos;Institución de ETP;Privado;104;67;37;Agropecuaria;SEC TEC
La Rioja;Famatina;Escuela de Educación Agropecuaria Nº 217 Wolf Schcolnik;Institución de ETP;Estatal;88;50;38;Agropecuaria;SEC TEC
Buenos Aires;Rauch;Escuela de Educación Agropecuaria Nº 2208 Eustoquio Díaz Vélez ;Institución de ETP;Privado;57;39;18;Agropecuaria;SEC TEC
Chaco;Chacabuco;Escuela de Educación Agropecuaria Nº 3 Maria Auxiliadora;Institución de ETP;Estatal;273;154;119;Agropecuaria;SEC TEC
Chaco;O´higgins;Escuela de Educación Agropecuaria Nº 38 ;Institución de ETP;Estatal;116;75;41;Agropecuaria;SEC TEC-FP
Chaco;Quitilipi;Escuela de Educación Agropecuaria Nº 41 San Isidro Labrador;Institución de ETP;Estatal;48;31;17;Agropecuaria;SEC TEC
Chaco;Almirante Brown;"Escuela de Educación Agropecuaria Nº 51 Presidenta Cristina Fernández de Kirchner	";Institución de ETP;Estatal;121;80;41;Agropecuaria;SEC TEC
Chaco;Dos de Abril;Escuela de Educación Agropecuaria Nº 54 Directora Andrea Tania Cubei;Institución de ETP;Estatal;47;30;17;Agropecuaria;SEC TEC
Chaco;General Güemes;Escuela de Educación Agropecuaria Nº 6 Localidad El Sauzalito;Institución de ETP;Estatal;64;37;27;Agropecuaria;SEC TEC
Chaco;Libertador General de San Martín;Escuela de Educación Agropecuaria Nº 8 Localidad General José de San Martín;Institución de ETP;Estatal;47;29;18;Agropecuaria;SEC TEC
Buenos Aires;Lomas de Zamora;Escuela de Educación Agropecuaria Nº 8301 Didascalio Santa Teresa del Niño Jesús;Institución de Otro Nivel y/o Modalidad;Privado;93;44;49;Agropecuaria;SEC TEC
Buenos Aires;Escobar;Escuela de Educación Agropecuaria Nº 8864 ARCANGEL GABRIEL;Institución de ETP;Privado;54;28;26;Agropecuaria;SEC TEC
Entre Ríos;Paraná;Escuela de Educación Agrotécnica (E.E.A.T.)  Las Delicias;Institución de ETP;Estatal;65;46;19;Agropecuaria;SEC TEC
Entre Ríos;Colón;Escuela de Educación Agrotécnica (E.E.A.T.) Nº 0000 Capitán General Justo José de Urquiza;Institución de ETP;Estatal;84;56;28;Agropecuaria;SEC TEC
Entre Ríos;Villaguay;Escuela de Educación Agrotécnica (E.E.A.T.) Nº 02 Justo José de Urquiza;Institución de ETP;Estatal;184;92;92;Agropecuaria;SEC TEC-FP
Entre Ríos;Islas del Ibicuy;Escuela de Educación Agrotécnica (E.E.A.T.) Nº 144 Mariano Echaguibel;Institución de ETP;Estatal;24;12;12;Agropecuaria;SEC TEC
Entre Ríos;Uruguay;Escuela de Educación Agrotécnica (E.E.A.T.) Nº 145 ;Institución de ETP;Estatal;116;64;52;Agropecuaria;SEC TEC
Entre Ríos;La Paz;Escuela de Educación Agrotécnica (E.E.A.T.) Nº 15 Manuel P. Antequeda;Institución de ETP;Estatal;70;44;26;Agropecuaria;SEC TEC
Entre Ríos;Federación;Escuela de Educación Agrotécnica (E.E.A.T.) Nº 150 ;Institución de ETP;Estatal;75;40;35;Agropecuaria;SEC TEC
Entre Ríos;La Paz;Escuela de Educación Agrotécnica (E.E.A.T.) Nº 151 Escuela de Enseñanza Agrotecnica N°151;Institución de ETP;Estatal;38;23;15;Agropecuaria;SEC TEC
Entre Ríos;Concordia;Escuela de Educación Agrotécnica (E.E.A.T.) Nº 152 Manuel María Calderón;Institución de ETP;Estatal;136;71;65;Agropecuaria;SEC TEC
Entre Ríos;Diamante;Escuela de Educación Agrotécnica (E.E.A.T.) Nº 153 Horacio Mann;Institución de ETP;Estatal;52;26;26;Agropecuaria;SEC TEC
Entre Ríos;San Salvador;Escuela de Educación Agrotécnica (E.E.A.T.) Nº 155 José Hernández;Institución de ETP;Estatal;84;30;54;Agropecuaria;SEC TEC
Entre Ríos;Federal;Escuela de Educación Agrotécnica (E.E.A.T.) Nº 2 Florencio Molina Campos;Institución de ETP;Estatal;198;96;102;Agropecuaria;SEC TEC
Entre Ríos;Nogoyá;Escuela de Educación Agrotécnica (E.E.A.T.) Nº 2 La Carola;Institución de ETP;Estatal;169;88;81;Agropecuaria;SEC TEC
Entre Ríos;Concordia;Escuela de Educación Agrotécnica (E.E.A.T.) Nº 24 General José de San Martín;Institución de ETP;Estatal;169;81;88;Agropecuaria;SEC TEC
Entre Ríos;Paraná;"Escuela de Educación Agrotécnica (E.E.A.T.) Nº 3 ""La Encierra""";Institución de ETP;Estatal;60;32;28;Agropecuaria;SEC TEC
Entre Ríos;Federación;Escuela de Educación Agrotécnica (E.E.A.T.) Nº 36 José Campodónico;Institución de ETP;Estatal;84;43;41;Agropecuaria;SEC TEC
Entre Ríos;Federación;Escuela de Educación Agrotécnica (E.E.A.T.) Nº 37 Antonio Galli;Institución de ETP;Estatal;57;27;30;Agropecuaria;SEC TEC
Entre Ríos;Paraná;Escuela de Educación Agrotécnica (E.E.A.T.) Nº 39 Localidad Villa Urquiza;Institución de ETP;Estatal;52;26;26;Agropecuaria;SEC TEC
Entre Ríos;Paraná;Escuela de Educación Agrotécnica (E.E.A.T.) Nº 40 Hipólito Yrigoyen;Institución de ETP;Estatal;34;20;14;Agropecuaria;SEC TEC
Entre Ríos;Nogoyá;Escuela de Educación Agrotécnica (E.E.A.T.) Nº 49 Crucero A.R.A. General Belgrano;Institución de ETP;Estatal;64;27;37;Agropecuaria;SEC TEC
Entre Ríos;Colón;Escuela de Educación Agrotécnica (E.E.A.T.) Nº 50 José Hernández;Institución de ETP;Estatal;28;14;14;Agropecuaria;SEC TEC
Entre Ríos;Tala;Escuela de Educación Agrotécnica (E.E.A.T.) Nº 51 Gobernador Maciá;Institución de ETP;Estatal;191;103;88;Agropecuaria;SEC TEC
Entre Ríos;San José de Feliciano;Escuela de Educación Agrotécnica (E.E.A.T.) Nº 52 Manuel Bernard;Institución de ETP;Estatal;264;116;148;Agropecuaria;SEC TEC
Entre Ríos;Paraná;Escuela de Educación Agrotécnica (E.E.A.T.) Nº 73 Alas Argentinas;Institución de ETP;Estatal;40;22;18;Agropecuaria;SEC TEC
Entre Ríos;Uruguay;Escuela de Educación Agrotécnica (E.E.A.T.) Nº 8 Carlos María Scelzi;Institución de ETP;Estatal;25;14;11;Agropecuaria;SEC TEC
Entre Ríos;Nogoyá;Escuela de Educación Agrotécnica (E.E.A.T.) Nº 83 Martín Fierro;Institución de ETP;Estatal;46;15;31;Agropecuaria;SEC TEC
Entre Ríos;Gualeguay;Escuela de Educación Agrotécnica (E.E.A.T.) Nº 9 Juan Bautista Ambrosetti;Institución de ETP;Estatal;108;54;54;Agropecuaria;SEC TEC
Entre Ríos;Uruguay;Escuela de Educación Agrotécnica (E.E.A.T.) Nº 95 Instituto Agrotécnico San José Obrero;Institución de ETP;Privado;72;36;36;Agropecuaria;SEC TEC
Entre Ríos;Federal;Escuela de Educación Agrotécnica (E.E.A.T.) Nº D-100 Divina Providencia;Institución de ETP;Privado;60;30;30;Agropecuaria;SEC TEC
Entre Ríos;Gualeguaychú;Escuela de Educación Agrotécnica (E.E.A.T.) Nº D-71 Instituto Agrotécnico Gualeguaychú;Institución de ETP;Privado;178;95;83;Agropecuaria;SEC TEC
Buenos Aires;Berazategui;Escuela de Educación Secundaria Agraria (E.E.S.A.) Nº 1 ;Institución de ETP;Estatal;200;110;90;Agropecuaria;SEC TEC
Buenos Aires;Campana;Escuela de Educación Secundaria Agraria (E.E.S.A.) Nº 1 ;Institución de ETP;Estatal;55;27;28;Agropecuaria;SEC TEC
Buenos Aires;Carmen de Areco;Escuela de Educación Secundaria Agraria (E.E.S.A.) Nº 1 ;Institución de ETP;Estatal;8;5;3;Agropecuaria;SEC TEC
Buenos Aires;Coronel Suárez;Escuela de Educación Secundaria Agraria (E.E.S.A.) Nº 1 ;Institución de ETP;Estatal;134;70;64;Agropecuaria;SEC TEC
Buenos Aires;Ezeiza;Escuela de Educación Secundaria Agraria (E.E.S.A.) Nº 1 ;Institución de ETP;Estatal;194;111;83;Agropecuaria;SEC TEC
Buenos Aires;General Juan Madariaga;Escuela de Educación Secundaria Agraria (E.E.S.A.) Nº 1 ;Institución de ETP;Estatal;166;70;96;Agropecuaria;SEC TEC
Buenos Aires;General La Madrid;Escuela de Educación Secundaria Agraria (E.E.S.A.) Nº 1 ;Institución de ETP;Estatal;32;18;14;Agropecuaria;SEC TEC-FP
Buenos Aires;General Viamonte;Escuela de Educación Secundaria Agraria (E.E.S.A.) Nº 1 ;Institución de ETP;Estatal;36;18;18;Agropecuaria;SEC TEC
Buenos Aires;Lincoln;Escuela de Educación Secundaria Agraria (E.E.S.A.) Nº 1 ;Institución de ETP;Estatal;40;29;11;Agropecuaria;SEC TEC
Buenos Aires;Navarro;Escuela de Educación Secundaria Agraria (E.E.S.A.) Nº 1 ;Institución de ETP;Estatal;71;37;34;Agropecuaria;SEC TEC
Buenos Aires;Necochea;Escuela de Educación Secundaria Agraria (E.E.S.A.) Nº 1 ;Institución de ETP;Estatal;94;46;48;Agropecuaria;SEC TEC
Buenos Aires;Olavarría;Escuela de Educación Secundaria Agraria (E.E.S.A.) Nº 1 ;Institución de ETP;Estatal;83;55;28;Agropecuaria;SEC TEC
Buenos Aires;Quilmes;Escuela de Educación Secundaria Agraria (E.E.S.A.) Nº 1 ;Institución de ETP;Estatal;251;98;153;Agropecuaria;SEC TEC
Buenos Aires;San Vicente;Escuela de Educación Secundaria Agraria (E.E.S.A.) Nº 1 ;Institución de ETP;Estatal;199;85;114;Agropecuaria;SEC TEC
Buenos Aires;Salto;"Escuela de Educación Secundaria Agraria (E.E.S.A.) Nº 1 2 de Abril de 1982	";Institución de ETP;Estatal;158;93;65;Agropecuaria;SEC TEC
Buenos Aires;Florentino Ameghino;Escuela de Educación Secundaria Agraria (E.E.S.A.) Nº 1 Ancalo;Institución de ETP;Estatal;45;34;11;Agropecuaria;SEC TEC
Buenos Aires;Tres Arroyos;Escuela de Educación Secundaria Agraria (E.E.S.A.) Nº 1 ARGENTINO DANES;Institución de ETP;Estatal;28;15;13;Agropecuaria;SEC TEC
Buenos Aires;General Alvarado;Escuela de Educación Secundaria Agraria (E.E.S.A.) Nº 1 Bernardo Yraizoz;Institución de ETP;Estatal;134;75;59;Agropecuaria;SEC TEC
Buenos Aires;Lobería;Escuela de Educación Secundaria Agraria (E.E.S.A.) Nº 1 Capitan de Fragata Pedro Edgardo Giacchino;Institución de ETP;Estatal;116;50;66;Agropecuaria;SEC TEC
Buenos Aires;Patagones;Escuela de Educación Secundaria Agraria (E.E.S.A.) Nº 1 Carlos Spegazzini;Institución de ETP;Estatal;93;64;29;Agropecuaria;SEC TEC
Buenos Aires;Zárate;Escuela de Educación Secundaria Agraria (E.E.S.A.) Nº 1 Carlos Von Benard;Institución de ETP;Estatal;130;73;57;Agropecuaria;SEC TEC
Buenos Aires;Benito Juárez;Escuela de Educación Secundaria Agraria (E.E.S.A.) Nº 1 Cayetano Zibecchi;Institución de ETP;Estatal;92;40;52;Agropecuaria;SEC TEC
Buenos Aires;Pehuajó;Escuela de Educación Secundaria Agraria (E.E.S.A.) Nº 1 Comunidad Cuartel II;Institución de ETP;Estatal;38;25;13;Agropecuaria;SEC TEC
Buenos Aires;Hipólito Yrigoyen;Escuela de Educación Secundaria Agraria (E.E.S.A.) Nº 1 Coraceros - Ing Emilio Withe;Institución de ETP;Estatal;19;12;7;Agropecuaria;SEC TEC
Buenos Aires;Coronel Dorrego;Escuela de Educación Secundaria Agraria (E.E.S.A.) Nº 1 Coronel Dorrego;Institución de ETP;Estatal;66;32;34;Agropecuaria;SEC TEC
Buenos Aires;Chascomús;Escuela de Educación Secundaria Agraria (E.E.S.A.) Nº 1 Crucero A.R.A. General Belgrano;Institución de ETP;Estatal;71;38;33;Agropecuaria;SEC TEC
Buenos Aires;Chascomús;Escuela de Educación Secundaria Agraria (E.E.S.A.) Nº 1 Crucero ARA General Belgrano Anexo;Institución de ETP;Estatal;3;2;1;Agropecuaria;SEC TEC
Buenos Aires;Adolfo Alsina;Escuela de Educación Secundaria Agraria (E.E.S.A.) Nº 1 Dr Bernardo de Irigoyen;Institución de ETP;Estatal;352;217;135;Agropecuaria;SEC TEC-FP
Buenos Aires;La Plata;Escuela de Educación Secundaria Agraria (E.E.S.A.) Nº 1 Dr. Alejandro Korn;Institución de ETP;Estatal;204;110;94;Agropecuaria;SEC TEC
Buenos Aires;Tandil;Escuela de Educación Secundaria Agraria (E.E.S.A.) Nº 1 Dr. Ramón Santamarina;Institución de ETP;Estatal;161;79;82;Agropecuaria;SEC TEC
Buenos Aires;Florencio Varela;Escuela de Educación Secundaria Agraria (E.E.S.A.) Nº 1 E.E.S.A. N°1;Institución de ETP;Estatal;171;84;87;Agropecuaria;SEC TEC
Buenos Aires;Villarino;Escuela de Educación Secundaria Agraria (E.E.S.A.) Nº 1 Edith Mabel Sartori;Institución de ETP;Estatal;94;47;47;Agropecuaria;SEC TEC-FP
Buenos Aires;Alberti;Escuela de Educación Secundaria Agraria (E.E.S.A.) Nº 1 Eduardo A. Clausz;Institución de ETP;Estatal;63;36;27;Agropecuaria;SEC TEC
Buenos Aires;Pellegrini;Escuela de Educación Secundaria Agraria (E.E.S.A.) Nº 1 ESTANCIA SANTA ELENA;Institución de ETP;Estatal;58;37;21;Agropecuaria;SEC TEC
Buenos Aires;Saavedra;Escuela de Educación Secundaria Agraria (E.E.S.A.) Nº 1 Ezequiel Martínez Estrada;Institución de ETP;Estatal;49;23;26;Agropecuaria;SEC TEC
Buenos Aires;Junín;Escuela de Educación Secundaria Agraria (E.E.S.A.) Nº 1 Florencio Molina Campos;Institución de ETP;Estatal;77;45;32;Agropecuaria;SEC TEC-FP
Buenos Aires;Tornquist;Escuela de Educación Secundaria Agraria (E.E.S.A.) Nº 1 Gato y Mancha;Institución de ETP;Estatal;30;18;12;Agropecuaria;SEC TEC-FP
Buenos Aires;Rivadavia;Escuela de Educación Secundaria Agraria (E.E.S.A.) Nº 1 General José de San Martín;Institución de ETP;Estatal;60;31;29;Agropecuaria;SEC TEC
Buenos Aires;Magdalena;Escuela de Educación Secundaria Agraria (E.E.S.A.) Nº 1 General Lucio Mansilla;Institución de ETP;Estatal;163;87;76;Agropecuaria;SEC TEC
Buenos Aires;General Alvear;Escuela de Educación Secundaria Agraria (E.E.S.A.) Nº 1 Haydée Vega de Rozzi;Institución de ETP;Estatal;71;32;39;Agropecuaria;SEC TEC
Buenos Aires;General Pinto;Escuela de Educación Secundaria Agraria (E.E.S.A.) Nº 1 Hijos de Jose de Perugini y Pascualina Morganti;Institución de ETP;Estatal;47;25;22;Agropecuaria;SEC TEC-FP
Buenos Aires;Saladillo;Escuela de Educación Secundaria Agraria (E.E.S.A.) Nº 1 Ing. Agr. Horacio Giberti;Institución de ETP;Estatal;73;37;36;Agropecuaria;SEC TEC-FP
Buenos Aires;Mercedes;Escuela de Educación Secundaria Agraria (E.E.S.A.) Nº 1 Ingeniero Agrónomo Hugo Miatello;Institución de ETP;Estatal;107;66;41;Agropecuaria;SEC TEC
Buenos Aires;Pergamino;Escuela de Educación Secundaria Agraria (E.E.S.A.) Nº 1 Ingeniero Arg. Lorenzo R. Parodi;Institución de ETP;Estatal;318;160;158;Agropecuaria;SEC TEC
Buenos Aires;Bolívar;Escuela de Educación Secundaria Agraria (E.E.S.A.) Nº 1 Ingeniero Tomás Amadeo;Institución de ETP;Estatal;93;48;45;Agropecuaria;SEC TEC
Buenos Aires;San Antonio de Areco;Escuela de Educación Secundaria Agraria (E.E.S.A.) Nº 1 La Vieja Estación;Institución de ETP;Estatal;36;17;19;Agropecuaria;SEC TEC
Buenos Aires;Hurlingham;Escuela de Educación Secundaria Agraria (E.E.S.A.) Nº 1 Madre Teresa de Calcuta;Institución de ETP;Estatal;248;132;116;Agropecuaria;SEC TEC
Buenos Aires;Trenque Lauquen;Escuela de Educación Secundaria Agraria (E.E.S.A.) Nº 1 Manuel Belgrano;Institución de ETP;Estatal;138;66;72;Agropecuaria;SEC TEC
Buenos Aires;Las Flores;Escuela de Educación Secundaria Agraria (E.E.S.A.) Nº 1 Maria Stella Ricciardi de Fiore;Institución de ETP;Estatal;75;45;30;Agropecuaria;SEC TEC
Buenos Aires;Arrecifes;Escuela de Educación Secundaria Agraria (E.E.S.A.) Nº 1 Martín Fierro;Institución de ETP;Estatal;205;101;104;Agropecuaria;SEC TEC
Buenos Aires;General Villegas;Escuela de Educación Secundaria Agraria (E.E.S.A.) Nº 1 Nelly Brown de Emerson;Institución de ETP;Estatal;72;46;26;Agropecuaria;SEC TEC
Buenos Aires;General Pueyrredón;Escuela de Educación Secundaria Agraria (E.E.S.A.) Nº 1 Nicolás Repetto;Institución de ETP;Estatal;99;65;34;Agropecuaria;SEC TEC
Buenos Aires;Dolores;Escuela de Educación Secundaria Agraria (E.E.S.A.) Nº 1 Osvaldo Magnasco;Institución de ETP;Estatal;93;51;42;Agropecuaria;SEC TEC
Buenos Aires;Coronel Rosales;Escuela de Educación Secundaria Agraria (E.E.S.A.) Nº 1 Pedro José Orozco;Institución de ETP;Estatal;117;63;54;Agropecuaria;SEC TEC
Buenos Aires;Ayacucho;Escuela de Educación Secundaria Agraria (E.E.S.A.) Nº 1 Perito Moreno;Institución de ETP;Estatal;112;39;73;Agropecuaria;SEC TEC
Buenos Aires;Laprida;Escuela de Educación Secundaria Agraria (E.E.S.A.) Nº 1 Soberanía Nacional;Institución de ETP;Estatal;48;22;26;Agropecuaria;SEC TEC
Buenos Aires;Berisso;Escuela de Educación Secundaria Agraria (E.E.S.A.) Nº 1 Tierra de Inmigrantes;Institución de ETP;Estatal;34;23;11;Agropecuaria;SEC TEC
Buenos Aires;Chivilcoy;Escuela de Educación Secundaria Agraria (E.E.S.A.) Nº 1 Valentín Coria;Institución de ETP;Estatal;53;34;19;Agropecuaria;SEC TEC
Buenos Aires;San Pedro;Escuela de Educación Secundaria Agraria (E.E.S.A.) Nº 1 Vuelta de Obligado;Institución de ETP;Estatal;210;121;89;Agropecuaria;SEC TEC
Buenos Aires;Lincoln;Escuela de Educación Secundaria Agraria (E.E.S.A.) Nº 2 ;Institución de ETP;Estatal;31;17;14;Agropecuaria;SEC TEC
Buenos Aires;Tres Arroyos;Escuela de Educación Secundaria Agraria (E.E.S.A.) Nº 2 ;Institución de ETP;Estatal;37;25;12;Agropecuaria;SEC TEC
Buenos Aires;General Alvarado;Escuela de Educación Secundaria Agraria (E.E.S.A.) Nº 2 Irene Martínez de Hoz de Campos;Institución de ETP;Estatal;323;174;149;Agropecuaria;SEC TEC
Buenos Aires;Balcarce;Escuela de Educación Secundaria Agraria (E.E.S.A.) Nº 4133 San José Balcarce - DIEGEP;Institución de ETP;Privado;102;47;55;Agropecuaria;SEC TEC
Buenos Aires;Pergamino;Escuela de Educación Secundaria Agraria (E.E.S.A.) Nº 4556 INSTITUTO MARIANO MORENO;Institución de ETP;Privado;44;23;21;Agropecuaria;SEC TEC
Buenos Aires;Leandro N. Alem;Escuela de Educación Secundaria Agraria (E.E.S.A.) Nº 4756 Dr. Héctor V. Noblía;Institución de ETP;Privado;129;60;69;Agropecuaria;SEC TEC
Buenos Aires;Azul;Escuela de Educación Secundaria Agraria (E.E.S.A.) Nº 8115 ;Institución de ETP;Estatal;70;31;39;Agropecuaria;SEC TEC
Santa Fé;Caseros;Escuela de Educación Secundaria Modalidad Técnico Profesional  ;Institución de ETP;Estatal;55;46;9;Servicios;SEC TEC-FP
Santa Fé;San Cristóbal;Escuela de Educación Secundaria Modalidad Técnico Profesional Nº 274 Soldados Argentinos;Institución de ETP;Estatal;84;64;20;Industrial;SEC TEC
Santa Fé;Constitución;Escuela de Educación Secundaria Modalidad Técnico Profesional Nº 275 Almirante Guillermo Brown;Institución de ETP;Estatal;119;68;51;Servicios;SEC TEC-FP
Santa Fé;San Justo;Escuela de Educación Secundaria Modalidad Técnico Profesional Nº 277 Fray Francisco Castañeda;Institución de ETP;Estatal;284;188;96;Industrial;SEC TEC-FP
Santa Fé;San Jerónimo;Escuela de Educación Secundaria Modalidad Técnico Profesional Nº 280 Corbeta Uruguay;Institución de ETP;Estatal;244;147;97;Industrial;SEC TEC
Santa Fé;General López;Escuela de Educación Secundaria Modalidad Técnico Profesional Nº 281 General Manuel Savio;Institución de ETP;Estatal;340;206;134;Industrial;SEC TEC
Santa Fé;Nueve de Julio;Escuela de Educación Secundaria Modalidad Técnico Profesional Nº 282 Regimiento Sexto de Caballería;Institución de ETP;Estatal;158;109;49;Industrial;SEC TEC
Santa Fé;Caseros;Escuela de Educación Secundaria Modalidad Técnico Profesional Nº 283 Doña Ramona Sastre de Casado;Institución de ETP;Estatal;86;55;31;Industrial;SEC TEC
Santa Fé;San Javier;Escuela de Educación Secundaria Modalidad Técnico Profesional Nº 284 Florián Paucke;Institución de ETP;Estatal;111;75;36;Industrial;SEC TEC
Santa Fé;Vera;Escuela de Educación Secundaria Modalidad Técnico Profesional Nº 285 Domingo Crespo;Institución de ETP;Estatal;133;95;38;Industrial;SEC TEC-FP
Santa Fé;General López;Escuela de Educación Secundaria Modalidad Técnico Profesional Nº 286 Geronimo Segundo Rufino;Institución de ETP;Estatal;229;179;50;Industrial;SEC TEC-FP
Santa Fé;General López;Escuela de Educación Secundaria Modalidad Técnico Profesional Nº 287 Jorge Newbery;Institución de ETP;Estatal;101;62;39;Industrial;SEC TEC
Santa Fé;Rosario;Escuela de Educación Secundaria Modalidad Técnico Profesional Nº 288 Dr. Osvaldo Magnasco;Institución de ETP;Estatal;152;133;19;Industrial;SEC TEC
Santa Fé;Belgrano;Escuela de Educación Secundaria Modalidad Técnico Profesional Nº 290 ;Institución de ETP;Estatal;196;135;61;Industrial;SEC TEC
Santa Fé;Belgrano;Escuela de Educación Secundaria Modalidad Técnico Profesional Nº 291 Teniente Coronel Fray Luis Beltrán;Institución de ETP;Estatal;103;86;17;Industrial;SEC TEC
Santa Fé;Castellanos;Escuela de Educación Secundaria Modalidad Técnico Profesional Nº 292 Teniente de Fragata Santiago Barattero;Institución de ETP;Estatal;174;127;47;Industrial;SEC TEC
Santa Fé;Rosario;Escuela de Educación Secundaria Modalidad Técnico Profesional Nº 294 Crucero General Belgrano;Institución de ETP;Estatal;54;30;24;Industrial;SEC TEC
Santa Fé;General Obligado;Escuela de Educación Secundaria Modalidad Técnico Profesional Nº 295 General Manuel Obligado;Institución de ETP;Estatal;118;59;59;Agropecuaria;SEC TEC
Santa Fé;Las Colonias;Escuela de Educación Secundaria Modalidad Técnico Profesional Nº 298 Don Miguel Manfredi;Institución de ETP;Estatal;228;122;106;Industrial;SEC TEC
Santa Fé;Las Colonias;Escuela de Educación Secundaria Modalidad Técnico Profesional Nº 299 Carlos Sylvestre Begnis;Institución de ETP;Estatal;99;54;45;Agropecuaria;SEC TEC
Santa Fé;Nueve de Julio;Escuela de Educación Secundaria Modalidad Técnico Profesional Nº 300 Colonia General Belgrano;Institución de ETP;Estatal;128;68;60;Agropecuaria;SEC TEC
Santa Fé;San Cristóbal;Escuela de Educación Secundaria Modalidad Técnico Profesional Nº 308 Malvinas Argentinas;Institución de ETP;Estatal;63;28;35;Agropecuaria;SEC TEC-FP
Santa Fé;San Javier;Escuela de Educación Secundaria Modalidad Técnico Profesional Nº 314 ;Institución de ETP;Estatal;73;52;21;Industrial;SEC TEC-FP
Santa Fé;General López;Escuela de Educación Secundaria Modalidad Técnico Profesional Nº 317 Dr. Carlos Sylvestre Begnis;Institución de ETP;Estatal;111;72;39;Industrial;SEC TEC
Santa Fé;La Capital;Escuela de Educación Secundaria Modalidad Técnico Profesional Nº 322 Obispo José María Gelabert;Institución de ETP;Estatal;473;311;162;Industrial;SEC TEC
Santa Fé;La Capital;Escuela de Educación Secundaria Modalidad Técnico Profesional Nº 324 Los Constituyentes;Institución de ETP;Estatal;247;148;99;Industrial;SEC TEC
Santa Fé;Caseros;Escuela de Educación Secundaria Modalidad Técnico Profesional Nº 327 Victor Aureliano Bigand;Institución de ETP;Estatal;152;85;67;Agropecuaria;SEC TEC
Santa Fé;General López;Escuela de Educación Secundaria Modalidad Técnico Profesional Nº 335 ;Institución de ETP;Estatal;90;45;45;Agropecuaria;SEC TEC
Santa Fé;San Justo;Escuela de Educación Secundaria Modalidad Técnico Profesional Nº 336 Mario César Videla;Institución de ETP;Estatal;183;95;88;Agropecuaria;SEC TEC
Santa Fé;San Cristóbal;Escuela de Educación Secundaria Modalidad Técnico Profesional Nº 339 Lanceros del Sauce;Institución de ETP;Estatal;103;53;50;Agropecuaria;SEC TEC-FP
Santa Fé;Rosario;Escuela de Educación Secundaria Modalidad Técnico Profesional Nº 342 Luis Pasteur;Institución de ETP;Estatal;192;128;64;Industrial;SEC TEC
Santa Fé;San Martín;Escuela de Educación Secundaria Modalidad Técnico Profesional Nº 343 General Martín Miguel de Güemes;Institución de ETP;Estatal;196;115;81;Industrial;SEC TEC
Santa Fé;San Justo;Escuela de Educación Secundaria Modalidad Técnico Profesional Nº 351 Carmen Allio de Martínez;Institución de ETP;Estatal;94;45;49;Agropecuaria;SEC TEC
Santa Fé;La Capital;Escuela de Educación Secundaria Modalidad Técnico Profesional Nº 355 José Scaldaferri;Institución de ETP;Estatal;136;76;60;Industrial;SEC TEC
Santa Fé;General López;Escuela de Educación Secundaria Modalidad Técnico Profesional Nº 358 Escuela de Educación Técnico Profesional N° 358;Institución de ETP;Estatal;78;44;34;Agropecuaria;SEC TEC
Santa Fé;General Obligado;Escuela de Educación Secundaria Modalidad Técnico Profesional Nº 363 Norma Aquino;Institución de ETP;Estatal;167;96;71;Industrial;SEC TEC
Santa Fé;Rosario;Escuela de Educación Secundaria Modalidad Técnico Profesional Nº 365 Presidente Juan Domingo Perón;Institución de ETP;Estatal;489;286;203;Industrial;SEC TEC
Santa Fé;Garay;Escuela de Educación Secundaria Modalidad Técnico Profesional Nº 370 ;Institución de ETP;Estatal;138;60;78;Servicios;SEC TEC
Santa Fé;Garay;Escuela de Educación Secundaria Modalidad Técnico Profesional Nº 377 Mercedes Mascías;Institución de ETP;Estatal;109;66;43;Agropecuaria;SEC TEC
Santa Fé;Castellanos;Escuela de Educación Secundaria Modalidad Técnico Profesional Nº 380 ;Institución de ETP;Estatal;52;35;17;Agropecuaria;SEC TEC
Santa Fé;San Lorenzo;Escuela de Educación Secundaria Modalidad Técnico Profesional Nº 383 Dr. Julio Isidro Maiztegui;Institución de ETP;Estatal;187;92;95;Agropecuaria;SEC TEC
Santa Fé;La Capital;Escuela de Educación Secundaria Modalidad Técnico Profesional Nº 387 San Agustín;Institución de ETP;Estatal;172;91;81;Industrial;SEC TEC
Santa Fé;Caseros;Escuela de Educación Secundaria Modalidad Técnico Profesional Nº 388 Dr. Julio Isidro Maiztegui;Institución de ETP;Estatal;130;75;55;Industrial;SEC TEC
Santa Fé;General Obligado;Escuela de Educación Secundaria Modalidad Técnico Profesional Nº 390 Emilio Lorenzo Masat;Institución de ETP;Estatal;47;28;19;Industrial;SEC TEC
Santa Fé;Rosario;Escuela de Educación Secundaria Modalidad Técnico Profesional Nº 392 Juramento de la Bandera;Institución de ETP;Estatal;195;116;79;Industrial;SEC TEC
Santa Fé;Rosario;Escuela de Educación Secundaria Modalidad Técnico Profesional Nº 393 5 de Agosto Ciudad de Rosario;Institución de ETP;Estatal;147;73;74;Servicios;SEC TEC
Santa Fé;Rosario;Escuela de Educación Secundaria Modalidad Técnico Profesional Nº 394 Dr. Francisco de Gurruchaga;Institución de ETP;Estatal;269;124;145;Industrial;SEC TEC
Santa Fé;La Capital;Escuela de Educación Secundaria Modalidad Técnico Profesional Nº 399 Gastón Gori;Institución de ETP;Estatal;299;169;130;Industrial;SEC TEC
Santa Fé;General López;Escuela de Educación Secundaria Modalidad Técnico Profesional Nº 402 Manuel Belgrano;Institución de ETP;Estatal;177;86;91;Servicios;SEC TEC
Santa Fé;Rosario;Escuela de Educación Secundaria Modalidad Técnico Profesional Nº 449 Pago de los Arroyos;Institución de ETP;Estatal;170;109;61;Industrial;SEC TEC
Santa Fé;Rosario;Escuela de Educación Secundaria Modalidad Técnico Profesional Nº 450 Ejército Argentino;Institución de ETP;Estatal;212;189;23;Industrial;SEC TEC
Santa Fé;General Obligado;Escuela de Educación Secundaria Modalidad Técnico Profesional Nº 451 DELKI SCARPIN;Institución de ETP;Estatal;318;239;79;Industrial;SEC TEC
Santa Fé;Iriondo;Escuela de Educación Secundaria Modalidad Técnico Profesional Nº 452 Dr. Santiago D' Onofrio;Institución de ETP;Estatal;159;130;29;Industrial;SEC TEC
Santa Fé;San Cristóbal;Escuela de Educación Secundaria Modalidad Técnico Profesional Nº 453 Estanislao López;Institución de ETP;Estatal;253;155;98;Industrial;SEC TEC-FP
Santa Fé;Constitución;Escuela de Educación Secundaria Modalidad Técnico Profesional Nº 454 Dr. Manuel Araujo;Institución de ETP;Estatal;152;130;22;Industrial;SEC TEC-FP
Santa Fé;Las Colonias;Escuela de Educación Secundaria Modalidad Técnico Profesional Nº 455 General Don José de San Martín;Institución de ETP;Estatal;782;465;317;Industrial;SEC TEC
Santa Fé;San Jerónimo;Escuela de Educación Secundaria Modalidad Técnico Profesional Nº 456 Hipólito Yrigoyen;Institución de ETP;Estatal;273;170;103;Industrial;SEC TEC
Santa Fé;Garay;Escuela de Educación Secundaria Modalidad Técnico Profesional Nº 457 Juan de Garay;Institución de ETP;Estatal;195;113;82;Industrial;SEC TEC-FP
Santa Fé;La Capital;Escuela de Educación Secundaria Modalidad Técnico Profesional Nº 458 Hernandarias de Saavedra;Institución de ETP;Estatal;245;148;97;Industrial;SEC TEC
Santa Fé;Castellanos;Escuela de Educación Secundaria Modalidad Técnico Profesional Nº 460 Guillermo Lehmann;Institución de ETP;Estatal;666;486;180;Industrial;SEC TEC-FP
Santa Fé;General Obligado;Escuela de Educación Secundaria Modalidad Técnico Profesional Nº 461 General José de San Martín;Institución de ETP;Estatal;448;260;188;Industrial;SEC TEC
Santa Fé;General Obligado;Escuela de Educación Secundaria Modalidad Técnico Profesional Nº 462 ;Institución de ETP;Estatal;278;126;152;Servicios;SEC TEC-FP
Santa Fé;Rosario;Escuela de Educación Secundaria Modalidad Técnico Profesional Nº 463 Gregoria Matorras de San Martín;Institución de ETP;Estatal;154;40;114;Servicios;SEC TEC-FP
Santa Fé;Rosario;Escuela de Educación Secundaria Modalidad Técnico Profesional Nº 464 Ingeniero y Dr. Manuel B. Bahía;Institución de ETP;Estatal;368;343;25;Industrial;SEC TEC-FP
Santa Fé;Rosario;Escuela de Educación Secundaria Modalidad Técnico Profesional Nº 465 General Manuel Belgrano;Institución de ETP;Estatal;302;260;42;Industrial;SEC TEC
Santa Fé;Rosario;Escuela de Educación Secundaria Modalidad Técnico Profesional Nº 466 Gral. Manuel Nicolas Savio;Institución de ETP;Estatal;546;445;101;Industrial;SEC TEC
Santa Fé;Rosario;"Escuela de Educación Secundaria Modalidad Técnico Profesional Nº 467 Ovidio Lagos	";Institución de ETP;Estatal;425;294;131;Industrial;SEC TEC-FP
Santa Fé;Rosario;Escuela de Educación Secundaria Modalidad Técnico Profesional Nº 468 Ingeniero Luis B. Laporte;Institución de ETP;Estatal;360;320;40;Industrial;SEC TEC-FP
Santa Fé;Rosario;Escuela de Educación Secundaria Modalidad Técnico Profesional Nº 469 Estanislao Zeballos;Institución de ETP;Estatal;265;152;113;Industrial;SEC TEC
Santa Fé;Rosario;Escuela de Educación Secundaria Modalidad Técnico Profesional Nº 471 Rodolfo Rivarola;Institución de ETP;Estatal;336;274;62;Industrial;SEC TEC
Santa Fé;Rosario;Escuela de Educación Secundaria Modalidad Técnico Profesional Nº 472 Crisol;Institución de ETP;Estatal;115;63;52;Industrial;SEC TEC
Santa Fé;Rosario;Escuela de Educación Secundaria Modalidad Técnico Profesional Nº 473 Juana Elena Blanco;Institución de ETP;Estatal;179;127;52;Industrial;SEC TEC
Santa Fé;San Cristóbal;Escuela de Educación Secundaria Modalidad Técnico Profesional Nº 474 Tambor de Tacuarí;Institución de ETP;Estatal;278;164;114;Industrial;SEC TEC-FP
Santa Fé;San Martín;Escuela de Educación Secundaria Modalidad Técnico Profesional Nº 475 Ingeniero Francisco González Zimmermann;Institución de ETP;Estatal;213;156;57;Industrial;SEC TEC
Santa Fé;Caseros;Escuela de Educación Secundaria Modalidad Técnico Profesional Nº 476 Miguel Castellanos;Institución de ETP;Estatal;172;102;70;Industrial;SEC TEC
Santa Fé;San Lorenzo;Escuela de Educación Secundaria Modalidad Técnico Profesional Nº 477 Combate de San Lorenzo;Institución de ETP;Estatal;542;452;90;Industrial;SEC TEC
Santa Fé;La Capital;Escuela de Educación Secundaria Modalidad Técnico Profesional Nº 478 Dr. Nicolás Avellaneda;Institución de ETP;Estatal;517;410;107;Industrial;SEC TEC
Santa Fé;La Capital;Escuela de Educación Secundaria Modalidad Técnico Profesional Nº 479 Dr. Manuel D. Pizzarro;Institución de ETP;Estatal;273;195;78;Industrial;SEC TEC
Santa Fé;La Capital;Escuela de Educación Secundaria Modalidad Técnico Profesional Nº 480 Manuel Belgrano;Institución de ETP;Estatal;386;341;45;Industrial;SEC TEC
Santa Fé;La Capital;Escuela de Educación Secundaria Modalidad Técnico Profesional Nº 481 Esteban Echeverría;Institución de ETP;Estatal;256;132;124;Servicios;SEC TEC-FP
Santa Fé;Iriondo;Escuela de Educación Secundaria Modalidad Técnico Profesional Nº 482 República Argentina;Institución de ETP;Estatal;125;105;20;Industrial;SEC TEC
Santa Fé;General López;Escuela de Educación Secundaria Modalidad Técnico Profesional Nº 483 El Industrial;Institución de ETP;Estatal;216;166;50;Industrial;SEC TEC
Santa Fé;General López;Escuela de Educación Secundaria Modalidad Técnico Profesional Nº 484 Prefectura Naval Argentina;Institución de ETP;Estatal;154;101;53;Industrial;SEC TEC
Santa Fé;San Lorenzo;Escuela de Educación Secundaria Modalidad Técnico Profesional Nº 486 Francisco Netri;Institución de ETP;Estatal;218;100;118;Agropecuaria;SEC TEC
Santa Fé;General Obligado;Escuela de Educación Secundaria Modalidad Técnico Profesional Nº 487 CARLOS ALFREDO SPONTON;Institución de ETP;Estatal;64;42;22;Agropecuaria;SEC TEC
Santa Fé;San Cristóbal;"Escuela de Educación Secundaria Modalidad Técnico Profesional Nº 491 Fuerte Nuestra Señora de la Soledad	";Institución de ETP;Estatal;50;26;24;Industrial;SEC TEC
Santa Fé;San Cristóbal;Escuela de Educación Secundaria Modalidad Técnico Profesional Nº 492 ;Institución de ETP;Estatal;106;61;45;Industrial;SEC TEC
Santa Fé;Castellanos;Escuela de Educación Secundaria Modalidad Técnico Profesional Nº 495 Malvinas Argentinas;Institución de ETP;Estatal;263;170;93;Servicios;SEC TEC
Santa Fé;San Cristóbal;Escuela de Educación Secundaria Modalidad Técnico Profesional Nº 500 ;Institución de ETP;Estatal;62;31;31;Industrial;SEC TEC
Santa Fé;La Capital;Escuela de Educación Secundaria Modalidad Técnico Profesional Nº 508 Dra. Cecilia Grierson;Institución de ETP;Estatal;105;64;41;Industrial;SEC TEC
Santa Fé;La Capital;Escuela de Educación Secundaria Modalidad Técnico Profesional Nº 527 Bicentenario de la Patria;Institución de ETP;Estatal;185;99;86;Industrial;SEC TEC
Santa Fé;Rosario;Escuela de Educación Secundaria Modalidad Técnico Profesional Nº 547 Héroes de Malvinas;Institución de ETP;Estatal;262;172;90;Industrial;SEC TEC
Santa Fé;Rosario;Escuela de Educación Secundaria Modalidad Técnico Profesional Nº 550 Manuel Sadosky;Institución de ETP;Estatal;194;121;73;Industrial;SEC TEC
Santa Fé;Castellanos;Escuela de Educación Secundaria Modalidad Técnico Profesional Nº 565 ;Institución de ETP;Estatal;88;63;25;Industrial;SEC TEC
Santa Fé;La Capital;Escuela de Educación Secundaria Modalidad Técnico Profesional Nº 601 Leandro N. Alem;Institución de ETP;Estatal;78;38;40;Servicios;SEC TEC-FP
Santa Fé;General López;Escuela de Educación Secundaria Modalidad Técnico Profesional Nº 602 General José de San Martín;Institución de ETP;Estatal;164;104;60;Industrial;SEC TEC
Santa Fé;San Jerónimo;Escuela de Educación Secundaria Modalidad Técnico Profesional Nº 612 Eudocio de los Santos Giménez;Institución de ETP;Estatal;326;178;148;Industrial;SEC TEC
Santa Fé;La Capital;Escuela de Educación Secundaria Modalidad Técnico Profesional Nº 614 Prof. Enrique Jose Muzzio;Institución de ETP;Estatal;317;192;125;Industrial;SEC TEC-FP
Santa Fé;General Obligado;Escuela de Educación Secundaria Modalidad Técnico Profesional Nº 619 Pbtro. Luís A. Spontón;Institución de ETP;Estatal;178;135;43;Industrial;SEC TEC-FP
Santa Fé;Rosario;Escuela de Educación Secundaria Modalidad Técnico Profesional Nº 625 Carlos Guido y Spano;Institución de ETP;Estatal;302;131;171;Servicios;SEC TEC
Santa Fé;Rosario;Escuela de Educación Secundaria Modalidad Técnico Profesional Nº 628 Servando Bayo;Institución de ETP;Estatal;165;112;53;Servicios;SEC TEC-FP
Santa Fé;Las Colonias;Escuela de Educación Secundaria Modalidad Técnico Profesional Nº 631 Benjamín de Gorostiaga;Institución de ETP;Estatal;228;152;76;Industrial;SEC TEC
Santa Fé;La Capital;Escuela de Educación Secundaria Modalidad Técnico Profesional Nº 633 Centenario de Bolivia;Institución de ETP;Estatal;251;132;119;Industrial;SEC TEC
Santa Fé;General Obligado;Escuela de Educación Secundaria Modalidad Técnico Profesional Nº 634 Yapeyú;Institución de ETP;Estatal;135;86;49;Industrial;SEC TEC
Santa Fé;Rosario;Escuela de Educación Secundaria Modalidad Técnico Profesional Nº 638 Margarita Mazza de Carlés;Institución de ETP;Estatal;93;32;61;Servicios;SEC TEC
Santa Fé;Vera;Escuela de Educación Secundaria Modalidad Técnico Profesional Nº 642 Mercedes San Martín de Balcarce;Institución de ETP;Estatal;197;128;69;Industrial;SEC TEC-FP
Santa Fé;San Lorenzo;Escuela de Educación Secundaria Modalidad Técnico Profesional Nº 643 Granaderos de San Lorenzo;Institución de ETP;Estatal;304;220;84;Industrial;SEC TEC
Santa Fé;Las Colonias;Escuela de Educación Secundaria Modalidad Técnico Profesional Nº 644 Gregoria Matorras;Institución de ETP;Estatal;131;88;43;Industrial;SEC TEC-FP
Santa Fé;La Capital;Escuela de Educación Secundaria Modalidad Técnico Profesional Nº 645 Coronel de Marina Martín Jacobo Thompson;Institución de ETP;Estatal;62;34;28;Agropecuaria;SEC TEC-FP
Santa Fé;La Capital;Escuela de Educación Secundaria Modalidad Técnico Profesional Nº 647 Dr. Pedro Lucas Funes;Institución de ETP;Estatal;117;68;49;Industrial;SEC TEC
Santa Fé;Rosario;Escuela de Educación Secundaria Modalidad Técnico Profesional Nº 650 General José de San Martín;Institución de ETP;Estatal;130;85;45;Industrial;SEC TEC-FP
Santa Fé;La Capital;Escuela de Educación Secundaria Modalidad Técnico Profesional Nº 651 Remedios de Escalada de San Martín;Institución de ETP;Estatal;94;53;41;Industrial;SEC TEC-FP
Santa Fé;Castellanos;Escuela de Educación Secundaria Modalidad Técnico Profesional Nº 654 Dr. Nicolás Avellaneda;Institución de ETP;Estatal;227;128;99;Industrial;SEC TEC
Santa Fé;La Capital;Escuela de Educación Secundaria Modalidad Técnico Profesional Nº 655 Paula Albarracín de Sarmiento;Institución de ETP;Estatal;124;74;50;Servicios;SEC TEC
Santa Fé;La Capital;Escuela de Educación Secundaria Modalidad Técnico Profesional Nº 658 María Sánchez de Thompson;Institución de ETP;Estatal;111;46;65;Servicios;SEC TEC
Santa Fé;Rosario;Escuela de Educación Secundaria Modalidad Técnico Profesional Nº 660 Laureana Ferrari de Olazábal;Institución de ETP;Estatal;148;72;76;Servicios;SEC TEC
Santa Fé;General Obligado;Escuela de Educación Secundaria Modalidad Técnico Profesional Nº 662 Juan Bautista Cabral;Institución de ETP;Estatal;127;93;34;Industrial;SEC TEC
Santa Fé;Constitución;Escuela de Educación Secundaria Modalidad Técnico Profesional Nº 669 General José de San Martín;Institución de ETP;Estatal;365;225;140;Industrial;SEC TEC
Santa Fé;San Jerónimo;Escuela de Educación Secundaria Modalidad Técnico Profesional Nº 670 General Antonio González Balcarce;Institución de ETP;Estatal;44;30;14;Servicios;SEC TEC-FP
Santa Fé;San Lorenzo;Escuela de Educación Secundaria Modalidad Técnico Profesional Nº 672 Remedios de Escalada de San Martín;Institución de ETP;Estatal;396;180;216;Industrial;SEC TEC
Santa Fé;San Jerónimo;Escuela de Educación Secundaria Modalidad Técnico Profesional Nº 674 Francisca Silveyra de Ibarrola;Institución de ETP;Estatal;41;19;22;Servicios;SEC TEC-FP
Santa Fé;Las Colonias;"Escuela de Educación Secundaria Modalidad Técnico Profesional Nº 681 ""Mercedes Álvarez de Segura""";Institución de ETP;Estatal;129;82;47;Industrial;SEC TEC
Santa Fé;Rosario;Escuela de Educación Secundaria Modalidad Técnico Profesional Nº 683 General Dr. Pascual Echagüe;Institución de ETP;Estatal;156;83;73;Servicios;SEC TEC
Santa Fé;Rosario;Escuela de Educación Secundaria Modalidad Técnico Profesional Nº 685 Nuestra Señora de Luján;Institución de ETP;Estatal;169;61;108;Servicios;SEC TEC-FP
Santa Fé;San Justo;Escuela de Educación Secundaria Modalidad Técnico Profesional Nº 687 República de Venezuela;Institución de ETP;Estatal;146;99;47;Industrial;SEC TEC
Santa Fé;La Capital;Escuela de Educación Secundaria Modalidad Técnico Profesional Nº 690 Lucía Aráoz;Institución de ETP;Estatal;140;86;54;Agropecuaria;SEC TEC
Santa Fé;La Capital;Escuela de Educación Secundaria Modalidad Técnico Profesional Nº 691 Laureana de Olazábal;Institución de ETP;Estatal;107;55;52;Agropecuaria;SEC TEC
Santa Fé;Iriondo;Escuela de Educación Secundaria Modalidad Técnico Profesional Nº 692 Paula Albarracín;Institución de ETP;Estatal;65;26;39;Servicios;SEC TEC-FP
Santa Fé;General López;Escuela de Educación Secundaria Modalidad Técnico Profesional Nº 711 ;Institución de ETP;Estatal;15;7;8;Agropecuaria;SEC TEC
Santa Fé;San Lorenzo;Escuela de Educación Secundaria Modalidad Técnico Profesional Nº 712 E.E.T.P. Nº 712;Institución de ETP;Estatal;144;103;41;Industrial;SEC TEC
Santa Fé;Iriondo;Escuela de Educación Secundaria Modalidad Técnico Profesional Nº 716 Dr. Rene Favaloro;Institución de ETP;Estatal;43;16;27;Servicios;SEC TEC
Santa Fé;Rosario;Escuela de Educación Secundaria Modalidad Técnico Profesional Particular Incorporada Nº 2043 San José;Institución de ETP;Privado;206;206;0;Industrial;SEC TEC
Santa Fé;La Capital;Escuela de Educación Secundaria Modalidad Técnico Profesional Particular Incorporada Nº 8122 Nuestra Señora de Lourdes;Institución de ETP;Privado;292;149;143;Industrial;SEC TEC
Santa Fé;Caseros;Escuela de Educación Secundaria Modalidad Técnico Profesional Particular Incorporada Nº 8163 San José;Institución de ETP;Privado;119;73;46;Industrial;SEC TEC
Santa Fé;Constitución;Escuela de Educación Secundaria Modalidad Técnico Profesional Particular Incorporada Nº 8216 Centro de Formación Rural Alfredo E. Rueda;Institución de ETP;Privado;49;49;0;Agropecuaria;SEC TEC-FP
Santa Fé;General López;"Escuela de Educación Secundaria Modalidad Técnico Profesional Particular Incorporada Nº 8218 Centro de Formación Rural ""El Chañar""";Institución de ETP;Privado;51;51;0;Agropecuaria;SEC TEC
Santa Fé;Caseros;Escuela de Educación Secundaria Modalidad Técnico Profesional Particular Incorporada Nº 8236 ;Institución de ETP;Privado;32;32;0;Agropecuaria;SEC TEC
Buenos Aires;Moreno;Escuela de Educación Secundaria Técnica (E.E.S.T.)  Escuela Secundaria Politécnica de la Universidad Nacional de Moreno;Institución de Otro Nivel y/o Modalidad;Estatal;89;53;36;Servicios;SEC TEC
Buenos Aires;Avellaneda;Escuela de Educación Secundaria Técnica (E.E.S.T.)  Escuela Secundaria Técnica - UNDAV;Institución de ETP;Estatal;70;45;25;Industrial;SEC TEC
Buenos Aires;Malvinas Argentinas;"Escuela de Educación Secundaria Técnica (E.E.S.T.)  Universidad Nacional de General Sarmiento	";Institución de Otro Nivel y/o Modalidad;Estatal;92;68;24;Industrial;SEC TEC
Buenos Aires;Suipacha;Escuela de Educación Secundaria Técnica (E.E.S.T.) Nº 001 ;Institución de ETP;Estatal;67;48;19;Industrial;SEC TEC
Buenos Aires;Berazategui;Escuela de Educación Secundaria Técnica (E.E.S.T.) Nº 01 ;Institución de ETP;Estatal;397;298;99;Industrial;SEC TEC
Buenos Aires;Carlos Casares;Escuela de Educación Secundaria Técnica (E.E.S.T.) Nº 01 ;Institución de ETP;Estatal;127;93;34;Industrial;SEC TEC
Buenos Aires;Chacabuco;Escuela de Educación Secundaria Técnica (E.E.S.T.) Nº 01 ;Institución de ETP;Estatal;306;237;69;Industrial;SEC TEC
Buenos Aires;Coronel Pringles;Escuela de Educación Secundaria Técnica (E.E.S.T.) Nº 01 ;Institución de ETP;Estatal;279;158;121;Industrial;SEC TEC
Buenos Aires;Ezeiza;Escuela de Educación Secundaria Técnica (E.E.S.T.) Nº 01 ;Institución de ETP;Estatal;637;463;174;Industrial;SEC TEC
Buenos Aires;General Alvear;Escuela de Educación Secundaria Técnica (E.E.S.T.) Nº 01 ;Institución de ETP;Estatal;70;47;23;Industrial;SEC TEC
Buenos Aires;General Villegas;Escuela de Educación Secundaria Técnica (E.E.S.T.) Nº 01 ;Institución de ETP;Estatal;170;116;54;Industrial;SEC TEC
Buenos Aires;Guaminí;Escuela de Educación Secundaria Técnica (E.E.S.T.) Nº 01 ;Institución de ETP;Estatal;30;28;2;Industrial;SEC TEC
Buenos Aires;Lezama;Escuela de Educación Secundaria Técnica (E.E.S.T.) Nº 01 ;Institución de ETP;Estatal;363;269;94;Industrial;SEC TEC
Buenos Aires;San Fernando;Escuela de Educación Secundaria Técnica (E.E.S.T.) Nº 01 Alférez José Sobral;Institución de ETP;Estatal;120;56;64;Industrial;SEC TEC
Buenos Aires;Alberti;Escuela de Educación Secundaria Técnica (E.E.S.T.) Nº 01 Almirante Guillermo Brown;Institución de ETP;Estatal;93;77;16;Industrial;SEC TEC
Buenos Aires;Coronel Dorrego;Escuela de Educación Secundaria Técnica (E.E.S.T.) Nº 01 Almirante Guillermo Brown;Institución de ETP;Estatal;148;93;55;Industrial;SEC TEC
Buenos Aires;Ensenada;Escuela de Educación Secundaria Técnica (E.E.S.T.) Nº 01 Almirante Guillermo Brown;Institución de ETP;Estatal;475;299;176;Industrial;SEC TEC
Buenos Aires;Zárate;Escuela de Educación Secundaria Técnica (E.E.S.T.) Nº 01 Almirante Guillermo Brown;Institución de ETP;Estatal;948;570;378;Industrial;SEC TEC
Buenos Aires;Coronel Rosales;Escuela de Educación Secundaria Técnica (E.E.S.T.) Nº 01 Almirante Ramón González Fernández;Institución de ETP;Estatal;492;322;170;Industrial;SEC TEC
Buenos Aires;Puán;Escuela de Educación Secundaria Técnica (E.E.S.T.) Nº 01 Angela Almeyra;Institución de ETP;Estatal;98;58;40;Industrial;SEC TEC
Buenos Aires;Junín;Escuela de Educación Secundaria Técnica (E.E.S.T.) Nº 01 Antonio Bermejo;Institución de ETP;Estatal;261;232;29;Industrial;SEC TEC
Buenos Aires;La Matanza;Escuela de Educación Secundaria Técnica (E.E.S.T.) Nº 01 Armada Argentina;Institución de ETP;Estatal;451;337;114;Industrial;SEC TEC
Buenos Aires;Punta Indio;Escuela de Educación Secundaria Técnica (E.E.S.T.) Nº 01 Arsenal Aeronaval N°1 Punta Indio;Institución de ETP;Estatal;101;67;34;Industrial;SEC TEC
Buenos Aires;Pergamino;Escuela de Educación Secundaria Técnica (E.E.S.T.) Nº 01 Bartolomé Mitre;Institución de ETP;Estatal;653;485;168;Industrial;SEC TEC
Buenos Aires;Baradero;Escuela de Educación Secundaria Técnica (E.E.S.T.) Nº 01 Batalla de la Vuelta de Obligado;Institución de ETP;Estatal;355;231;124;Industrial;SEC TEC
Buenos Aires;Presidente Perón;Escuela de Educación Secundaria Técnica (E.E.S.T.) Nº 01 Bernardino Rivadavia;Institución de ETP;Estatal;611;398;213;Industrial;SEC TEC
Buenos Aires;Ramallo;Escuela de Educación Secundaria Técnica (E.E.S.T.) Nº 01 Bonifacio Velazquez;Institución de ETP;Estatal;436;257;179;Industrial;SEC TEC
Buenos Aires;Trenque Lauquen;Escuela de Educación Secundaria Técnica (E.E.S.T.) Nº 01 Campañas al Desierto;Institución de ETP;Estatal;163;121;42;Industrial;SEC TEC
Buenos Aires;Escobar;Escuela de Educación Secundaria Técnica (E.E.S.T.) Nº 01 Capitán de Navío Hipólito Bouchard;Institución de ETP;Estatal;1207;845;362;Industrial;SEC TEC
Buenos Aires;Daireaux;Escuela de Educación Secundaria Técnica (E.E.S.T.) Nº 01 Ceferino Namuncurá;Institución de ETP;Estatal;187;107;80;Industrial;SEC TEC
Buenos Aires;Florencio Varela;Escuela de Educación Secundaria Técnica (E.E.S.T.) Nº 01 Cnel. de Marina J. L. Piedra Buena;Institución de ETP;Estatal;682;478;204;Industrial;SEC TEC
Buenos Aires;General Pueyrredón;Escuela de Educación Secundaria Técnica (E.E.S.T.) Nº 01 Comandate Luis Piedra Buena;Institución de ETP;Estatal;301;225;76;Industrial;SEC TEC
Buenos Aires;José C. Paz;Escuela de Educación Secundaria Técnica (E.E.S.T.) Nº 01 Comunidad de José C. Paz;Institución de ETP;Estatal;635;476;159;Industrial;SEC TEC
Buenos Aires;General Las Heras;Escuela de Educación Secundaria Técnica (E.E.S.T.) Nº 01 Corbeta Uruguay;Institución de ETP;Estatal;260;168;92;Industrial;SEC TEC
Buenos Aires;Cañuelas;Escuela de Educación Secundaria Técnica (E.E.S.T.) Nº 01 Coronel Manuel Dorrego;Institución de ETP;Estatal;509;351;158;Industrial;SEC TEC
Buenos Aires;Azul;Escuela de Educación Secundaria Técnica (E.E.S.T.) Nº 01 Coronel Pedro Burgos;Institución de ETP;Estatal;103;48;55;Industrial;SEC TEC
Buenos Aires;Bahía Blanca;Escuela de Educación Secundaria Técnica (E.E.S.T.) Nº 01 Crucero A.R.A. General Belgrano;Institución de ETP;Estatal;575;377;198;Industrial;SEC TEC
Buenos Aires;Pinamar;Escuela de Educación Secundaria Técnica (E.E.S.T.) Nº 01 Crucero General Belgrano;Institución de ETP;Estatal;467;280;187;Industrial;SEC TEC
Buenos Aires;Dolores;Escuela de Educación Secundaria Técnica (E.E.S.T.) Nº 01 Delfor del Valle;Institución de ETP;Estatal;117;90;27;Industrial;SEC TEC
Buenos Aires;Bragado;Escuela de Educación Secundaria Técnica (E.E.S.T.) Nº 01 Doctor Pedro R Núñez;Institución de ETP;Estatal;296;252;44;Industrial;SEC TEC
Buenos Aires;Rojas;Escuela de Educación Secundaria Técnica (E.E.S.T.) Nº 01 Don Luis Bussalleu;Institución de ETP;Estatal;195;134;61;Industrial;SEC TEC
Buenos Aires;Leandro N. Alem;Escuela de Educación Secundaria Técnica (E.E.S.T.) Nº 01 Dr. Bernardo Alberto Houssay;Institución de ETP;Estatal;107;61;46;Industrial;SEC TEC
Buenos Aires;Morón;Escuela de Educación Secundaria Técnica (E.E.S.T.) Nº 01 Dr. Dalmacio Vélez Sarsfield;Institución de ETP;Estatal;305;230;75;Industrial;SEC TEC
Buenos Aires;Roque Pérez;Escuela de Educación Secundaria Técnica (E.E.S.T.) Nº 01 Dr. Rene Favaloro;Institución de ETP;Estatal;154;100;54;Industrial;SEC TEC
Buenos Aires;Olavarría;Escuela de Educación Secundaria Técnica (E.E.S.T.) Nº 01 Dr. René Favaloro;Institución de ETP;Estatal;86;60;26;Industrial;SEC TEC
Buenos Aires;Vicente López;Escuela de Educación Secundaria Técnica (E.E.S.T.) Nº 01 Eduardo Ader;Institución de ETP;Estatal;294;249;45;Industrial;SEC TEC
Buenos Aires;Luján;Escuela de Educación Secundaria Técnica (E.E.S.T.) Nº 01 Eduardo Guillermo Oliver;Institución de ETP;Estatal;665;453;212;Industrial;SEC TEC
Buenos Aires;General Viamonte;Escuela de Educación Secundaria Técnica (E.E.S.T.) Nº 01 Ejército Argentino;Institución de ETP;Estatal;166;115;51;Industrial;SEC TEC
Buenos Aires;San Antonio de Areco;Escuela de Educación Secundaria Técnica (E.E.S.T.) Nº 01 Enrique M. G. de Laplacette y Margarita S. de Laplacette;Institución de ETP;Estatal;206;133;73;Industrial;SEC TEC
Buenos Aires;San Isidro;Escuela de Educación Secundaria Técnica (E.E.S.T.) Nº 01 Escuela de Educacion Secundaria Tecnica Nº1 de San Isidro;Institución de ETP;Estatal;197;121;76;Industrial;SEC TEC
Buenos Aires;Colón;Escuela de Educación Secundaria Técnica (E.E.S.T.) Nº 01 Fortín de las Mercedes;Institución de ETP;Estatal;220;116;104;Industrial;SEC TEC
Buenos Aires;Arrecifes;Escuela de Educación Secundaria Técnica (E.E.S.T.) Nº 01 Fray Luis Beltrán;Institución de ETP;Estatal;176;100;76;Industrial;SEC TEC
Buenos Aires;General Pinto;Escuela de Educación Secundaria Técnica (E.E.S.T.) Nº 01 Fray Luis Beltrán;Institución de ETP;Estatal;74;63;11;Industrial;SEC TEC
Buenos Aires;Salliqueló;Escuela de Educación Secundaria Técnica (E.E.S.T.) Nº 01 Fray Luis Beltrán;Institución de ETP;Estatal;156;75;81;Industrial;SEC TEC
Buenos Aires;Lobos;Escuela de Educación Secundaria Técnica (E.E.S.T.) Nº 01 General Enrique Mosconi;Institución de ETP;Estatal;246;178;68;Industrial;SEC TEC
Buenos Aires;Lomas de Zamora;Escuela de Educación Secundaria Técnica (E.E.S.T.) Nº 01 General José de San Martín;Institución de ETP;Estatal;473;398;75;Industrial;SEC TEC
Buenos Aires;Tres Arroyos;Escuela de Educación Secundaria Técnica (E.E.S.T.) Nº 01 General José de San Martín;Institución de ETP;Estatal;367;260;107;Industrial;SEC TEC
Buenos Aires;Las Flores;Escuela de Educación Secundaria Técnica (E.E.S.T.) Nº 01 General Manuel Belgrano;Institución de ETP;Estatal;159;131;28;Industrial;SEC TEC
Buenos Aires;Moreno;Escuela de Educación Secundaria Técnica (E.E.S.T.) Nº 01 General Manuel Nicolás Savio;Institución de ETP;Estatal;899;623;276;Industrial;SEC TEC
Buenos Aires;Tigre;Escuela de Educación Secundaria Técnica (E.E.S.T.) Nº 01 General Manuel Nicolás Savio;Institución de ETP;Estatal;811;576;235;Industrial;SEC TEC
Buenos Aires;Navarro;Escuela de Educación Secundaria Técnica (E.E.S.T.) Nº 01 General Manuel Savio;Institución de ETP;Estatal;289;193;96;Industrial;SEC TEC
Buenos Aires;Saladillo;Escuela de Educación Secundaria Técnica (E.E.S.T.) Nº 01 General Manuel Savio;Institución de ETP;Estatal;448;256;192;Industrial;SEC TEC
Buenos Aires;Magdalena;Escuela de Educación Secundaria Técnica (E.E.S.T.) Nº 01 General Mariano Necochea;Institución de ETP;Estatal;273;192;81;Industrial;SEC TEC
Buenos Aires;Almirante Brown;Escuela de Educación Secundaria Técnica (E.E.S.T.) Nº 01 General Martín Miguel de Güemes;Institución de ETP;Estatal;794;499;295;Industrial;SEC TEC
Buenos Aires;Malvinas Argentinas;Escuela de Educación Secundaria Técnica (E.E.S.T.) Nº 01 Gral. Jose de San Martín;Institución de ETP;Estatal;438;319;119;Industrial;SEC TEC
Buenos Aires;Pilar;Escuela de Educación Secundaria Técnica (E.E.S.T.) Nº 01 Griselda Mazettelle;Institución de ETP;Estatal;667;428;239;Industrial;SEC TEC
Buenos Aires;Villa Gesell;Escuela de Educación Secundaria Técnica (E.E.S.T.) Nº 01 Héroes de Malvinas;Institución de ETP;Estatal;163;100;63;Industrial;SEC TEC
Buenos Aires;Merlo;Escuela de Educación Secundaria Técnica (E.E.S.T.) Nº 01 Ingeniero Francisco E. Urondo;Institución de ETP;Estatal;892;732;160;Industrial;SEC TEC
Buenos Aires;Necochea;Escuela de Educación Secundaria Técnica (E.E.S.T.) Nº 01 Ingeniero M. A. Elpuerto;Institución de ETP;Estatal;173;139;34;Industrial;SEC TEC
Buenos Aires;Rauch;Escuela de Educación Secundaria Técnica (E.E.S.T.) Nº 01 Islas Malvinas;Institución de ETP;Estatal;61;51;10;Industrial;SEC TEC
Buenos Aires;General Rodríguez;Escuela de Educación Secundaria Técnica (E.E.S.T.) Nº 01 Javier Tapié;Institución de ETP;Estatal;877;587;290;Industrial;SEC TEC
Buenos Aires;San Andrés de Giles;Escuela de Educación Secundaria Técnica (E.E.S.T.) Nº 01 Jorge Alfredo Maciel;Institución de ETP;Estatal;191;134;57;Industrial;SEC TEC
Buenos Aires;Avellaneda;Escuela de Educación Secundaria Técnica (E.E.S.T.) Nº 01 José Ingenieros;Institución de ETP;Estatal;275;158;117;Servicios;SEC TEC
Buenos Aires;Lincoln;Escuela de Educación Secundaria Técnica (E.E.S.T.) Nº 01 José María Cané;Institución de ETP;Estatal;125;109;16;Industrial;SEC TEC
Buenos Aires;San Nicolás de los Arroyos;Escuela de Educación Secundaria Técnica (E.E.S.T.) Nº 01 Juan Bautista Alberdi;Institución de ETP;Estatal;129;91;38;Industrial;SEC TEC
Buenos Aires;San Pedro;Escuela de Educación Secundaria Técnica (E.E.S.T.) Nº 01 Juan Bautista Azopardo;Institución de ETP;Estatal;325;247;78;Industrial;SEC TEC
Buenos Aires;Ayacucho;Escuela de Educación Secundaria Técnica (E.E.S.T.) Nº 01 Juan Labat;Institución de ETP;Estatal;125;99;26;Industrial;SEC TEC
Buenos Aires;Marcos Paz;Escuela de Educación Secundaria Técnica (E.E.S.T.) Nº 01 Juan XXIII;Institución de ETP;Estatal;528;361;167;Industrial;SEC TEC
Buenos Aires;General Alvarado;Escuela de Educación Secundaria Técnica (E.E.S.T.) Nº 01 Julio A. Roca;Institución de ETP;Estatal;219;162;57;Industrial;SEC TEC
Buenos Aires;Berisso;Escuela de Educación Secundaria Técnica (E.E.S.T.) Nº 01 Libertador General José de San Martín;Institución de ETP;Estatal;455;249;206;Industrial;SEC TEC
Buenos Aires;Bolívar;Escuela de Educación Secundaria Técnica (E.E.S.T.) Nº 01 Libertador Simón Bolívar;Institución de ETP;Estatal;218;163;55;Industrial;SEC TEC
Buenos Aires;Balcarce;Escuela de Educación Secundaria Técnica (E.E.S.T.) Nº 01 Lucas Kraglievich;Institución de ETP;Estatal;355;276;79;Industrial;SEC TEC
Buenos Aires;Campana;Escuela de Educación Secundaria Técnica (E.E.S.T.) Nº 01 Luciano Reyes;Institución de ETP;Estatal;685;457;228;Industrial;SEC TEC
Buenos Aires;General San Martín;Escuela de Educación Secundaria Técnica (E.E.S.T.) Nº 01 Manuel Belgrano;Institución de ETP;Estatal;246;185;61;Industrial;SEC TEC
Buenos Aires;Tres de Febrero;Escuela de Educación Secundaria Técnica (E.E.S.T.) Nº 01 Manuel Belgrano;Institución de ETP;Estatal;339;257;82;Industrial;SEC TEC
Buenos Aires;Rivadavia;Escuela de Educación Secundaria Técnica (E.E.S.T.) Nº 01 Marco Silvio Ghiglione;Institución de ETP;Estatal;70;66;4;Industrial;SEC TEC
Buenos Aires;Chivilcoy;Escuela de Educación Secundaria Técnica (E.E.S.T.) Nº 01 Mariano Moreno;Institución de ETP;Estatal;263;217;46;Industrial;SEC TEC
Buenos Aires;Veinticinco de Mayo;Escuela de Educación Secundaria Técnica (E.E.S.T.) Nº 01 Nestor Orlando Ruggiero;Institución de ETP;Estatal;329;258;71;Industrial;SEC TEC
Buenos Aires;Lanús;Escuela de Educación Secundaria Técnica (E.E.S.T.) Nº 01 Nicolás Avellaneda;Institución de ETP;Estatal;107;61;46;Industrial;SEC TEC
Buenos Aires;Mercedes;Escuela de Educación Secundaria Técnica (E.E.S.T.) Nº 01 Nuestra Señora de las Mercedes;Institución de ETP;Estatal;213;158;55;Industrial;SEC TEC
Buenos Aires;San Miguel;Escuela de Educación Secundaria Técnica (E.E.S.T.) Nº 01 Nuestra Señora del Valle;Institución de ETP;Estatal;647;566;81;Industrial;SEC TEC
Buenos Aires;Hurlingham;Escuela de Educación Secundaria Técnica (E.E.S.T.) Nº 01 Organización de Estados Americanos;Institución de ETP;Estatal;191;146;45;Industrial;SEC TEC
Buenos Aires;Nueve de Julio;Escuela de Educación Secundaria Técnica (E.E.S.T.) Nº 01 Otto Krause;Institución de ETP;Estatal;120;68;52;Servicios;SEC TEC
Buenos Aires;Tres Lomas;Escuela de Educación Secundaria Técnica (E.E.S.T.) Nº 01 Prof. Jorge Alberto Sábato;Institución de ETP;Estatal;260;144;116;Industrial;SEC TEC
Buenos Aires;Pehuajó;Escuela de Educación Secundaria Técnica (E.E.S.T.) Nº 01 Prof. Julio Rodriguez;Institución de ETP;Estatal;157;117;40;Industrial;SEC TEC
Buenos Aires;La Costa;Escuela de Educación Secundaria Técnica (E.E.S.T.) Nº 01 Raúl Scalabrini Ortiz;Institución de ETP;Estatal;583;335;248;Industrial;SEC TEC
Buenos Aires;Lobería;Escuela de Educación Secundaria Técnica (E.E.S.T.) Nº 01 René G. Favaloro;Institución de ETP;Estatal;109;71;38;Industrial;SEC TEC
Buenos Aires;Benito Juárez;Escuela de Educación Secundaria Técnica (E.E.S.T.) Nº 01 República de México;Institución de ETP;Estatal;244;164;80;Industrial;SEC TEC
Buenos Aires;Ituzaingó;Escuela de Educación Secundaria Técnica (E.E.S.T.) Nº 01 República del Paraguay;Institución de ETP;Estatal;617;406;211;Industrial;SEC TEC
Buenos Aires;Monte;Escuela de Educación Secundaria Técnica (E.E.S.T.) Nº 01 Ricardo Güiraldes;Institución de ETP;Estatal;205;135;70;Industrial;SEC TEC
Buenos Aires;Capitán Sarmiento;Escuela de Educación Secundaria Técnica (E.E.S.T.) Nº 01 Segundo Agustín Luna;Institución de ETP;Estatal;100;72;28;Industrial;SEC TEC
Buenos Aires;La Plata;Escuela de Educación Secundaria Técnica (E.E.S.T.) Nº 01 Valentín Vergara;Institución de ETP;Estatal;253;162;91;Industrial;SEC TEC
Buenos Aires;Tandil;Escuela de Educación Secundaria Técnica (E.E.S.T.) Nº 01 VI Brigada Aérea;Institución de ETP;Estatal;55;43;12;Industrial;SEC TEC-FP
Buenos Aires;Escobar;Escuela de Educación Secundaria Técnica (E.E.S.T.) Nº 02 ;Institución de ETP;Estatal;812;468;344;Industrial;SEC TEC
Buenos Aires;Lomas de Zamora;Escuela de Educación Secundaria Técnica (E.E.S.T.) Nº 02 ;Institución de ETP;Estatal;244;203;41;Servicios;SEC TEC
Buenos Aires;Pergamino;Escuela de Educación Secundaria Técnica (E.E.S.T.) Nº 02 ;Institución de ETP;Estatal;83;43;40;Servicios;SEC TEC
Buenos Aires;Ramallo;Escuela de Educación Secundaria Técnica (E.E.S.T.) Nº 02 ;Institución de ETP;Estatal;86;61;25;Industrial;SEC TEC
Buenos Aires;Tigre;Escuela de Educación Secundaria Técnica (E.E.S.T.) Nº 02 ;Institución de ETP;Estatal;374;302;72;Industrial;SEC TEC
Buenos Aires;Vicente López;Escuela de Educación Secundaria Técnica (E.E.S.T.) Nº 02 ;Institución de ETP;Estatal;197;159;38;Industrial;SEC TEC
Buenos Aires;Ituzaingó;Escuela de Educación Secundaria Técnica (E.E.S.T.) Nº 02 Albert Einstein;Institución de ETP;Estatal;562;461;101;Industrial;SEC TEC
Buenos Aires;General San Martín;Escuela de Educación Secundaria Técnica (E.E.S.T.) Nº 02 Alemania;Institución de ETP;Estatal;475;332;143;Industrial;SEC TEC
Buenos Aires;Almirante Brown;Escuela de Educación Secundaria Técnica (E.E.S.T.) Nº 02 Ceferino Namuncurá;Institución de ETP;Estatal;391;250;141;Industrial;SEC TEC
Buenos Aires;Zárate;Escuela de Educación Secundaria Técnica (E.E.S.T.) Nº 02 Coronel de Marina Tomás Espora;Institución de ETP;Estatal;583;338;245;Industrial;SEC TEC
Buenos Aires;Lanús;Escuela de Educación Secundaria Técnica (E.E.S.T.) Nº 02 Dr. Valentín Alsina;Institución de ETP;Estatal;262;167;95;Servicios;SEC TEC
Buenos Aires;General Pueyrredón;Escuela de Educación Secundaria Técnica (E.E.S.T.) Nº 02 Educación y Trabajo;Institución de ETP;Estatal;342;262;80;Industrial;SEC TEC
Buenos Aires;San Isidro;Escuela de Educación Secundaria Técnica (E.E.S.T.) Nº 02 Escuela de Educación Secundaria Técnica N° 2;Institución de ETP;Estatal;115;82;33;Industrial;SEC TEC
Buenos Aires;Moreno;Escuela de Educación Secundaria Técnica (E.E.S.T.) Nº 02 Gendarmería Nacional;Institución de ETP;Estatal;980;643;337;Industrial;SEC TEC
Buenos Aires;Avellaneda;Escuela de Educación Secundaria Técnica (E.E.S.T.) Nº 02 General Enrique Mosconi;Institución de ETP;Estatal;171;103;68;Industrial;SEC TEC
Buenos Aires;San Nicolás de los Arroyos;Escuela de Educación Secundaria Técnica (E.E.S.T.) Nº 02 General Manuel Savio;Institución de ETP;Estatal;554;365;189;Industrial;SEC TEC
Buenos Aires;Necochea;Escuela de Educación Secundaria Técnica (E.E.S.T.) Nº 02 General Mariano Necochea;Institución de ETP;Estatal;268;193;75;Industrial;SEC TEC
Buenos Aires;Bahía Blanca;Escuela de Educación Secundaria Técnica (E.E.S.T.) Nº 02 Ingeniero Cesar Cipolletti;Institución de ETP;Estatal;570;420;150;Industrial;SEC TEC
Buenos Aires;Berisso;Escuela de Educación Secundaria Técnica (E.E.S.T.) Nº 02 Ingeniero Emilio Rebuelto;Institución de ETP;Estatal;595;401;194;Industrial;SEC TEC
Buenos Aires;Lincoln;"Escuela de Educación Secundaria Técnica (E.E.S.T.) Nº 02 Juana Azurduy	";Institución de ETP;Estatal;54;24;30;Servicios;SEC TEC
Buenos Aires;Olavarría;Escuela de Educación Secundaria Técnica (E.E.S.T.) Nº 02 Luciano Fortabat;Institución de ETP;Estatal;441;357;84;Industrial;SEC TEC
Buenos Aires;Mercedes;Escuela de Educación Secundaria Técnica (E.E.S.T.) Nº 02 Luis Federico Leloir;Institución de ETP;Estatal;113;64;49;Industrial;SEC TEC
Buenos Aires;San Vicente;Escuela de Educación Secundaria Técnica (E.E.S.T.) Nº 02 Manuel Mateo;Institución de ETP;Estatal;628;438;190;Industrial;SEC TEC
Buenos Aires;La Matanza;Escuela de Educación Secundaria Técnica (E.E.S.T.) Nº 02 María Eva Duarte;Institución de ETP;Estatal;422;326;96;Industrial;SEC TEC
Buenos Aires;Nueve de Julio;Escuela de Educación Secundaria Técnica (E.E.S.T.) Nº 02 Mercedes V. de Labbé;Institución de ETP;Estatal;576;330;246;Industrial;SEC TEC
Buenos Aires;José C. Paz;Escuela de Educación Secundaria Técnica (E.E.S.T.) Nº 02 Nikola Tesla;Institución de ETP;Estatal;559;438;121;Industrial;SEC TEC
Buenos Aires;Junín;Escuela de Educación Secundaria Técnica (E.E.S.T.) Nº 02 Patricias Argentinas;Institución de ETP;Estatal;158;94;64;Servicios;SEC TEC
Buenos Aires;Quilmes;Escuela de Educación Secundaria Técnica (E.E.S.T.) Nº 02 Paula Albarracín de Sarmiento;Institución de ETP;Estatal;809;618;191;Industrial;SEC TEC
Buenos Aires;San Fernando;Escuela de Educación Secundaria Técnica (E.E.S.T.) Nº 02 Pbro. Dr. Manuel de San Ginés;Institución de ETP;Estatal;556;389;167;Industrial;SEC TEC
Buenos Aires;Berazategui;Escuela de Educación Secundaria Técnica (E.E.S.T.) Nº 02 Provincia de la Rioja;Institución de ETP;Estatal;461;367;94;Industrial;SEC TEC
Buenos Aires;San Miguel;Escuela de Educación Secundaria Técnica (E.E.S.T.) Nº 02 República Argentina;Institución de ETP;Estatal;282;167;115;Industrial;SEC TEC
Buenos Aires;La Plata;Escuela de Educación Secundaria Técnica (E.E.S.T.) Nº 02 República de Italia;Institución de ETP;Estatal;271;197;74;Industrial;SEC TEC
Buenos Aires;Merlo;Escuela de Educación Secundaria Técnica (E.E.S.T.) Nº 02 República de Venezuela;Institución de ETP;Estatal;1181;750;431;Industrial;SEC TEC
Buenos Aires;Hurlingham;Escuela de Educación Secundaria Técnica (E.E.S.T.) Nº 02 República del Perú;Institución de ETP;Estatal;498;317;181;Industrial;SEC TEC
Buenos Aires;Florencio Varela;Escuela de Educación Secundaria Técnica (E.E.S.T.) Nº 02 Rodolfo Walsh;Institución de ETP;Estatal;975;685;290;Industrial;SEC TEC
Buenos Aires;Ensenada;Escuela de Educación Secundaria Técnica (E.E.S.T.) Nº 02 Santiago de Liniers;Institución de ETP;Estatal;385;228;157;Industrial;SEC TEC
Buenos Aires;Tres de Febrero;"Escuela de Educación Secundaria Técnica (E.E.S.T.) Nº 02 Tres de Febrero	";Institución de ETP;Estatal;577;478;99;Industrial;SEC TEC
Buenos Aires;Azul;Escuela de Educación Secundaria Técnica (E.E.S.T.) Nº 02 Vicente Pereda;Institución de ETP;Estatal;243;199;44;Industrial;SEC TEC
Buenos Aires;Almirante Brown;Escuela de Educación Secundaria Técnica (E.E.S.T.) Nº 03 ;Institución de ETP;Estatal;387;276;111;Industrial;SEC TEC
Buenos Aires;Merlo;Escuela de Educación Secundaria Técnica (E.E.S.T.) Nº 03 ;Institución de ETP;Estatal;317;259;58;Industrial;SEC TEC
Buenos Aires;San Isidro;Escuela de Educación Secundaria Técnica (E.E.S.T.) Nº 03 15 de Septiembre;Institución de ETP;Estatal;236;204;32;Industrial;SEC TEC
Buenos Aires;San Fernando;Escuela de Educación Secundaria Técnica (E.E.S.T.) Nº 03 Capitán de Fragata Carlos María Moyano;Institución de ETP;Estatal;285;173;112;Industrial;SEC TEC
Buenos Aires;General Pueyrredón;Escuela de Educación Secundaria Técnica (E.E.S.T.) Nº 03 Domingo Faustino Sarmiento;Institución de ETP;Estatal;930;711;219;Industrial;SEC TEC
Buenos Aires;Tandil;Escuela de Educación Secundaria Técnica (E.E.S.T.) Nº 03 Dr. Norberto Piñero;Institución de ETP;Estatal;216;119;97;Industrial;SEC TEC
Buenos Aires;Bahía Blanca;Escuela de Educación Secundaria Técnica (E.E.S.T.) Nº 03 Dr. René Favaloro;Institución de ETP;Estatal;306;179;127;Industrial;SEC TEC
Buenos Aires;Escobar;Escuela de Educación Secundaria Técnica (E.E.S.T.) Nº 03 Eva Perón;Institución de ETP;Estatal;1494;994;500;Industrial;SEC TEC
Buenos Aires;José C. Paz;Escuela de Educación Secundaria Técnica (E.E.S.T.) Nº 03 Evita;Institución de ETP;Estatal;300;164;136;Servicios;SEC TEC
Buenos Aires;La Plata;Escuela de Educación Secundaria Técnica (E.E.S.T.) Nº 03 Fray Luis Beltrán;Institución de ETP;Estatal;333;233;100;Industrial;SEC TEC
Buenos Aires;Lomas de Zamora;Escuela de Educación Secundaria Técnica (E.E.S.T.) Nº 03 Guillermo Kraft;Institución de ETP;Estatal;553;395;158;Industrial;SEC TEC
Buenos Aires;Vicente López;Escuela de Educación Secundaria Técnica (E.E.S.T.) Nº 03 Hipólito Yrigoyen;Institución de ETP;Estatal;77;49;28;Servicios;SEC TEC
Buenos Aires;Zárate;Escuela de Educación Secundaria Técnica (E.E.S.T.) Nº 03 Ingeniero Agustín Rocca;Institución de ETP;Estatal;477;264;213;Servicios;SEC TEC
Buenos Aires;Lanús;Escuela de Educación Secundaria Técnica (E.E.S.T.) Nº 03 Islas Malvinas;Institución de ETP;Estatal;121;80;41;Industrial;SEC TEC
Buenos Aires;San Miguel;Escuela de Educación Secundaria Técnica (E.E.S.T.) Nº 03 Japón;Institución de ETP;Estatal;890;731;159;Industrial;SEC TEC
Buenos Aires;San Nicolás de los Arroyos;Escuela de Educación Secundaria Técnica (E.E.S.T.) Nº 03 Juan Bautista Alberdi ;Institución de ETP;Estatal;172;123;49;Industrial;SEC TEC
Buenos Aires;La Matanza;Escuela de Educación Secundaria Técnica (E.E.S.T.) Nº 03 Manuel Belgrano;Institución de ETP;Estatal;390;252;138;Industrial;SEC TEC
Buenos Aires;Necochea;Escuela de Educación Secundaria Técnica (E.E.S.T.) Nº 03 NIKOLA TESLA;Institución de ETP;Estatal;409;211;198;Servicios;SEC TEC
Buenos Aires;Tres de Febrero;Escuela de Educación Secundaria Técnica (E.E.S.T.) Nº 03 Nuestra Señora de la Merced;Institución de ETP;Estatal;331;196;135;Industrial;SEC TEC
Buenos Aires;Berazategui;Escuela de Educación Secundaria Técnica (E.E.S.T.) Nº 03 Politécnico de Berazategui;Institución de ETP;Estatal;949;676;273;Industrial;SEC TEC
Buenos Aires;General San Martín;Escuela de Educación Secundaria Técnica (E.E.S.T.) Nº 03 Prefectura Naval Argentina;Institución de ETP;Estatal;629;344;285;Industrial;SEC TEC
Buenos Aires;Quilmes;Escuela de Educación Secundaria Técnica (E.E.S.T.) Nº 03 República de Italia;Institución de ETP;Estatal;804;563;241;Industrial;SEC TEC
Buenos Aires;Avellaneda;Escuela de Educación Secundaria Técnica (E.E.S.T.) Nº 03 República de México;Institución de ETP;Estatal;361;234;127;Industrial;SEC TEC
Buenos Aires;Malvinas Argentinas;Escuela de Educación Secundaria Técnica (E.E.S.T.) Nº 03 Roberto Arlt;Institución de ETP;Estatal;398;241;157;Industrial;SEC TEC
Buenos Aires;Tigre;Escuela de Educación Secundaria Técnica (E.E.S.T.) Nº 03 Unión Industrial Argentina;Institución de ETP;Estatal;571;403;168;Industrial;SEC TEC
Buenos Aires;Lomas de Zamora;Escuela de Educación Secundaria Técnica (E.E.S.T.) Nº 04 ;Institución de ETP;Estatal;565;449;116;Industrial;SEC TEC
Buenos Aires;Tigre;Escuela de Educación Secundaria Técnica (E.E.S.T.) Nº 04 ;Institución de ETP;Estatal;301;238;63;Industrial;SEC TEC
Buenos Aires;Zárate;Escuela de Educación Secundaria Técnica (E.E.S.T.) Nº 04 ;Institución de ETP;Estatal;338;269;69;Industrial;SEC TEC
Buenos Aires;San Nicolás de los Arroyos;Escuela de Educación Secundaria Técnica (E.E.S.T.) Nº 04 Acuerdo de San Nicolás de los Arroyos;Institución de ETP;Estatal;184;107;77;Servicios;SEC TEC
Buenos Aires;General Pueyrredón;Escuela de Educación Secundaria Técnica (E.E.S.T.) Nº 04 Alfonsina Storni;Institución de ETP;Estatal;297;175;122;Industrial;SEC TEC
Buenos Aires;Bahía Blanca;Escuela de Educación Secundaria Técnica (E.E.S.T.) Nº 04 Antártida;Institución de ETP;Estatal;874;571;303;Industrial;SEC TEC
Buenos Aires;Avellaneda;Escuela de Educación Secundaria Técnica (E.E.S.T.) Nº 04 Dr. Ernesto Longobardi;Institución de ETP;Estatal;432;243;189;Industrial;SEC TEC
Buenos Aires;Tres de Febrero;Escuela de Educación Secundaria Técnica (E.E.S.T.) Nº 04 Ejército de los Andes;Institución de ETP;Estatal;104;65;39;Industrial;SEC TEC
Buenos Aires;San Isidro;Escuela de Educación Secundaria Técnica (E.E.S.T.) Nº 04 Estado Plurinacional de Bolivia;Institución de ETP;Estatal;202;157;45;Industrial;SEC TEC
Buenos Aires;Vicente López;Escuela de Educación Secundaria Técnica (E.E.S.T.) Nº 04 General Martín Miguel de Güemes;Institución de ETP;Estatal;185;125;60;Industrial;SEC TEC
Buenos Aires;General San Martín;Escuela de Educación Secundaria Técnica (E.E.S.T.) Nº 04 Ingeniero Emilio Mitre;Institución de ETP;Estatal;705;510;195;Industrial;SEC TEC
Buenos Aires;La Plata;Escuela de Educación Secundaria Técnica (E.E.S.T.) Nº 04 José Antonio Álvarez Condarco;Institución de ETP;Estatal;451;262;189;Industrial;SEC TEC
Buenos Aires;La Matanza;Escuela de Educación Secundaria Técnica (E.E.S.T.) Nº 04 Juan Manuel Fangio;Institución de ETP;Estatal;560;507;53;Industrial;SEC TEC
Buenos Aires;Lanús;Escuela de Educación Secundaria Técnica (E.E.S.T.) Nº 04 Martín Miguel de Güemes;Institución de ETP;Estatal;215;140;75;Industrial;SEC TEC
Buenos Aires;Merlo;Escuela de Educación Secundaria Técnica (E.E.S.T.) Nº 04 Pedro Benoit;Institución de ETP;Estatal;577;370;207;Industrial;SEC TEC
Buenos Aires;Berazategui;Escuela de Educación Secundaria Técnica (E.E.S.T.) Nº 04 Prof. Ricardo Alberto Lopez;Institución de ETP;Estatal;456;322;134;Servicios;SEC TEC
Buenos Aires;Morón;Escuela de Educación Secundaria Técnica (E.E.S.T.) Nº 04 Profesor Héctor Ángel Laguarde;Institución de ETP;Estatal;437;369;68;Industrial;SEC TEC
Buenos Aires;Florencio Varela;Escuela de Educación Secundaria Técnica (E.E.S.T.) Nº 04 Profesor Jorge A. Sabato;Institución de ETP;Estatal;487;386;101;Industrial;SEC TEC
Buenos Aires;General Pueyrredón;Escuela de Educación Secundaria Técnica (E.E.S.T.) Nº 05 Amancio Williams;Institución de ETP;Estatal;495;423;72;Industrial;SEC TEC
Buenos Aires;Lomas de Zamora;"Escuela de Educación Secundaria Técnica (E.E.S.T.) Nº 05 Dos de Abril	";Institución de ETP;Estatal;818;757;61;Industrial;SEC TEC
Buenos Aires;Avellaneda;Escuela de Educación Secundaria Técnica (E.E.S.T.) Nº 05 Dr. Salvador Debenedetti;Institución de ETP;Estatal;404;298;106;Industrial;SEC TEC
Buenos Aires;General San Martín;Escuela de Educación Secundaria Técnica (E.E.S.T.) Nº 05 Galileo Galilei;Institución de ETP;Estatal;465;315;150;Servicios;SEC TEC
Buenos Aires;La Plata;Escuela de Educación Secundaria Técnica (E.E.S.T.) Nº 05 General Manuel Savio;Institución de ETP;Estatal;455;296;159;Industrial;SEC TEC
Buenos Aires;Lanús;Escuela de Educación Secundaria Técnica (E.E.S.T.) Nº 05 John F. Kennedy;Institución de ETP;Estatal;653;536;117;Industrial;SEC TEC
Buenos Aires;San Nicolás de los Arroyos;Escuela de Educación Secundaria Técnica (E.E.S.T.) Nº 05 José Antonio Bocarena;Institución de ETP;Estatal;251;169;82;Servicios;SEC TEC
Buenos Aires;Tigre;Escuela de Educación Secundaria Técnica (E.E.S.T.) Nº 05 Raúl Scalabrini Ortiz;Institución de ETP;Estatal;466;352;114;Industrial;SEC TEC
Buenos Aires;Quilmes;Escuela de Educación Secundaria Técnica (E.E.S.T.) Nº 05 Reino de España;Institución de ETP;Estatal;301;112;189;Servicios;SEC TEC
Buenos Aires;La Matanza;Escuela de Educación Secundaria Técnica (E.E.S.T.) Nº 05 Roberto Noble;Institución de ETP;Estatal;485;302;183;Industrial;SEC TEC
Buenos Aires;Avellaneda;Escuela de Educación Secundaria Técnica (E.E.S.T.) Nº 06 ;Institución de ETP;Estatal;255;198;57;Industrial;SEC TEC
Buenos Aires;La Matanza;Escuela de Educación Secundaria Técnica (E.E.S.T.) Nº 06 ;Institución de ETP;Estatal;672;493;179;Industrial;SEC TEC
Buenos Aires;Tandil;Escuela de Educación Secundaria Técnica (E.E.S.T.) Nº 06 ;Institución de ETP;Estatal;17;9;8;Industrial;SEC TEC
Buenos Aires;San Nicolás de los Arroyos;"Escuela de Educación Secundaria Técnica (E.E.S.T.) Nº 06 ""SIDERURGIA ARGENTINA""";Institución de ETP;Estatal;343;248;95;Industrial;SEC TEC
Buenos Aires;La Plata;Escuela de Educación Secundaria Técnica (E.E.S.T.) Nº 06 Albert Thomas;Institución de ETP;Estatal;860;567;293;Industrial;SEC TEC
Buenos Aires;Morón;Escuela de Educación Secundaria Técnica (E.E.S.T.) Nº 06 Chacabuco;Institución de ETP;Estatal;669;562;107;Industrial;SEC TEC
Buenos Aires;Quilmes;Escuela de Educación Secundaria Técnica (E.E.S.T.) Nº 06 Combate de San Lorenzo;Institución de ETP;Estatal;458;366;92;Industrial;SEC TEC
Buenos Aires;Lanús;Escuela de Educación Secundaria Técnica (E.E.S.T.) Nº 06 Ferrocarriles Argentinos;Institución de ETP;Estatal;102;82;20;Industrial;SEC TEC
Buenos Aires;Lomas de Zamora;Escuela de Educación Secundaria Técnica (E.E.S.T.) Nº 06 Ingeniero Juan V. Passalacqua;Institución de ETP;Estatal;631;483;148;Industrial;SEC TEC
Buenos Aires;Avellaneda;Escuela de Educación Secundaria Técnica (E.E.S.T.) Nº 07 José Hernández ;Institución de ETP;Estatal;645;450;195;Servicios;SEC TEC
Buenos Aires;La Plata;Escuela de Educación Secundaria Técnica (E.E.S.T.) Nº 07 Laura Rosende Mitre de Mendonca;Institución de ETP;Estatal;173;85;88;Servicios;SEC TEC
Buenos Aires;Lomas de Zamora;Escuela de Educación Secundaria Técnica (E.E.S.T.) Nº 07 MANUEL SADOSKY;Institución de ETP;Estatal;219;166;53;Servicios;SEC TEC
Buenos Aires;La Matanza;Escuela de Educación Secundaria Técnica (E.E.S.T.) Nº 07 Presidente Dr. Nestor Kirchner;Institución de ETP;Estatal;707;479;228;Industrial;SEC TEC
Buenos Aires;Lanús;Escuela de Educación Secundaria Técnica (E.E.S.T.) Nº 07 República de Panamá;Institución de ETP;Estatal;156;81;75;Servicios;SEC TEC
Buenos Aires;Quilmes;Escuela de Educación Secundaria Técnica (E.E.S.T.) Nº 07 Taller Regional Quilmes;Institución de ETP;Estatal;577;525;52;Industrial;SEC TEC
Buenos Aires;Lomas de Zamora;Escuela de Educación Secundaria Técnica (E.E.S.T.) Nº 08 ;Institución de ETP;Estatal;304;182;122;Industrial;SEC TEC
Buenos Aires;Morón;Escuela de Educación Secundaria Técnica (E.E.S.T.) Nº 08 ;Institución de ETP;Estatal;400;334;66;Industrial;SEC TEC
Buenos Aires;Lanús;Escuela de Educación Secundaria Técnica (E.E.S.T.) Nº 08 Almafuerte;Institución de ETP;Estatal;439;316;123;Industrial;SEC TEC
Buenos Aires;Avellaneda;Escuela de Educación Secundaria Técnica (E.E.S.T.) Nº 08 Ingeniero y Doctor Ángel Gallardo;Institución de ETP;Estatal;262;219;43;Industrial;SEC TEC
Buenos Aires;La Matanza;Escuela de Educación Secundaria Técnica (E.E.S.T.) Nº 08 Jorge Newbery;Institución de ETP;Estatal;872;736;136;Industrial;SEC TEC
Buenos Aires;La Plata;Escuela de Educación Secundaria Técnica (E.E.S.T.) Nº 08 Juan Bautista Alberdi;Institución de ETP;Estatal;463;337;126;Industrial;SEC TEC
Buenos Aires;La Plata;Escuela de Educación Secundaria Técnica (E.E.S.T.) Nº 09 ;Institución de ETP;Estatal;365;249;116;Servicios;SEC TEC
Buenos Aires;La Matanza;Escuela de Educación Secundaria Técnica (E.E.S.T.) Nº 09 Crucero A.R.A. General Belgrano;Institución de ETP;Estatal;279;164;115;Industrial;SEC TEC
Buenos Aires;Avellaneda;Escuela de Educación Secundaria Técnica (E.E.S.T.) Nº 09 Ingeniero Torcuato Di Tella;Institución de ETP;Estatal;179;152;27;Industrial;SEC TEC
Buenos Aires;Lanús;Escuela de Educación Secundaria Técnica (E.E.S.T.) Nº 09 Profesor Antonio J. Rodriguez;Institución de ETP;Estatal;420;350;70;Industrial;SEC TEC
Buenos Aires;Adolfo Alsina;Escuela de Educación Secundaria Técnica (E.E.S.T.) Nº 1 ;Institución de ETP;Estatal;47;33;14;Industrial;SEC TEC
Buenos Aires;Adolfo Gonzales Chaves;Escuela de Educación Secundaria Técnica (E.E.S.T.) Nº 1 ;Institución de ETP;Estatal;32;25;7;Industrial;SEC TEC
Buenos Aires;Carlos Tejedor;Escuela de Educación Secundaria Técnica (E.E.S.T.) Nº 1 ;Institución de ETP;Estatal;23;12;11;Industrial;SEC TEC
Buenos Aires;Carmen de Areco;Escuela de Educación Secundaria Técnica (E.E.S.T.) Nº 1 ;Institución de ETP;Estatal;111;89;22;Industrial;SEC TEC
Buenos Aires;Coronel Suárez;Escuela de Educación Secundaria Técnica (E.E.S.T.) Nº 1 ;Institución de ETP;Estatal;98;83;15;Industrial;SEC TEC
Buenos Aires;Esteban Echeverría;Escuela de Educación Secundaria Técnica (E.E.S.T.) Nº 1 ;Institución de ETP;Estatal;416;316;100;Servicios;SEC TEC
Buenos Aires;General Belgrano;Escuela de Educación Secundaria Técnica (E.E.S.T.) Nº 1 ;Institución de ETP;Estatal;110;84;26;Industrial;SEC TEC
Buenos Aires;General La Madrid;Escuela de Educación Secundaria Técnica (E.E.S.T.) Nº 1 ;Institución de ETP;Estatal;49;35;14;Industrial;SEC TEC
Buenos Aires;Monte Hermoso;Escuela de Educación Secundaria Técnica (E.E.S.T.) Nº 1 ;Institución de ETP;Estatal;147;85;62;Industrial;SEC TEC
Buenos Aires;Patagones;Escuela de Educación Secundaria Técnica (E.E.S.T.) Nº 1 ;Institución de ETP;Estatal;140;96;44;Industrial;SEC TEC
Buenos Aires;San Cayetano;Escuela de Educación Secundaria Técnica (E.E.S.T.) Nº 1 ;Institución de ETP;Estatal;12;9;3;Industrial;SEC TEC
Buenos Aires;Tapalqué;Escuela de Educación Secundaria Técnica (E.E.S.T.) Nº 1 ;Institución de ETP;Estatal;39;29;10;Industrial;SEC TEC
Buenos Aires;General Juan Madariaga;Escuela de Educación Secundaria Técnica (E.E.S.T.) Nº 1 15 de Noviembre;Institución de ETP;Estatal;165;114;51;Industrial;SEC TEC
Buenos Aires;Coronel Rosales;Escuela de Educación Secundaria Técnica (E.E.S.T.) Nº 1 Almirante ramón Gonzalés Fernández Anexo;Institución de ETP;Estatal;28;14;14;Industrial;SEC TEC
Buenos Aires;Florentino Ameghino;Escuela de Educación Secundaria Técnica (E.E.S.T.) Nº 1 Beatriz Ghirelli;Institución de ETP;Estatal;58;34;24;Industrial;SEC TEC
Buenos Aires;Salto;"Escuela de Educación Secundaria Técnica (E.E.S.T.) Nº 1 Dr. Antonio Ángel Montes	";Institución de ETP;Estatal;420;260;160;Industrial;SEC TEC
Buenos Aires;Mar Chiquita;Escuela de Educación Secundaria Técnica (E.E.S.T.) Nº 1 Eusebio Cecilio Saenz Estebecorena;Institución de ETP;Estatal;97;53;44;Servicios;SEC TEC
Buenos Aires;Hipólito Yrigoyen;Escuela de Educación Secundaria Técnica (E.E.S.T.) Nº 1 General Don  José de San martín;Institución de ETP;Estatal;67;38;29;Industrial;SEC TEC
Buenos Aires;Brandsen;Escuela de Educación Secundaria Técnica (E.E.S.T.) Nº 1 Ingeniero José Rafael Cantón ;Institución de ETP;Estatal;526;308;218;Industrial;SEC TEC
Buenos Aires;Tornquist;Escuela de Educación Secundaria Técnica (E.E.S.T.) Nº 1 Islas malvinas;Institución de ETP;Estatal;29;22;7;Industrial;SEC TEC
Buenos Aires;Laprida;Escuela de Educación Secundaria Técnica (E.E.S.T.) Nº 1 Nikola Tesla;Institución de ETP;Estatal;82;58;24;Industrial;SEC TEC
Buenos Aires;Saavedra;Escuela de Educación Secundaria Técnica (E.E.S.T.) Nº 1 Octavio F. Ducós;Institución de ETP;Estatal;210;141;69;Industrial;SEC TEC
Buenos Aires;Quilmes;Escuela de Educación Secundaria Técnica (E.E.S.T.) Nº 1 Pabellón Nacional Argentino;Institución de ETP;Estatal;305;230;75;Industrial;SEC TEC
Buenos Aires;Luján;Escuela de Educación Secundaria Técnica (E.E.S.T.) Nº 1 Parada Robles;Institución de ETP;Estatal;201;125;76;Industrial;SEC TEC
Buenos Aires;Villarino;Escuela de Educación Secundaria Técnica (E.E.S.T.) Nº 1 Tres Chañares;Institución de ETP;Estatal;46;33;13;Industrial;SEC TEC
Buenos Aires;La Matanza;Escuela de Educación Secundaria Técnica (E.E.S.T.) Nº 10 ;Institución de ETP;Estatal;331;224;107;Industrial;SEC TEC
Buenos Aires;La Matanza;Escuela de Educación Secundaria Técnica (E.E.S.T.) Nº 11 Islas Malvinas;Institución de ETP;Estatal;440;348;92;Industrial;SEC TEC
Buenos Aires;La Matanza;Escuela de Educación Secundaria Técnica (E.E.S.T.) Nº 12 Italia;Institución de ETP;Estatal;413;328;85;Industrial;SEC TEC
Buenos Aires;La Matanza;Escuela de Educación Secundaria Técnica (E.E.S.T.) Nº 13 ;Institución de ETP;Estatal;570;336;234;Industrial;SEC TEC
Buenos Aires;La Matanza;Escuela de Educación Secundaria Técnica (E.E.S.T.) Nº 14 ;Institución de ETP;Estatal;557;347;210;Industrial;SEC TEC
Buenos Aires;La Matanza;Escuela de Educación Secundaria Técnica (E.E.S.T.) Nº 15 ;Institución de ETP;Estatal;123;96;27;Industrial;SEC TEC
Buenos Aires;Guaminí;Escuela de Educación Secundaria Técnica (E.E.S.T.) Nº 2 ;Institución de ETP;Estatal;39;26;13;Industrial;SEC TEC
Buenos Aires;Mar Chiquita;Escuela de Educación Secundaria Técnica (E.E.S.T.) Nº 2 ;Institución de ETP;Estatal;43;26;17;Industrial;SEC TEC
Buenos Aires;Marcos Paz;"Escuela de Educación Secundaria Técnica (E.E.S.T.) Nº 2 ""María Remedios del Valle""";Institución de ETP;Estatal;156;81;75;Industrial;SEC TEC
Buenos Aires;La Costa;Escuela de Educación Secundaria Técnica (E.E.S.T.) Nº 2 Crucero ARA General Belgrano;Institución de ETP;Estatal;227;141;86;Industrial;SEC TEC
Buenos Aires;Malvinas Argentinas;Escuela de Educación Secundaria Técnica (E.E.S.T.) Nº 2 Dr. René Favaloro;Institución de ETP;Estatal;435;337;98;Servicios;SEC TEC
Buenos Aires;Campana;Escuela de Educación Secundaria Técnica (E.E.S.T.) Nº 2 Generala  Juana Azurduy;Institución de ETP;Estatal;238;142;96;Industrial;SEC TEC
Buenos Aires;Tandil;Escuela de Educación Secundaria Técnica (E.E.S.T.) Nº 2 Ingeniero Felipe Senillosa;Institución de ETP;Estatal;626;470;156;Industrial;SEC TEC-FP
Buenos Aires;Pilar;Escuela de Educación Secundaria Técnica (E.E.S.T.) Nº 2 Santiago Derqui;Institución de ETP;Estatal;946;635;311;Industrial;SEC TEC
Buenos Aires;Carlos Casares;Escuela de Educación Secundaria Técnica (E.E.S.T.) Nº 2010 Anexo Localidad Cadret;Institución de ETP;Estatal;14;7;7;Servicios;SEC TEC
Buenos Aires;La Plata;Escuela de Educación Secundaria Técnica (E.E.S.T.) Nº 2060 Extensión 2060  U.P N° 1  Albert Thomas ;Institución de ETP;Estatal;152;152;0;Industrial;SEC TEC
Buenos Aires;Moreno;Escuela de Educación Secundaria Técnica (E.E.S.T.) Nº 3 ;Institución de ETP;Estatal;272;171;101;Servicios;SEC TEC
Buenos Aires;Pilar;Escuela de Educación Secundaria Técnica (E.E.S.T.) Nº 3 ;Institución de ETP;Estatal;220;127;93;Servicios;SEC TEC
Buenos Aires;Ramallo;Escuela de Educación Secundaria Técnica (E.E.S.T.) Nº 3 ;Institución de ETP;Estatal;26;21;5;Servicios;SEC TEC
Buenos Aires;General Pueyrredón;Escuela de Educación Secundaria Técnica (E.E.S.T.) Nº 3 Domingo Faustino Sarmiento;Institución de ETP;Estatal;26;26;0;Industrial;SEC TEC
Buenos Aires;San Vicente;Escuela de Educación Secundaria Técnica (E.E.S.T.) Nº 3 Escuela Educacion Tecnica N3 Alejandro Korn;Institución de ETP;Estatal;33;19;14;Industrial;SEC TEC
Buenos Aires;Florencio Varela;Escuela de Educación Secundaria Técnica (E.E.S.T.) Nº 3 Ingeniero Juan Allan;Institución de ETP;Estatal;597;338;259;Industrial;SEC TEC
Buenos Aires;Hurlingham;Escuela de Educación Secundaria Técnica (E.E.S.T.) Nº 3 Victor Mercante;Institución de ETP;Estatal;288;188;100;Servicios;SEC TEC
Buenos Aires;Tandil;Escuela de Educación Secundaria Técnica (E.E.S.T.) Nº 3061 - ANEXO ;Institución de ETP;Estatal;31;10;21;Industrial;SEC TEC
Buenos Aires;Zárate;Escuela de Educación Secundaria Técnica (E.E.S.T.) Nº 3302 INSTITUTO DE VANGUARDIA;Institución de Otro Nivel y/o Modalidad;Privado;143;122;21;Industrial;SEC TEC
Buenos Aires;Almirante Brown;Escuela de Educación Secundaria Técnica (E.E.S.T.) Nº 4 ;Institución de ETP;Estatal;156;136;20;Industrial;SEC TEC
Buenos Aires;Escobar;Escuela de Educación Secundaria Técnica (E.E.S.T.) Nº 4 ;Institución de ETP;Estatal;684;376;308;Servicios;SEC TEC
Buenos Aires;José C. Paz;Escuela de Educación Secundaria Técnica (E.E.S.T.) Nº 4 ;Institución de ETP;Estatal;73;54;19;Industrial;SEC TEC
Buenos Aires;Quilmes;Escuela de Educación Secundaria Técnica (E.E.S.T.) Nº 4 General Enrique Mosconi;Institución de ETP;Estatal;376;314;62;Industrial;SEC TEC
Buenos Aires;Tandil;Escuela de Educación Secundaria Técnica (E.E.S.T.) Nº 4 José Hernández;Institución de ETP;Estatal;59;25;34;Industrial;SEC TEC
Buenos Aires;Moreno;Escuela de Educación Secundaria Técnica (E.E.S.T.) Nº 4 María Eva Duarte de Perón;Institución de ETP;Estatal;416;256;160;Servicios;SEC TEC
Buenos Aires;Ezeiza;Escuela de Educación Secundaria Técnica (E.E.S.T.) Nº 4181 Juan Bautista Peña - DIPREGEP;Institución de ETP;Privado;151;129;22;Industrial;SEC TEC
Buenos Aires;Tigre;Escuela de Educación Secundaria Técnica (E.E.S.T.) Nº 4364 Instituto Santa Ana;Institución de ETP;Privado;101;69;32;Servicios;SEC TEC
Buenos Aires;La Matanza;Escuela de Educación Secundaria Técnica (E.E.S.T.) Nº 4463 NUESTRA SEÑORA DE FATIMA;Institución de Otro Nivel y/o Modalidad;Privado;53;41;12;Industrial;SEC TEC
Buenos Aires;La Matanza;Escuela de Educación Secundaria Técnica (E.E.S.T.) Nº 4469 Centro San José;Institución de ETP;Privado;356;281;75;Industrial;SEC TEC
Buenos Aires;La Matanza;Escuela de Educación Secundaria Técnica (E.E.S.T.) Nº 4491 INSTITUTO JUAN XXIII;Institución de Otro Nivel y/o Modalidad;Privado;367;275;92;Industrial;SEC TEC
Buenos Aires;Morón;Escuela de Educación Secundaria Técnica (E.E.S.T.) Nº 4741 Instituto Emaus;Institución de ETP;Privado;390;280;110;Industrial;SEC TEC
Buenos Aires;Hurlingham;Escuela de Educación Secundaria Técnica (E.E.S.T.) Nº 4800 Cardenal Stepinac;Institución de ETP;Privado;186;142;44;Industrial;SEC TEC
Buenos Aires;Vicente López;Escuela de Educación Secundaria Técnica (E.E.S.T.) Nº 4865 Instituto La Salle;Institución de ETP;Privado;400;332;68;Industrial;SEC TEC
Buenos Aires;San Fernando;Escuela de Educación Secundaria Técnica (E.E.S.T.) Nº 4981 Instituto Don Orione;Institución de Otro Nivel y/o Modalidad;Privado;188;129;59;Industrial;SEC TEC
Buenos Aires;Berazategui;Escuela de Educación Secundaria Técnica (E.E.S.T.) Nº 5 ;Institución de ETP;Estatal;186;127;59;Servicios;SEC TEC
Buenos Aires;Merlo;Escuela de Educación Secundaria Técnica (E.E.S.T.) Nº 5 ;Institución de ETP;Estatal;723;405;318;Servicios;SEC TEC
Buenos Aires;Zárate;Escuela de Educación Secundaria Técnica (E.E.S.T.) Nº 5 ;Institución de ETP;Estatal;312;191;121;Industrial;SEC TEC
Buenos Aires;Tandil;Escuela de Educación Secundaria Técnica (E.E.S.T.) Nº 5 Juan Domingo Perón;Institución de ETP;Estatal;115;64;51;Servicios;SEC TEC
Buenos Aires;Moreno;Escuela de Educación Secundaria Técnica (E.E.S.T.) Nº 5 Presidente Juan Domingo Perón;Institución de ETP;Estatal;637;349;288;Industrial;SEC TEC
Buenos Aires;Berazategui;Escuela de Educación Secundaria Técnica (E.E.S.T.) Nº 6 ;Institución de ETP;Estatal;379;288;91;Industrial;SEC TEC
Buenos Aires;Morón;Escuela de Educación Secundaria Técnica (E.E.S.T.) Nº 6763 Colegio Monseñor Tomas Juan Solari ;Institución de ETP;Privado;108;84;24;Servicios;SEC TEC
Buenos Aires;Berazategui;Escuela de Educación Secundaria Técnica (E.E.S.T.) Nº 7728 Florentino Ameghino;Institución de ETP;Privado;248;190;58;Industrial;SEC TEC
Buenos Aires;Quilmes;Escuela de Educación Secundaria Técnica (E.E.S.T.) Nº 8 Ejército de Los Andes;Institución de ETP;Estatal;148;80;68;Servicios;SEC TEC
Buenos Aires;Campana;Escuela de Educación Secundaria Técnica (E.E.S.T.) Nº 8191 Escuela Técnica Roberto Rocca;Institución de ETP;Privado;254;165;89;Industrial;SEC TEC
Buenos Aires;Moreno;Escuela de Educación Secundaria Técnica (E.E.S.T.) Nº 8811 Instituto San Cayetano;Institución de ETP;Privado;108;57;51;Industrial;SEC TEC
Buenos Aires;Lomas de Zamora;"Escuela de Educación Secundaria Técnica (E.E.S.T.) Nº 9 EXTENSIÓN ""HEROES DE MALVINAS""";Institución de ETP;Estatal;12;5;7;Servicios;SEC TEC
Buenos Aires;Lomas de Zamora;Escuela de Educación Secundaria Técnica (E.E.S.T.) Nº 9 Héroes de Malvinas;Institución de ETP;Estatal;555;301;254;Industrial;SEC TEC
Buenos Aires;Morón;Escuela de Educación Secundaria Técnica (E.E.S.T.) Nº 9000 Instituto Nacional de Aviación I.N.A.C.  C.I.A.T.A.;Institución de ETP;Estatal;377;310;67;Industrial;SEC TEC
Corrientes;Monte Caseros;Escuela de Educación Técnica (E.E.T.)  Alfredo Carlos Passera;Institución de ETP;Estatal;112;69;43;Industrial;SEC TEC-FP
Corrientes;Paso de los Libres;Escuela de Educación Técnica (E.E.T.)  Amalia del Valle Herrera de Aguirre;Institución de ETP;Estatal;296;121;175;Servicios;SEC TEC-FP
Corrientes;Goya;Escuela de Educación Técnica (E.E.T.)  Arquitecto Francisco Pinaroli;Institución de ETP;Estatal;328;265;63;Industrial;SEC TEC-FP
Corrientes;Capital;Escuela de Educación Técnica (E.E.T.)  Bernardino Rivadavia;Institución de ETP;Estatal;600;469;131;Industrial;SEC TEC-FP
Corrientes;Capital;Escuela de Educación Técnica (E.E.T.)  Brigadier General Pedro Ferré;Institución de ETP;Estatal;127;93;34;Industrial;SEC TEC-FP
Corrientes;Capital;Escuela de Educación Técnica (E.E.T.)  CARMEN MOLINA LLANO;Institución de ETP;Estatal;174;96;78;Servicios;SEC TEC
San Juan;Chimbas;Escuela de Educación Técnica (E.E.T.)  Colegio Del Prado                                                                                                                 ;Institución de Otro Nivel y/o Modalidad;Privado;94;52;42;Industrial;SEC TEC
Jujuy;Ledesma;"Escuela de Educación Técnica (E.E.T.)  Colegio Técnico ""Ing. Herminio Arrieta""";Institución de ETP;Privado;684;331;353;Industrial;SEC TEC
Corrientes;Mburucuyá;Escuela de Educación Técnica (E.E.T.)  DE MBURUCUYA;Institución de ETP;Estatal;87;52;35;Servicios;SEC TEC-FP
Corrientes;Bella Vista;Escuela de Educación Técnica (E.E.T.)  Dr. Juan Esteban Martinez;Institución de ETP;Estatal;404;324;80;Industrial;SEC TEC-FP
Corrientes;Saladas;Escuela de Educación Técnica (E.E.T.)  Dr. Juan G. Pujol;Institución de ETP;Estatal;311;168;143;Industrial;SEC TEC-FP
Corrientes;Esquina;Escuela de Educación Técnica (E.E.T.)  Dr. Juan Ramón Vidal;Institución de ETP;Estatal;370;227;143;Industrial;SEC TEC-FP
Corrientes;Empedrado;Escuela de Educación Técnica (E.E.T.)  EMPEDRADO;Institución de ETP;Estatal;165;83;82;Industrial;SEC TEC-FP
Corrientes;Santo Tomé;Escuela de Educación Técnica (E.E.T.)  Escuela Técnica;Institución de ETP;Estatal;283;207;76;Industrial;SEC TEC-FP
Corrientes;Capital;Escuela de Educación Técnica (E.E.T.)  Escuela Tecnica Construcciones Portuarias y Vías Navegables;Institución de ETP;Estatal;267;187;80;Industrial;SEC TEC
Corrientes;San Martín;Escuela de Educación Técnica (E.E.T.)  Escuela Técnica en La Cruz;Institución de ETP;Estatal;76;43;33;Industrial;SEC TEC
Corrientes;Ituzaingó;Escuela de Educación Técnica (E.E.T.)  EUGENIA ELMA MOROS;Institución de ETP;Estatal;82;43;39;Servicios;SEC TEC-FP
Corrientes;Capital;Escuela de Educación Técnica (E.E.T.)  Fray Luis Beltrán (Ex Centro Profesional Nº 01);Institución de ETP;Estatal;469;317;152;Industrial;SEC TEC-FP
Corrientes;Paso de los Libres;Escuela de Educación Técnica (E.E.T.)  General Joaquín Madariaga;Institución de ETP;Estatal;342;256;86;Industrial;SEC TEC-FP
Corrientes;Concepción;Escuela de Educación Técnica (E.E.T.)  Hijas de María;Institución de ETP;Estatal;100;70;30;Industrial;SEC TEC-FP
Corrientes;Curuzú Cuatiá;Escuela de Educación Técnica (E.E.T.)  Ingeniero Juan José Gómez Araujo;Institución de ETP;Estatal;218;111;107;Industrial;SEC TEC-FP
Corrientes;Ituzaingó;Escuela de Educación Técnica (E.E.T.)  Ingeniero Roque Guillermo Carranza;Institución de ETP;Estatal;186;110;76;Industrial;SEC TEC
San Juan;Capital;Escuela de Educación Técnica (E.E.T.)  Instituto Preuniversitario Escuela Industrial Domingo Faustino Sarmiento;Institución de ETP;Estatal;846;575;271;Industrial;SEC TEC
Corrientes;General Paz;Escuela de Educación Técnica (E.E.T.)  Itá Ibaté;Institución de ETP;Estatal;104;55;49;Industrial;SEC TEC-FP
Corrientes;Capital;Escuela de Educación Técnica (E.E.T.)  Juana Manso;Institución de ETP;Estatal;358;211;147;Industrial;SEC TEC-FP
Corrientes;Mercedes;Escuela de Educación Técnica (E.E.T.)  Libertador General Don José Francisco de San Martín;Institución de ETP;Estatal;56;42;14;Industrial;SEC TEC
Corrientes;San Luis del Palmar;Escuela de Educación Técnica (E.E.T.)  Nuestra Señora de Itatí;Institución de ETP;Estatal;156;86;70;Servicios;SEC TEC-FP
Corrientes;Monte Caseros;Escuela de Educación Técnica (E.E.T.)  Pedro Ferré;Institución de ETP;Estatal;411;260;151;Industrial;SEC TEC-FP
Corrientes;San Roque;Escuela de Educación Técnica (E.E.T.)  Remedios  Escalada de San Martín;Institución de ETP;Estatal;176;95;81;Industrial;SEC TEC-FP
Corrientes;Concepción;Escuela de Educación Técnica (E.E.T.)  Santa Rosa;Institución de ETP;Estatal;105;58;47;Industrial;SEC TEC
San Juan;Capital;Escuela de Educación Técnica (E.E.T.)  Técnica Obrero Argentino;Institución de ETP;Estatal;168;109;59;Industrial;SEC TEC
Corrientes;Capital;Escuela de Educación Técnica (E.E.T.)  U.O.C.R.A. Islas Malvinas;Institución de ETP;Estatal;222;123;99;Industrial;SEC TEC-FP
Corrientes;Goya;Escuela de Educación Técnica (E.E.T.)  Valentín Virasoro;Institución de ETP;Estatal;358;181;177;Industrial;SEC TEC-FP
Salta;Capital;Escuela de Educación Técnica (E.E.T.) Nº  3148 Ingeniero Otto Krause;Institución de ETP;Estatal;112;103;9;Industrial;SEC TEC
Entre Ríos;Uruguay;Escuela de Educación Técnica (E.E.T.) Nº 01 Ana Urquiza de Victorica;Institución de ETP;Estatal;274;88;186;Servicios;SEC TEC
Entre Ríos;Concordia;Escuela de Educación Técnica (E.E.T.) Nº 01 Brigadier Gral. Pascual Echague;Institución de ETP;Estatal;414;329;85;Industrial;SEC TEC
Entre Ríos;Diamante;Escuela de Educación Técnica (E.E.T.) Nº 01 Dr Alfredo Materi;Institución de ETP;Estatal;242;154;88;Industrial;SEC TEC
Entre Ríos;Colón;Escuela de Educación Técnica (E.E.T.) Nº 01 Dr. Herminio Juan Quirós;Institución de ETP;Estatal;236;210;26;Industrial;SEC TEC-FP
Entre Ríos;Gualeguay;"Escuela de Educación Técnica (E.E.T.) Nº 01 Dr. Luis R. Mac Kay"" con Centro de ANEXO Formacion Profesional";Institución de ETP;Estatal;247;183;64;Industrial;SEC TEC
Entre Ríos;Victoria;Escuela de Educación Técnica (E.E.T.) Nº 01 Dr. Pedro Radio;Institución de ETP;Estatal;226;168;58;Industrial;SEC TEC
Entre Ríos;Tala;Escuela de Educación Técnica (E.E.T.) Nº 01 EET N° 1 Dr Osvaldo Magnasco Anexo de FP ;Institución de ETP;Estatal;393;251;142;Industrial;SEC TEC
Jujuy;Humahuaca;Escuela de Educación Técnica (E.E.T.) Nº 01 El Aguilar;Institución de ETP;Estatal;55;33;22;Industrial;SEC TEC
Jujuy;Dr. Manuel Belgrano;Escuela de Educación Técnica (E.E.T.) Nº 01 Escolástico Zegada;Institución de ETP;Estatal;534;340;194;Industrial;SEC TEC
Entre Ríos;La Paz;Escuela de Educación Técnica (E.E.T.) Nº 01 España;Institución de ETP;Estatal;197;115;82;Industrial;SEC TEC
Entre Ríos;Paraná;Escuela de Educación Técnica (E.E.T.) Nº 01 General Francisco Ramírez;Institución de ETP;Estatal;452;396;56;Industrial;SEC TEC
Jujuy;Tilcara;Escuela de Educación Técnica (E.E.T.) Nº 01 General Manuel Belgrano;Institución de ETP;Estatal;472;278;194;Industrial;SEC TEC
Jujuy;Palpalá;Escuela de Educación Técnica (E.E.T.) Nº 01 General Manuel Savio;Institución de ETP;Estatal;573;365;208;Industrial;SEC TEC
Jujuy;El Carmen;Escuela de Educación Técnica (E.E.T.) Nº 01 Ingeniero Luis Michaud;Institución de ETP;Estatal;661;412;249;Industrial;SEC TEC-FP
Entre Ríos;San José de Feliciano;Escuela de Educación Técnica (E.E.T.) Nº 01 Juan Domingo Perón;Institución de ETP;Estatal;77;50;27;Industrial;SEC TEC
Jujuy;El Carmen;Escuela de Educación Técnica (E.E.T.) Nº 01 Maestro Humberto Samuel Luna;Institución de ETP;Estatal;429;325;104;Industrial;SEC TEC
Entre Ríos;Federación;Escuela de Educación Técnica (E.E.T.) Nº 01 Pablo Stampa;Institución de ETP;Estatal;135;118;17;Industrial;SEC TEC
Entre Ríos;Paraná;Escuela de Educación Técnica (E.E.T.) Nº 02 Almirante Guillermo Brown;Institución de ETP;Estatal;153;29;124;Servicios;SEC TEC-FP
Entre Ríos;Colón;Escuela de Educación Técnica (E.E.T.) Nº 02 Canónigo Narciso Goiburu;Institución de ETP;Estatal;381;173;208;Servicios;SEC TEC
Entre Ríos;Concordia;"Escuela de Educación Técnica (E.E.T.) Nº 02 EET N° 2 ""Independencia"".  Anexo de FP Independencia	";Institución de ETP;Estatal;153;97;56;Servicios;SEC TEC-FP
Entre Ríos;Uruguay;Escuela de Educación Técnica (E.E.T.) Nº 02 Francisco Ramírez;Institución de ETP;Estatal;285;259;26;Industrial;SEC TEC
Entre Ríos;Gualeguaychú;Escuela de Educación Técnica (E.E.T.) Nº 02 Pbro. José María Colombo;Institución de ETP;Estatal;252;206;46;Industrial;SEC TEC-SUP-FP
Jujuy;Dr. Manuel Belgrano;Escuela de Educación Técnica (E.E.T.) Nº 02 Profesor Jesús R. Salazar;Institución de ETP;Estatal;589;410;179;Industrial;SEC TEC
Entre Ríos;Paraná;Escuela de Educación Técnica (E.E.T.) Nº 03 Teniente Don Luis Cenobio Candelaria;Institución de ETP;Estatal;221;141;80;Industrial;SEC TEC
Entre Ríos;Paraná;Escuela de Educación Técnica (E.E.T.) Nº 04 Dr. Jorge Pedro Busti;Institución de ETP;Estatal;76;56;20;Industrial;SEC TEC
Entre Ríos;Gualeguaychú;Escuela de Educación Técnica (E.E.T.) Nº 04 Pablo Roberto Broese;Institución de ETP;Estatal;59;52;7;Industrial;SEC TEC
Entre Ríos;Paraná;Escuela de Educación Técnica (E.E.T.) Nº 05 Malvinas Argentinas;Institución de ETP;Estatal;110;86;24;Industrial;SEC TEC
Entre Ríos;Gualeguaychú;Escuela de Educación Técnica (E.E.T.) Nº 1 Alférez de Navío José María Sobral;Institución de ETP;Estatal;184;22;162;Industrial;SEC TEC
Entre Ríos;Victoria;"Escuela de Educación Técnica (E.E.T.) Nº 1 Anexo  Dr. Pedro Radío"" ";Institución de ETP;Estatal;76;33;43;Agropecuaria;SEC TEC
Jujuy;San Pedro;Escuela de Educación Técnica (E.E.T.) Nº 1 Coronel Manuel Álvarez Prado;Institución de ETP;Estatal;555;399;156;Industrial;SEC TEC
Entre Ríos;Villaguay;Escuela de Educación Técnica (E.E.T.) Nº 1 Dr. C. M. Etchebarne;Institución de ETP;Estatal;360;214;146;Industrial;SEC TEC
Entre Ríos;Islas del Ibicuy;Escuela de Educación Técnica (E.E.T.) Nº 1 E.E.T. Nº1 Augusto Widmann ;Institución de ETP;Estatal;74;55;19;Industrial;SEC TEC
Jujuy;El Carmen;Escuela de Educación Técnica (E.E.T.) Nº 1 EET1- Monterrico ;Institución de ETP;Estatal;174;104;70;Industrial;SEC TEC
Jujuy;Yavi;Escuela de Educación Técnica (E.E.T.) Nº 1 La Quiaca;Institución de ETP;Estatal;410;224;186;Industrial;SEC TEC
Chaco;Mayor Jorge Luis Fontana;Escuela de Educación Técnica (E.E.T.) Nº 1 Paula Albarracín;Institución de ETP;Estatal;138;63;75;Servicios;SEC TEC-FP
Entre Ríos;Paraná;Escuela de Educación Técnica (E.E.T.) Nº 100 Puerto Nuevo;Institución de ETP;Estatal;81;61;20;Industrial;SEC TEC
Entre Ríos;Diamante;Escuela de Educación Técnica (E.E.T.) Nº 114 Justo José de Urquiza;Institución de ETP;Estatal;81;65;16;Industrial;SEC TEC
Chaco;General Güemes;Escuela de Educación Técnica (E.E.T.) Nº 12 María Rosa Almandoz;Institución de ETP;Estatal;258;145;113;Industrial;SEC TEC
Entre Ríos;Uruguay;Escuela de Educación Técnica (E.E.T.) Nº 13 Dr. Héctor Buenaventura Sauret;Institución de ETP;Estatal;55;39;16;Industrial;SEC TEC
Corrientes;Santo Tomé;Escuela de Educación Técnica (E.E.T.) Nº 1313 Nuevo Milenio;Institución de ETP;Estatal;262;162;100;Industrial;SEC TEC-FP
Entre Ríos;Paraná;Escuela de Educación Técnica (E.E.T.) Nº 139 De Producción Agro Industrial;Institución de ETP;Estatal;188;103;85;Industrial;SEC TEC-FP
Chaco;San Fernando;Escuela de Educación Técnica (E.E.T.) Nº 15 ;Institución de ETP;Estatal;262;155;107;Industrial;SEC TEC
Chaco;San Fernando;Escuela de Educación Técnica (E.E.T.) Nº 16 1° de Mayo;Institución de ETP;Estatal;300;214;86;Industrial;SEC TEC
Entre Ríos;Paraná;Escuela de Educación Técnica (E.E.T.) Nº 17 ;Institución de ETP;Estatal;43;38;5;Industrial;SEC TEC
Entre Ríos;Paraná;Escuela de Educación Técnica (E.E.T.) Nº 18 Arquitecto Clorindo Testa;Institución de ETP;Estatal;40;24;16;Industrial;SEC TEC
Entre Ríos;Gualeguaychú;Escuela de Educación Técnica (E.E.T.) Nº 18 General Manuel Nicolás Savio;Institución de ETP;Estatal;122;104;18;Industrial;SEC TEC
Chaco;Quitilipi;Escuela de Educación Técnica (E.E.T.) Nº 18 Profesora Marta Magdalena Touceda;Institución de ETP;Estatal;167;86;81;Servicios;SEC TEC
Entre Ríos;Paraná;Escuela de Educación Técnica (E.E.T.) Nº 191 María Reina Inmaculada;Institución de ETP;Privado;21;13;8;Industrial;SEC TEC
Jujuy;San Pedro;Escuela de Educación Técnica (E.E.T.) Nº 2 Dr. Horacio Guzmán;Institución de ETP;Estatal;214;125;89;Industrial;SEC TEC
Chaco;San Fernando;Escuela de Educación Técnica (E.E.T.) Nº 2 General José de San Martín;Institución de ETP;Estatal;465;275;190;Industrial;SEC TEC-FP
Entre Ríos;Gualeguay;Escuela de Educación Técnica (E.E.T.) Nº 2 Olegario Víctor Andrade. Anexo FP;Institución de ETP;Estatal;123;20;103;Servicios;SEC TEC
Chaco;Maipú;Escuela de Educación Técnica (E.E.T.) Nº 20 Nuestra Señora de Luján;Institución de ETP;Estatal;212;119;93;Industrial;SEC TEC
Chaco;San Fernando;Escuela de Educación Técnica (E.E.T.) Nº 21 General Manuel Belgrano;Institución de ETP;Estatal;572;356;216;Industrial;SEC TEC
Entre Ríos;Paraná;Escuela de Educación Técnica (E.E.T.) Nº 21 Libertador General Don José de San Martín;Institución de ETP;Estatal;169;117;52;Industrial;SEC TEC
Chaco;Comandante Fernández;Escuela de Educación Técnica (E.E.T.) Nº 22 Teniente Benjamín Matienzo;Institución de ETP;Estatal;450;279;171;Industrial;SEC TEC
Entre Ríos;Federal;Escuela de Educación Técnica (E.E.T.) Nº 23 Caudillos Federales;Institución de ETP;Estatal;136;99;37;Industrial;SEC TEC
Chaco;Comandante Fernández;Escuela de Educación Técnica (E.E.T.) Nº 23 Gregoria Matorras de San Martín;Institución de ETP;Estatal;221;90;131;Servicios;SEC TEC-FP
Chaco;San Fernando;Escuela de Educación Técnica (E.E.T.) Nº 24 Simón de Iriondo;Institución de ETP;Estatal;696;369;327;Servicios;SEC TEC-FP
Chaco;Mayor Jorge Luis Fontana;Escuela de Educación Técnica (E.E.T.) Nº 25 Localidad Villa Ángela;Institución de ETP;Estatal;216;166;50;Industrial;SEC TEC
Chaco;Libertador General de San Martín;Escuela de Educación Técnica (E.E.T.) Nº 26 Colonia General San Martín;Institución de ETP;Estatal;221;126;95;Industrial;SEC TEC
Chaco;Bermejo;Escuela de Educación Técnica (E.E.T.) Nº 27 Francisco Ramón Le Vraux;Institución de ETP;Estatal;166;104;62;Industrial;SEC TEC
Santa Fé;Castellanos;Escuela de Educación Técnica (E.E.T.) Nº 279 Teniente Benjamín Matienzo;Institución de ETP;Estatal;259;157;102;Industrial;SEC TEC-FP
Chaco;Veinticinco de Mayo;Escuela de Educación Técnica (E.E.T.) Nº 28 Victorino Gutiérrez;Institución de ETP;Estatal;162;118;44;Industrial;SEC TEC-FP
Chaco;Chacabuco;Escuela de Educación Técnica (E.E.T.) Nº 29 Domingo Carlisi;Institución de ETP;Estatal;126;102;24;Industrial;SEC TEC-FP
Santa Fé;San Lorenzo;Escuela de Educación Técnica (E.E.T.) Nº 293 Posta de San Lorenzo;Institución de ETP;Estatal;591;406;185;Industrial;SEC TEC
Santa Fé;Vera;Escuela de Educación Técnica (E.E.T.) Nº 296 8 de Setiembre;Institución de ETP;Estatal;88;35;53;Agropecuaria;SEC TEC
Entre Ríos;Gualeguaychú;"Escuela de Educación Técnica (E.E.T.) Nº 3  y Anexo de FP 15 de Noviembre	";Institución de ETP;Estatal;182;166;16;Industrial;SEC TEC
Entre Ríos;Uruguay;Escuela de Educación Técnica (E.E.T.) Nº 3 Dr Miguel Marsiglia;Institución de ETP;Estatal;43;40;3;Industrial;SEC TEC
Entre Ríos;Paraná;Escuela de Educación Técnica (E.E.T.) Nº 3 Enrique Carbó;Institución de ETP;Estatal;127;19;108;Servicios;SEC TEC-FP
Salta;General José de San Martín;Escuela de Educación Técnica (E.E.T.) Nº 3.113 Francisco Tobar;Institución de ETP;Estatal;240;145;95;Industrial;SEC TEC-FP
Salta;Metán;Escuela de Educación Técnica (E.E.T.) Nº 3.119 Presidente Juan Domingo Perón;Institución de ETP;Estatal;95;60;35;Agropecuaria;SEC TEC
Salta;Anta;Escuela de Educación Técnica (E.E.T.) Nº 3.126 ESCUELA DE EDUCACION TECNICA ;Institución de ETP;Estatal;169;90;79;Agropecuaria;SEC TEC
Salta;Rivadavia;Escuela de Educación Técnica (E.E.T.) Nº 3.127 Justo Pastos Santa Cruz;Institución de ETP;Estatal;71;36;35;Agropecuaria;SEC TEC
Salta;Metán;Escuela de Educación Técnica (E.E.T.) Nº 3.129 E.M.E.T.A. I;Institución de ETP;Estatal;49;40;9;Agropecuaria;SEC TEC
Salta;General José de San Martín;Escuela de Educación Técnica (E.E.T.) Nº 3.135 Gral. José de San Martín;Institución de ETP;Estatal;525;399;126;Industrial;SEC TEC
Salta;General José de San Martín;Escuela de Educación Técnica (E.E.T.) Nº 3.136 Vespucio;Institución de ETP;Estatal;312;218;94;Industrial;SEC TEC-FP
Salta;Capital;Escuela de Educación Técnica (E.E.T.) Nº 3.138 (Ex 5138) Alberto Einstein;Institución de ETP;Estatal;638;547;91;Industrial;SEC TEC
Salta;Capital;Escuela de Educación Técnica (E.E.T.) Nº 3.144  Capitán Marcelo Pedro Lotufo;Institución de ETP;Estatal;306;257;49;Industrial;SEC TEC
Salta;General José de San Martín;Escuela de Educación Técnica (E.E.T.) Nº 3.153  ;Institución de ETP;Estatal;51;23;28;Agropecuaria;SEC TEC
Salta;Anta;Escuela de Educación Técnica (E.E.T.) Nº 3.167 EET 3167 - Las Lajitas;Institución de ETP;Estatal;103;65;38;Agropecuaria;SEC TEC
Salta;Anta;Escuela de Educación Técnica (E.E.T.) Nº 3.168 ;Institución de ETP;Estatal;160;113;47;Industrial;SEC TEC
Salta;Anta;Escuela de Educación Técnica (E.E.T.) Nº 3114 Anexo Piquete Cabado;Institución de ETP;Estatal;28;10;18;Servicios;SEC TEC
Salta;San Carlos;Escuela de Educación Técnica (E.E.T.) Nº 3155 (Ex 5043) Anexo;Institución de ETP;Estatal;27;14;13;Agropecuaria;SEC TEC
Salta;Anta;Escuela de Educación Técnica (E.E.T.) Nº 3168 ;Institución de ETP;Estatal;11;7;4;Agropecuaria;SEC TEC
Salta;Rivadavia;Escuela de Educación Técnica (E.E.T.) Nº 3170 San Martín de Porres;Institución de ETP;Estatal;126;51;75;Agropecuaria;SEC TEC
Salta;Los Andes;Escuela de Educación Técnica (E.E.T.) Nº 3173 Pte. Dr. Néstor Carlos Kirchner;Institución de ETP;Estatal;217;101;116;Industrial;SEC TEC
Chaco;San Fernando;Escuela de Educación Técnica (E.E.T.) Nº 32 Suboficial Mayor (R) Martín Lidoro Guzman;Institución de ETP;Estatal;335;214;121;Industrial;SEC TEC-FP
Chaco;San Fernando;Escuela de Educación Técnica (E.E.T.) Nº 33 DIRECTOR CARLOS SILVA;Institución de ETP;Estatal;659;394;265;Industrial;SEC TEC
Entre Ríos;Paraná;Escuela de Educación Técnica (E.E.T.) Nº 34 General Enrique Mosconi;Institución de ETP;Estatal;143;107;36;Industrial;SEC TEC
Santa Fé;Rosario;Escuela de Educación Técnica (E.E.T.) Nº 346 Juan Antonio Álvarez de Arenales;Institución de ETP;Estatal;192;98;94;Industrial;SEC TEC
Entre Ríos;Paraná;Escuela de Educación Técnica (E.E.T.) Nº 35 Gral. Don José de San Martín - Uader;Institución de ETP;Estatal;267;200;67;Industrial;SEC TEC-FP
Chaco;Doce de Octubre;Escuela de Educación Técnica (E.E.T.) Nº 37 INTENDENTE JUAN ANTONIO RESCHINI;Institución de ETP;Estatal;96;63;33;Industrial;SEC TEC
Chaco;Libertad;Escuela de Educación Técnica (E.E.T.) Nº 39 ;Institución de ETP;Estatal;316;169;147;Industrial;SEC TEC
Entre Ríos;Diamante;Escuela de Educación Técnica (E.E.T.) Nº 4 EET Nº 4;Institución de ETP;Estatal;43;39;4;Industrial;SEC TEC
Chaco;San Lorenzo;Escuela de Educación Técnica (E.E.T.) Nº 40 Tránsito Raúl Baldonado;Institución de ETP;Estatal;83;50;33;Industrial;SEC TEC
Mendoza;Capital;Escuela de Educación Técnica (E.E.T.) Nº 4-002 Fray Luis Beltrán;Institución de ETP;Estatal;348;124;224;Industrial;SEC TEC
Mendoza;Maipú;Escuela de Educación Técnica (E.E.T.) Nº 4-003 Emilio Civit;Institución de ETP;Estatal;510;366;144;Industrial;SEC TEC
Mendoza;San Rafael;Escuela de Educación Técnica (E.E.T.) Nº 4-004 Mercedes Álvarez de Segura;Institución de ETP;Estatal;309;18;291;Servicios;SEC TEC
Mendoza;San Martín;Escuela de Educación Técnica (E.E.T.) Nº 4-005 Josefa Capdevila;Institución de ETP;Estatal;396;130;266;Servicios;SEC TEC
Mendoza;San Rafael;Escuela de Educación Técnica (E.E.T.) Nº 4-006 Pascual Iaccarini;Institución de ETP;Estatal;418;215;203;Agropecuaria;SEC TEC
Mendoza;Guaymallén;Escuela de Educación Técnica (E.E.T.) Nº 4-007 Miguel Amado Pouget;Institución de ETP;Estatal;239;114;125;Agropecuaria;SEC TEC
Mendoza;Las Heras;Escuela de Educación Técnica (E.E.T.) Nº 4-011 Capitán Daniel F. Manzotti;Institución de ETP;Estatal;290;258;32;Industrial;SEC TEC
Mendoza;Capital;Escuela de Educación Técnica (E.E.T.) Nº 4-013 Dr. Bernardo Houssay;Institución de ETP;Estatal;328;113;215;Industrial;SEC TEC
Mendoza;Junín;Escuela de Educación Técnica (E.E.T.) Nº 4-016 Ingeniero Antonio Marcelo Arboit;Institución de ETP;Estatal;609;289;320;Industrial;SEC TEC
Mendoza;San Rafael;Escuela de Educación Técnica (E.E.T.) Nº 4-017 Bernardino Izuel;Institución de ETP;Estatal;192;107;85;Industrial;SEC TEC
Mendoza;Malargüe;Escuela de Educación Técnica (E.E.T.) Nº 4-018 General Manuel Savio;Institución de ETP;Estatal;486;243;243;Industrial;SEC TEC
Mendoza;Las Heras;Escuela de Educación Técnica (E.E.T.) Nº 4-019 Capitán José Daniel Vázquez;Institución de ETP;Estatal;342;134;208;Industrial;SEC TEC
Mendoza;Godoy Cruz;Escuela de Educación Técnica (E.E.T.) Nº 4-020 Ingeniero Gabriel del Mazo;Institución de ETP;Estatal;411;379;32;Industrial;SEC TEC
Mendoza;San Rafael;Escuela de Educación Técnica (E.E.T.) Nº 4-021  Martín Güemes;Institución de ETP;Estatal;141;72;69;Agropecuaria;SEC TEC
Mendoza;Luján de Cuyo;Escuela de Educación Técnica (E.E.T.) Nº 4-022 General Enrique Mosconi;Institución de ETP;Estatal;163;123;40;Industrial;SEC TEC
Mendoza;Guaymallén;Escuela de Educación Técnica (E.E.T.) Nº 4-025 Los Corralitos;Institución de ETP;Estatal;485;215;270;Agropecuaria;SEC TEC
Mendoza;San Martín;Escuela de Educación Técnica (E.E.T.) Nº 4-027 Moises Julio Chade;Institución de ETP;Estatal;169;83;86;Agropecuaria;SEC TEC
Mendoza;Las Heras;Escuela de Educación Técnica (E.E.T.) Nº 4-029 General José de San Martín;Institución de ETP;Estatal;148;100;48;Industrial;SEC TEC
Mendoza;Godoy Cruz;Escuela de Educación Técnica (E.E.T.) Nº 4030 Profesor Angel Cervera;Institución de ETP;Estatal;47;29;18;Industrial;SEC TEC
Mendoza;La Paz;Escuela de Educación Técnica (E.E.T.) Nº 4-034 Galileo Vitali;Institución de ETP;Estatal;210;101;109;Agropecuaria;SEC TEC
Mendoza;Tunuyán;Escuela de Educación Técnica (E.E.T.) Nº 4-035 Julia Silva de Cejas;Institución de ETP;Estatal;588;210;378;Agropecuaria;SEC TEC
Mendoza;Godoy Cruz;Escuela de Educación Técnica (E.E.T.) Nº 4-036 Raúl Scalabrini Ortiz;Institución de ETP;Estatal;65;28;37;Servicios;SEC TEC
Mendoza;Las Heras;Escuela de Educación Técnica (E.E.T.) Nº 4-037 Homero Manzi;Institución de ETP;Estatal;127;55;72;Industrial;SEC TEC
Mendoza;Luján de Cuyo;Escuela de Educación Técnica (E.E.T.) Nº 4-038 Arturo Jauretche;Institución de ETP;Estatal;325;147;178;Agropecuaria;SEC TEC
Mendoza;Maipú;Escuela de Educación Técnica (E.E.T.) Nº 4-039 Cruz de Piedra;Institución de ETP;Estatal;378;267;111;Industrial;SEC TEC
Mendoza;San Rafael;Escuela de Educación Técnica (E.E.T.) Nº 4-043 Antonio Di Benedetto;Institución de ETP;Estatal;82;43;39;Agropecuaria;SEC TEC
Mendoza;San Rafael;Escuela de Educación Técnica (E.E.T.) Nº 4-044 Ingeniero Florencio Bienvenido Casale;Institución de ETP;Estatal;51;17;34;Industrial;SEC TEC
Mendoza;Luján de Cuyo;Escuela de Educación Técnica (E.E.T.) Nº 4-046 Ingeniero Julio Krause;Institución de ETP;Estatal;242;129;113;Industrial;SEC TEC
Mendoza;Maipú;Escuela de Educación Técnica (E.E.T.) Nº 4-053 Dr. Horacio Roman Martinez Leánez;Institución de ETP;Estatal;179;135;44;Industrial;SEC TEC
Mendoza;Junín;Escuela de Educación Técnica (E.E.T.) Nº 4-055 Pbro. Constantino Spagnolo;Institución de ETP;Estatal;141;94;47;Industrial;SEC TEC
Mendoza;Maipú;Escuela de Educación Técnica (E.E.T.) Nº 4-062 Profesora Juana Beatriz Albornoz de Cortes;Institución de ETP;Estatal;293;150;143;Industrial;SEC TEC
Mendoza;San Rafael;Escuela de Educación Técnica (E.E.T.) Nº 4-063 Dr. Luis Federico Leloir;Institución de ETP;Estatal;156;123;33;Industrial;SEC TEC
Mendoza;San Martín;Escuela de Educación Técnica (E.E.T.) Nº 4-064 Intendente Juan Kairuz;Institución de ETP;Estatal;78;48;30;Industrial;SEC TEC
Santa Fé;Rosario;Escuela de Educación Técnica (E.E.T.) Nº 407 ;Institución de ETP;Estatal;112;68;44;Industrial;SEC TEC
Mendoza;Capital;Escuela de Educación Técnica (E.E.T.) Nº 4-077 Arquitecto Manuel Victor Civit;Institución de ETP;Estatal;277;201;76;Industrial;SEC TEC
Mendoza;Santa Rosa;Escuela de Educación Técnica (E.E.T.) Nº 4-081 Ingeniero Francisco Martín Croce;Institución de ETP;Estatal;313;152;161;Agropecuaria;SEC TEC
Santa Fé;San Lorenzo;Escuela de Educación Técnica (E.E.T.) Nº 410 Fray Luis Beltrán;Institución de ETP;Estatal;420;300;120;Industrial;SEC TEC
Mendoza;Luján de Cuyo;Escuela de Educación Técnica (E.E.T.) Nº 4-104 ;Institución de ETP;Estatal;611;424;187;Industrial;SEC TEC
Mendoza;General Alvear;Escuela de Educación Técnica (E.E.T.) Nº 4-105 Énore De Monte;Institución de ETP;Estatal;142;97;45;Industrial;SEC TEC
Mendoza;Las Heras;Escuela de Educación Técnica (E.E.T.) Nº 4-106 IV BRIGADA AÉREA;Institución de ETP;Estatal;195;157;38;Industrial;SEC TEC
Mendoza;Tunuyán;Escuela de Educación Técnica (E.E.T.) Nº 4-107 Ejercito Argentino;Institución de ETP;Estatal;311;194;117;Industrial;SEC TEC
Mendoza;Maipú;Escuela de Educación Técnica (E.E.T.) Nº 4-108 Ingeniero Guillermo Villanueva;Institución de ETP;Estatal;473;409;64;Industrial;SEC TEC
Mendoza;Godoy Cruz;Escuela de Educación Técnica (E.E.T.) Nº 4-109 Ingeniero Alvarez Condarco;Institución de ETP;Estatal;350;292;58;Industrial;SEC TEC
Mendoza;Junín;Escuela de Educación Técnica (E.E.T.) Nº 4-110 Presidente Nicolás Avellaneda;Institución de ETP;Estatal;221;182;39;Industrial;SEC TEC
Mendoza;Capital;Escuela de Educación Técnica (E.E.T.) Nº 4-111 INGENIERO PABLO NOGUÉS;Institución de ETP;Estatal;922;776;146;Industrial;SEC TEC
Mendoza;Las Heras;Escuela de Educación Técnica (E.E.T.) Nº 4-112 PROF. ANTONIO DOUGLAS GURGUI;Institución de ETP;Estatal;223;201;22;Industrial;SEC TEC
Mendoza;General Alvear;Escuela de Educación Técnica (E.E.T.) Nº 4-113 Ingeniero Jorge Raúl Barraquero;Institución de ETP;Estatal;649;481;168;Industrial;SEC TEC
Mendoza;San Rafael;Escuela de Educación Técnica (E.E.T.) Nº 4-114 Manuel Belgrano;Institución de ETP;Estatal;321;187;134;Industrial;SEC TEC
Mendoza;San Rafael;Escuela de Educación Técnica (E.E.T.) Nº 4-116 Juan Pablo II;Institución de ETP;Estatal;110;64;46;Industrial;SEC TEC
Mendoza;San Rafael;Escuela de Educación Técnica (E.E.T.) Nº 4-117 Ejército de los Andes;Institución de ETP;Estatal;624;463;161;Industrial;SEC TEC
Mendoza;Guaymallén;Escuela de Educación Técnica (E.E.T.) Nº 4-118 San José;Institución de ETP;Estatal;567;482;85;Industrial;SEC TEC-FP
Mendoza;Rivadavia;Escuela de Educación Técnica (E.E.T.) Nº 4-119 Santa María de Oro;Institución de ETP;Estatal;284;232;52;Industrial;SEC TEC
Mendoza;San Martín;Escuela de Educación Técnica (E.E.T.) Nº 4-120 General José de San Martín;Institución de ETP;Estatal;362;312;50;Industrial;SEC TEC-FP
Mendoza;Guaymallén;Escuela de Educación Técnica (E.E.T.) Nº 4-121 Técnicos Mendocinos;Institución de ETP;Estatal;421;340;81;Industrial;SEC TEC
Mendoza;Tupungato;Escuela de Educación Técnica (E.E.T.) Nº 4-122 Republica Italiana;Institución de ETP;Estatal;678;356;322;Industrial;SEC TEC
Mendoza;San Carlos;Escuela de Educación Técnica (E.E.T.) Nº 4-123 Integración;Institución de ETP;Estatal;242;180;62;Industrial;SEC TEC
Mendoza;San Rafael;Escuela de Educación Técnica (E.E.T.) Nº 4-124 Reynaldo Merín;Institución de ETP;Estatal;368;280;88;Industrial;SEC TEC
Mendoza;San Rafael;Escuela de Educación Técnica (E.E.T.) Nº 4-130 PROF. JORGE DE LA RETA;Institución de ETP;Estatal;117;96;21;Servicios;SEC TEC
Mendoza;Capital;Escuela de Educación Técnica (E.E.T.) Nº 4-132 Químicos Argentinos;Institución de ETP;Estatal;348;129;219;Industrial;SEC TEC
Mendoza;Godoy Cruz;Escuela de Educación Técnica (E.E.T.) Nº 416 Escuela Técnica de la Universidad de Mendoza;Institución de ETP;Privado;197;177;20;Industrial;SEC TEC
Mendoza;Lavalle;Escuela de Educación Técnica (E.E.T.) Nº 4-160 Tito Francia;Institución de ETP;Estatal;154;63;91;Agropecuaria;SEC TEC
Mendoza;Lavalle;Escuela de Educación Técnica (E.E.T.) Nº 4-161 José Miguel Graneros;Institución de ETP;Estatal;130;60;70;Agropecuaria;SEC TEC
Mendoza;Maipú;Escuela de Educación Técnica (E.E.T.) Nº 4-166 Fernando Lorenzo;Institución de ETP;Estatal;318;110;208;Industrial;SEC TEC
Mendoza;General Alvear;Escuela de Educación Técnica (E.E.T.) Nº 4-171 Preceptora Hilda Mabel Coria;Institución de ETP;Estatal;57;15;42;Agropecuaria;SEC TEC
Mendoza;Lavalle;Escuela de Educación Técnica (E.E.T.) Nº 4-185 Elena Elvira Mazio de Cavagnola;Institución de ETP;Estatal;133;63;70;Servicios;SEC TEC
Mendoza;Maipú;Escuela de Educación Técnica (E.E.T.) Nº 4-188 Padre Eduardo Sergio Iácono;Institución de ETP;Estatal;172;75;97;Industrial;SEC TEC
Mendoza;Malargüe;Escuela de Educación Técnica (E.E.T.) Nº 4-191 Dr. Daniel Hugo Pierini;Institución de ETP;Estatal;83;30;53;Agropecuaria;SEC TEC
Mendoza;San Carlos;Escuela de Educación Técnica (E.E.T.) Nº 4-193 María Luisa Páscolo de Bandiera;Institución de ETP;Estatal;111;47;64;Agropecuaria;SEC TEC
Mendoza;San Rafael;Escuela de Educación Técnica (E.E.T.) Nº 4-197 Ingeniero Julio Gatica;Institución de ETP;Estatal;47;19;28;Agropecuaria;SEC TEC
Mendoza;San Rafael;Escuela de Educación Técnica (E.E.T.) Nº 4-198 Francisco García;Institución de ETP;Estatal;21;10;11;Agropecuaria;SEC TEC
Chaco;Almirante Brown;Escuela de Educación Técnica (E.E.T.) Nº 42 Profesor Ernesto Roberto Ayala;Institución de ETP;Estatal;153;106;47;Industrial;SEC TEC
Mendoza;San Martín;Escuela de Educación Técnica (E.E.T.) Nº 4-213 HUMBERTO ANTONIO VALESTRA;Institución de ETP;Estatal;81;41;40;Industrial;SEC TEC
Mendoza;San Rafael;Escuela de Educación Técnica (E.E.T.) Nº 4-246 Técnica Agropecuaria El Cerrito;Institución de ETP;Estatal;55;33;22;Agropecuaria;SEC TEC
Mendoza;Maipú;"Escuela de Educación Técnica (E.E.T.) Nº 4-255 ""Alberto Victorio Zuccardi""";Institución de ETP;Estatal;92;39;53;Agropecuaria;SEC TEC
Entre Ríos;La Paz;Escuela de Educación Técnica (E.E.T.) Nº 44 Dr. Luis Federico Leloir;Institución de ETP;Estatal;99;67;32;Industrial;SEC TEC
Entre Ríos;San Salvador;Escuela de Educación Técnica (E.E.T.) Nº 45 Félix Bourren Meyer;Institución de ETP;Estatal;263;165;98;Industrial;SEC TEC
Santa Fé;Rosario;Escuela de Educación Técnica (E.E.T.) Nº 459 Inspector Modesto J. Ceratto;Institución de ETP;Estatal;205;155;50;Industrial;SEC TEC
Chaco;General Donovan;Escuela de Educación Técnica (E.E.T.) Nº 47 Escribano Deolindo Felipe Bittel;Institución de ETP;Estatal;115;63;52;Industrial;SEC TEC-FP
Santa Fé;Rosario;Escuela de Educación Técnica (E.E.T.) Nº 485 Vicecomodoro Marambio;Institución de ETP;Estatal;347;271;76;Industrial;SEC TEC
Chaco;Fray Justo Santa María de Oro;Escuela de Educación Técnica (E.E.T.) Nº 49 Papa Francisco;Institución de ETP;Estatal;144;94;50;Industrial;SEC TEC-FP
Entre Ríos;Colón;"Escuela de Educación Técnica (E.E.T.) Nº 5 ""Profesor Carlos María Roude""";Institución de ETP;Estatal;114;90;24;Industrial;SEC TEC
Entre Ríos;Nogoyá;Escuela de Educación Técnica (E.E.T.) Nº 5 14 de Febrero;Institución de ETP;Estatal;17;13;4;Industrial;SEC TEC
Chaco;Nueve de Julio;Escuela de Educación Técnica (E.E.T.) Nº 5 Ingeniero Juan Col;Institución de ETP;Estatal;250;163;87;Industrial;SEC TEC
Chaco;General Belgrano;"Escuela de Educación Técnica (E.E.T.) Nº 50 Nicolás Miguel Gaczek	";Institución de ETP;Estatal;101;40;61;Industrial;SEC TEC-FP
Chaco;Presidencia de la Plaza;Escuela de Educación Técnica (E.E.T.) Nº 53 Juan Domingo Perón;Institución de ETP;Estatal;184;91;93;Industrial;SEC TEC
San Juan;Calingasta;Escuela de Educación Técnica (E.E.T.) Nº 54 Jesús de la Buena Esperanza;Institución de ETP;Privado;140;79;61;Agropecuaria;SEC TEC
Entre Ríos;Federación;Escuela de Educación Técnica (E.E.T.) Nº 57 Fray Luis Beltrán;Institución de ETP;Estatal;214;143;71;Industrial;SEC TEC
San Juan;Calingasta;Escuela de Educación Técnica (E.E.T.) Nº 571 Escuela Técnica General Manuel Savio;Institución de ETP;Estatal;145;80;65;Industrial;SEC TEC
Entre Ríos;Paraná;Escuela de Educación Técnica (E.E.T.) Nº 58 Dr. Federico Hoenig;Institución de ETP;Estatal;123;71;52;Industrial;SEC TEC
Entre Ríos;Federación;"Escuela de Educación Técnica (E.E.T.) Nº 6 ""Nikola Tesla""";Institución de ETP;Estatal;53;36;17;Agropecuaria;SEC TEC
Entre Ríos;Colón;"Escuela de Educación Técnica (E.E.T.) Nº 6 Juan Francisco Antonio Forclaz	";Institución de ETP;Estatal;149;120;29;Industrial;SEC TEC
Santa Fé;Rosario;Escuela de Educación Técnica (E.E.T.) Nº 656 Juana Elena Blanco;Institución de ETP;Estatal;45;19;26;Servicios;SEC TEC-FP
Entre Ríos;Paraná;Escuela de Educación Técnica (E.E.T.) Nº 68 Profesor Facundo Arce;Institución de ETP;Estatal;116;61;55;Industrial;SEC TEC
Santa Fé;Rosario;Escuela de Educación Técnica (E.E.T.) Nº 680 Dr. Mariano Moreno;Institución de ETP;Estatal;204;90;114;Servicios;SEC TEC
Santa Fé;Las Colonias;Escuela de Educación Técnica (E.E.T.) Nº 696 Padre Enrique Niemann;Institución de ETP;Estatal;142;72;70;Industrial;SEC TEC
Santa Fé;Rosario;Escuela de Educación Técnica (E.E.T.) Nº 697 Prefecto Marítimo Carlos A. Mansilla;Institución de ETP;Estatal;159;137;22;Industrial;SEC TEC
Entre Ríos;Uruguay;Escuela de Educación Técnica (E.E.T.) Nº 7 Escuela de Educación Técnica N° 7 - Anexo Formación Profesional;Institución de ETP;Estatal;64;41;23;Industrial;SEC TEC
Entre Ríos;Uruguay;Escuela de Educación Técnica (E.E.T.) Nº 79 Dr José Benjamín Zubiaur;Institución de ETP;Estatal;88;70;18;Industrial;SEC TEC-FP
Salta;Orán;Escuela de Educación Técnica (E.E.T.) Nº 8102 SAN JOSE OBRERO;Institución de ETP;Privado;139;98;41;Industrial;SEC TEC
Entre Ríos;Islas del Ibicuy;Escuela de Educación Técnica (E.E.T.) Nº 96 Conscripto Humberto Omar Giorgi;Institución de ETP;Estatal;64;36;28;Industrial;SEC TEC
Entre Ríos;La Paz;Escuela de Educación Técnica (E.E.T.) Nº D-67 Fernando Torres Vilches;Institución de ETP;Privado;102;100;2;Industrial;SEC TEC-FP
Entre Ríos;Paraná;Escuela de Educación Técnica (E.E.T.) Nº D-76 Juan XXIII;Institución de ETP;Privado;167;126;41;Industrial;SEC TEC
Salta;Capital;Escuela de Educación Técnica (E.E.T.) y Centro de Formación Profesional (C.F.P.) Nº 3.100 (EX 5100) República de la India;Institución de ETP;Estatal;334;289;45;Industrial;SEC TEC-FP
Salta;Capital;Escuela de Educación Técnica (E.E.T.) y Centro de Formación Profesional (C.F.P.) Nº 3.101 Dr. Joaquín Castellanos;Institución de ETP;Estatal;484;7;477;Industrial;SEC TEC-FP
Salta;General Güemes;Escuela de Educación Técnica (E.E.T.) y Centro de Formación Profesional (C.F.P.) Nº 3.102 ING. NIKOLA TESLA;Institución de ETP;Estatal;294;199;95;Industrial;SEC TEC-FP
Salta;Rosario de la Frontera;Escuela de Educación Técnica (E.E.T.) y Centro de Formación Profesional (C.F.P.) Nº 3.103 Eduviges Romano de Leal;Institución de ETP;Estatal;195;84;111;Industrial;SEC TEC-FP
Salta;Orán;Escuela de Educación Técnica (E.E.T.) y Centro de Formación Profesional (C.F.P.) Nº 3.104 Lanza Colombres;Institución de ETP;Estatal;348;180;168;Industrial;SEC TEC-FP
Salta;Rosario de Lerma;Escuela de Educación Técnica (E.E.T.) y Centro de Formación Profesional (C.F.P.) Nº 3.106 Ingeniero Ricardo Fontaine Maury;Institución de ETP;Estatal;439;300;139;Industrial;SEC TEC-FP
Salta;Capital;Escuela de Educación Técnica (E.E.T.) y Centro de Formación Profesional (C.F.P.) Nº 3.107 Juana Azurduy de Padilla ;Institución de ETP;Estatal;185;139;46;Industrial;SEC TEC-FP
Salta;Rosario de Lerma;Escuela de Educación Técnica (E.E.T.) y Centro de Formación Profesional (C.F.P.) Nº 3.108 General Rudecindo Alvarado;Institución de ETP;Estatal;233;144;89;Industrial;SEC TEC-FP
Salta;General José de San Martín;Escuela de Educación Técnica (E.E.T.) y Centro de Formación Profesional (C.F.P.) Nº 3.109 (Ex - 5109) O.E.A.;Institución de ETP;Estatal;380;229;151;Industrial;SEC TEC-FP
Salta;Metán;Escuela de Educación Técnica (E.E.T.) y Centro de Formación Profesional (C.F.P.) Nº 3.110 Escuela de Educación Técnica y Centro de Formación Profesional;Institución de ETP;Estatal;72;15;57;Industrial;SEC TEC-FP
Salta;Cafayate;Escuela de Educación Técnica (E.E.T.) y Centro de Formación Profesional (C.F.P.) Nº 3.111 MACACHA GÜEMES ;Institución de ETP;Estatal;120;59;61;Servicios;SEC TEC-FP
Salta;Cerrillos;Escuela de Educación Técnica (E.E.T.) y Centro de Formación Profesional (C.F.P.) Nº 3.112 San Ignacio de Loyola;Institución de ETP;Estatal;134;63;71;Industrial;SEC TEC-FP
Salta;Anta;Escuela de Educación Técnica (E.E.T.) y Centro de Formación Profesional (C.F.P.) Nº 3.114 Thomas Alva Edison;Institución de ETP;Estatal;314;187;127;Industrial;SEC TEC-FP
Salta;General José de San Martín;Escuela de Educación Técnica (E.E.T.) y Centro de Formación Profesional (C.F.P.) Nº 3.115 (Ex - 5115) ;Institución de ETP;Estatal;158;85;73;Industrial;SEC TEC-FP
Salta;Chicoana;Escuela de Educación Técnica (E.E.T.) y Centro de Formación Profesional (C.F.P.) Nº 3.116  ;Institución de ETP;Estatal;70;57;13;Industrial;SEC TEC-FP
Salta;Capital;Escuela de Educación Técnica (E.E.T.) y Centro de Formación Profesional (C.F.P.) Nº 3.117 Maestro Daniel Oscar Reyes;Institución de ETP;Estatal;421;333;88;Industrial;SEC TEC-FP
Salta;Capital;Escuela de Educación Técnica (E.E.T.) y Centro de Formación Profesional (C.F.P.) Nº 3.118  ;Institución de ETP;Estatal;365;229;136;Industrial;SEC TEC-FP
Salta;General José de San Martín;"Escuela de Educación Técnica (E.E.T.) y Centro de Formación Profesional (C.F.P.) Nº 3.120 (Ex- 5120)  Aguaray	";Institución de ETP;Estatal;298;213;85;Industrial;SEC TEC-FP
Salta;Orán;Escuela de Educación Técnica (E.E.T.) y Centro de Formación Profesional (C.F.P.) Nº 3.121 ;Institución de ETP;Estatal;139;77;62;Agropecuaria;SEC TEC-FP
Salta;Capital;Escuela de Educación Técnica (E.E.T.) y Centro de Formación Profesional (C.F.P.) Nº 3.122 General Martín Miguel de Güemes;Institución de ETP;Estatal;304;160;144;Agropecuaria;SEC TEC
Salta;General José de San Martín;Escuela de Educación Técnica (E.E.T.) y Centro de Formación Profesional (C.F.P.) Nº 3.123  General Enrique Mosconi;Institución de ETP;Estatal;192;124;68;Industrial;SEC TEC
Salta;Orán;Escuela de Educación Técnica (E.E.T.) y Centro de Formación Profesional (C.F.P.) Nº 3.124  Crucero A.R.A. General Belgrano;Institución de ETP;Estatal;193;95;98;Industrial;SEC TEC-FP
Salta;Iruya;Escuela de Educación Técnica (E.E.T.) y Centro de Formación Profesional (C.F.P.) Nº 3.125  Dr Eulogio Frites ;Institución de ETP;Estatal;64;42;22;Industrial;SEC TEC
Salta;Rivadavia;Escuela de Educación Técnica (E.E.T.) y Centro de Formación Profesional (C.F.P.) Nº 3.128 ;Institución de ETP;Estatal;145;86;59;Industrial;SEC TEC-FP
Salta;General José de San Martín;Escuela de Educación Técnica (E.E.T.) y Centro de Formación Profesional (C.F.P.) Nº 3.130  E.M.E.T.A. II;Institución de ETP;Estatal;60;37;23;Agropecuaria;SEC TEC
Salta;General Güemes;Escuela de Educación Técnica (E.E.T.) y Centro de Formación Profesional (C.F.P.) Nº 3.131 (EX 5131) Juana Azurduy;Institución de ETP;Estatal;456;318;138;Industrial;SEC TEC-FP
Salta;Rosario de la Frontera;Escuela de Educación Técnica (E.E.T.) y Centro de Formación Profesional (C.F.P.) Nº 3.132 ;Institución de ETP;Estatal;302;163;139;Industrial;SEC TEC-FP
Salta;Metán;Escuela de Educación Técnica (E.E.T.) y Centro de Formación Profesional (C.F.P.) Nº 3.133 Profesor Rosmiro Bazán;Institución de ETP;Estatal;272;185;87;Industrial;SEC TEC-FP
Salta;Orán;Escuela de Educación Técnica (E.E.T.) y Centro de Formación Profesional (C.F.P.) Nº 3.134  ;Institución de ETP;Estatal;812;541;271;Industrial;SEC TEC
Salta;Capital;Escuela de Educación Técnica (E.E.T.) y Centro de Formación Profesional (C.F.P.) Nº 3.137 Martina Silva de Gurruchaga;Institución de ETP;Estatal;253;199;54;Industrial;SEC TEC-FP
Salta;Capital;Escuela de Educación Técnica (E.E.T.) y Centro de Formación Profesional (C.F.P.) Nº 3.139 General Martín Miguel de Güemes;Institución de ETP;Estatal;424;387;37;Industrial;SEC TEC-FP
Salta;Capital;"Escuela de Educación Técnica (E.E.T.) y Centro de Formación Profesional (C.F.P.) Nº 3.140 ""Dr. Francisco de Gurruchaga""";Institución de ETP;Estatal;424;362;62;Industrial;SEC TEC-FP
Salta;Capital;Escuela de Educación Técnica (E.E.T.) y Centro de Formación Profesional (C.F.P.) Nº 3.141 Dmitri Mendeleyév;Institución de ETP;Estatal;388;226;162;Industrial;SEC TEC
Salta;Cafayate;Escuela de Educación Técnica (E.E.T.) y Centro de Formación Profesional (C.F.P.) Nº 3.142 Mons. Diego Gutiérrez Pedraza;Institución de ETP;Estatal;242;161;81;Industrial;SEC TEC-FP
Salta;Molinos;Escuela de Educación Técnica (E.E.T.) y Centro de Formación Profesional (C.F.P.) Nº 3.145  Escuela  de Educación Técnica Luracatao ;Institución de ETP;Estatal;51;21;30;Agropecuaria;SEC TEC-FP
Salta;Rivadavia;Escuela de Educación Técnica (E.E.T.) y Centro de Formación Profesional (C.F.P.) Nº 3.146 La Puntana;Institución de ETP;Estatal;48;19;29;Agropecuaria;SEC TEC
Salta;Capital;Escuela de Educación Técnica (E.E.T.) y Centro de Formación Profesional (C.F.P.) Nº 3.149 Dr. Julio Ignacio Mera Figueroa;Institución de ETP;Estatal;181;122;59;Industrial;SEC TEC
Salta;Rosario de la Frontera;Escuela de Educación Técnica (E.E.T.) y Centro de Formación Profesional (C.F.P.) Nº 3.156 Dr. Luis Federico Leloir;Institución de ETP;Estatal;102;59;43;Industrial;SEC TEC
Salta;General Güemes;Escuela de Educación Técnica (E.E.T.) y Centro de Formación Profesional (C.F.P.) Nº 3.159 Dr. Darío Felipe Arias;Institución de ETP;Estatal;308;151;157;Industrial;SEC TEC-FP
Salta;Chicoana;Escuela de Educación Técnica (E.E.T.) y Centro de Formación Profesional (C.F.P.) Nº 3.161 Localidad Chicoana;Institución de ETP;Estatal;72;58;14;Industrial;SEC TEC-FP
Salta;General José de San Martín;Escuela de Educación Técnica (E.E.T.) y Centro de Formación Profesional (C.F.P.) Nº 3143 ;Institución de ETP;Estatal;293;144;149;Industrial;SEC TEC
Salta;Anta;Escuela de Educación Técnica (E.E.T.) y Centro de Formación Profesional (C.F.P.) Nº 3147 ;Institución de ETP;Estatal;140;62;78;Industrial;SEC TEC-FP
Salta;Cafayate;Escuela de Educación Técnica (E.E.T.) y Centro de Formación Profesional (C.F.P.) Nº 3155 ;Institución de ETP;Estatal;95;50;45;Agropecuaria;SEC TEC
Salta;San Carlos;Escuela de Educación Técnica (E.E.T.) y Centro de Formación Profesional (C.F.P.) Nº 3157 Escuela de Educación Técnica N° 3157;Institución de ETP;Estatal;63;38;25;Agropecuaria;SEC TEC
Santa Fé;Castellanos;Escuela de Educación Técnica Particular Incorporada (E.E.T.P.I.) Nº 2010 I.D.E.S.A.;Institución de ETP;Privado;98;54;44;Agropecuaria;SEC TEC
Santa Fé;La Capital;Escuela de Educación Técnica Particular Incorporada (E.E.T.P.I.) Nº 2025 Ceferino Namuncurá;Institución de Otro Nivel y/o Modalidad;Privado;65;37;28;Industrial;SEC TEC
Santa Fé;La Capital;Escuela de Educación Técnica Particular Incorporada (E.E.T.P.I.) Nº 2050 Monseñor Dr. Vicente Faustino Zazpe;Institución de ETP;Privado;82;38;44;Industrial;SEC TEC
Santa Fé;La Capital;"Escuela de Educación Técnica Particular Incorporada (E.E.T.P.I.) Nº 2058 Siete de Mayo	";Institución de ETP;Privado;95;36;59;Servicios;SEC TEC-FP
Santa Fé;Rosario;Escuela de Educación Técnica Particular Incorporada (E.E.T.P.I.) Nº 2066 Santa Fe;Institución de ETP;Privado;109;67;42;Industrial;SEC TEC
Santa Fé;General López;Escuela de Educación Técnica Particular Incorporada (E.E.T.P.I.) Nº 2070 San José;Institución de ETP;Privado;27;17;10;Industrial;SEC TEC
Santa Fé;Constitución;Escuela de Educación Técnica Particular Incorporada (E.E.T.P.I.) Nº 2073 San Pablo;Institución de ETP;Privado;302;251;51;Industrial;SEC TEC-FP
Santa Fé;Rosario;Escuela de Educación Técnica Particular Incorporada (E.E.T.P.I.) Nº 2076 San Francisquito;Institución de ETP;Privado;109;67;42;Servicios;SEC TEC
Santa Fé;Rosario;Escuela de Educación Técnica Particular Incorporada (E.E.T.P.I.) Nº 8013 San José;Institución de ETP;Privado;437;437;0;Industrial;SEC TEC
Santa Fé;Las Colonias;Escuela de Educación Técnica Particular Incorporada (E.E.T.P.I.) Nº 8069 General Don José de San Martín;Institución de ETP;Privado;32;24;8;Industrial;SEC TEC
Santa Fé;Caseros;Escuela de Educación Técnica Particular Incorporada (E.E.T.P.I.) Nº 8180 Sagrada Familia;Institución de ETP;Privado;147;129;18;Industrial;SEC TEC
Santa Fé;Rosario;Escuela de Educación Técnica Particular Incorporada (E.E.T.P.I.) Nº 8199 Nuestra Señora de la Guardia;Institución de ETP;Privado;295;295;0;Industrial;SEC TEC
Santa Fé;San Lorenzo;"Escuela de Enseñanza Técnica Particular Incorporada (E.E.T.P.I.) Nº 2009 ""Immanuel Kant""";Institución de Otro Nivel y/o Modalidad;Privado;60;40;20;Agropecuaria;SEC TEC
Santa Fé;Rosario;Escuela de Enseñanza Técnica Particular Incorporada (E.E.T.P.I.) Nº 2051 Nuestra Señora de Fátima;Institución de ETP;Privado;102;66;36;Industrial;SEC TEC
Santa Fé;General López;Escuela de Enseñanza Técnica Particular Incorporada (E.E.T.P.I.) Nº 8183 Centro Agrotécnico Regional;Institución de ETP;Privado;228;132;96;Agropecuaria;SEC TEC
Santa Fé;Rosario;Escuela de Enseñanza Técnica Particular Incorporada (E.E.T.P.I.) Nº 8235 Ingeniero Enrique B. Gomara;Institución de ETP;Privado;130;99;31;Industrial;SEC TEC
Córdoba;Cruz del Eje;Escuela de la Familia Agrícola (E.F.A.)  ESCUELA DE LA FAMILIA AGRÍCOLA (E.F.A.);Institución de ETP;Privado;98;47;51;Agropecuaria;SEC TEC
Misiones;Oberá;Escuela de la Familia Agrícola (E.F.A.) Nº 1313 Cristo Rey de Tamanduá;Institución de Otro Nivel y/o Modalidad;Privado;112;51;61;Agropecuaria;SEC TEC-FP
Corrientes;Esquina;"Escuela de la Familia Agrícola (E.F.A.) Nº 18 Ñande  Sy La Itatí	";Institución de ETP;Privado;43;23;20;Agropecuaria;SEC TEC
Misiones;Cainguás;Escuela de la Familia Agrícola (E.F.A.) Nº 209 Jesús de Galilea;Institución de ETP;Privado;67;34;33;Agropecuaria;SEC TEC-SUP-FP
Santiago del Estero;Sarmiento;Escuela de la Familia Agrícola (E.F.A.) Nº 26 Garza LL26;Institución de ETP;Privado;87;48;39;Agropecuaria;SEC TEC
Corrientes;Ituzaingó;Escuela de la Familia Agrícola (E.F.A.) Nº 28 Itú;Institución de ETP;Privado;68;45;23;Agropecuaria;SEC TEC
Santiago del Estero;Atamisqui;Escuela de la Familia Agrícola (E.F.A.) Nº 29 Villa Atamisqui;Institución de ETP;Privado;70;34;36;Agropecuaria;SEC TEC
Buenos Aires;Daireaux;Escuela de la Familia Agrícola (E.F.A.) Nº 4155 Colonia El Pincén - DIPREGEP;Institución de Otro Nivel y/o Modalidad;Privado;38;24;14;Agropecuaria;SEC TEC
Buenos Aires;Pergamino;Escuela de la Familia Agrícola (E.F.A.) Nº 4561 Dr. Ernesto Nazar - DIPREGEP;Institución de ETP;Privado;35;25;10;Agropecuaria;SEC TEC
Corrientes;Saladas;Escuela de la Familia Agrícola (E.F.A.) Nº 47 Renacer;Institución de ETP;Privado;58;30;28;Agropecuaria;SEC TEC
Corrientes;Esquina;"Escuela de la Familia Agrícola (E.F.A.) Nº 48 Escuela de la Familia Agrícola ""Guayquiraró""";Institución de ETP;Privado;37;29;8;Agropecuaria;SEC TEC
Corrientes;Lavalle;"Escuela de la Familia Agrícola (E.F.A.) Nº 49 Ñanemba'e	";Institución de ETP;Privado;60;23;37;Agropecuaria;SEC TEC
Corrientes;Concepción;Escuela de la Familia Agrícola (E.F.A.) Nº 76 Ko´e Pyahu IS 76;Institución de ETP;Privado;44;23;21;Agropecuaria;SEC TEC
Santa Fé;Nueve de Julio;Escuela de la Familia Agrícola (E.F.A.) Nº 8205 E.E.T.P.I. N° 8205 - Colonia El Inca;Institución de ETP;Privado;94;54;40;Agropecuaria;SEC TEC
Santa Fé;Iriondo;Escuela de la Familia Agrícola (E.F.A.) Nº 8248 COLONIAS UNIDAS;Institución de ETP;Privado;86;55;31;Agropecuaria;SEC TEC
Corrientes;Curuzú Cuatiá;Escuela de la Familia Agrícola (E.F.A.) Nº I.S 46 Mensú Peguará;Institución de ETP;Privado;32;18;14;Agropecuaria;SEC TEC
Corrientes;Goya;Escuela de la Familia Agrícola (E.F.A.) Nº I.S. 29 Jaha Katu;Institución de ETP;Privado;94;62;32;Agropecuaria;SEC TEC
Corrientes;Goya;Escuela de la Familia Agrícola (E.F.A.) Nº I.S.-19 Anahí I.S. 19;Institución de ETP;Privado;61;31;30;Agropecuaria;SEC TEC
Corrientes;San Miguel;Escuela de la Familia Agrícola (E.F.A.) Nº I-36 Ñande Roga;Institución de ETP;Privado;116;68;48;Agropecuaria;SEC TEC
Corrientes;San Cosme;Escuela de la Familia Agrícola (E.F.A.) Nº IS - 27 Tupa Rembiapo IS-27;Institución de ETP;Privado;83;41;42;Agropecuaria;SEC TEC-FP
Corrientes;San Martín;Escuela de la Familia Agrícola (E.F.A.) Nº IS - 45 La Cruz;Institución de ETP;Privado;59;31;28;Agropecuaria;SEC TEC
Corrientes;Sauce;Escuela de la Familia Agrícola (E.F.A.) Nº IS 22 Arandú Roga;Institución de ETP;Privado;31;18;13;Agropecuaria;SEC TEC
Corrientes;Curuzú Cuatiá;Escuela de la Familia Agrícola (E.F.A.) Nº IS 53 Peju Pora;Institución de ETP;Privado;51;31;20;Agropecuaria;SEC TEC
Corrientes;Santo Tomé;Escuela de la Familia Agrícola (E.F.A.) Nº IS 71 Colonia Unión;Institución de ETP;Privado;76;44;32;Agropecuaria;SEC TEC
Corrientes;Lavalle;"Escuela de la Familia Agrícola (E.F.A.) Nº IS 9 E.F.A.""Santa Lucía""";Institución de ETP;Privado;61;36;25;Agropecuaria;SEC TEC
Corrientes;Goya;Escuela de la Familia Agrícola (E.F.A.) Nº IS16 Coembota;Institución de ETP;Privado;53;25;28;Agropecuaria;SEC TEC
Corrientes;Esquina;Escuela de la Familia Agrícola (E.F.A.) Nº IS-21 Esperanza Campesina;Institución de ETP;Privado;16;8;8;Agropecuaria;SEC TEC
Corrientes;Monte Caseros;Escuela de la Familia Agrícola (E.F.A.) Nº IS-23 Mocoví;Institución de ETP;Privado;44;18;26;Agropecuaria;SEC TEC
Santiago del Estero;Avellaneda;Escuela de la Familia Agrícola (E.F.A.) Nº LL156 Avellaneda;Institución de ETP;Privado;96;53;43;Agropecuaria;SEC TEC
Santiago del Estero;Robles;Escuela de la Familia Agrícola (E.F.A.) Nº LL-20 Renzo Scapolo;Institución de ETP;Privado;108;54;54;Agropecuaria;SEC TEC
Santiago del Estero;Rivadavia;Escuela de la Familia Agrícola (E.F.A.) Nº LL-76 ;Institución de ETP;Privado;76;39;37;Agropecuaria;SEC TEC
Entre Ríos;Nogoyá;Escuela de Nivel Medio y Superior de Educación Tecnológica (E.N.M.yS.E.T.) Nº 01 Escuela de Educación Técnica y Superior  N°1;Institución de ETP;Estatal;71;60;11;Industrial;SEC TEC-SUP-FP
Córdoba;San Justo;Escuela Experimental Pro-A  ;Institución de ETP;Estatal;165;99;66;Industrial;SEC TEC
Córdoba;San Alberto;Escuela Experimental Pro-A  Sede San Pedro;Institución de Otro Nivel y/o Modalidad;Estatal;89;49;40;Servicios;SEC TEC-FP
Santa Cruz;Corpen Aike;Escuela Industrial   en Procesos Energéticos;Institución de ETP;Estatal;93;60;33;Industrial;SEC TEC
Santa Cruz;Lago Buenos Aires;Escuela Industrial  en Procesos Energéticos;Institución de ETP;Estatal;84;38;46;Agropecuaria;SEC TEC
Santa Cruz;Güer Aike;Escuela Industrial  Escuela Industrial en Procesos Energéticos (Rio Gallegos);Institución de ETP;Estatal;302;215;87;Industrial;SEC TEC
Santa Cruz;Güer Aike;Escuela Industrial  Escuela Industrial en Procesos Energéticos Sede 28 de Noviembre;Institución de ETP;Estatal;159;92;67;Industrial;SEC TEC
Santa Cruz;Deseado;Escuela Industrial Nº 01 General Enrique Mosconi;Institución de ETP;Estatal;758;464;294;Industrial;SEC TEC
Santa Cruz;Deseado;Escuela Industrial Nº 03 Oscar Smith;Institución de ETP;Estatal;261;177;84;Industrial;SEC TEC
Santa Cruz;Güer Aike;Escuela Industrial Nº 04 José Menéndez;Institución de ETP;Estatal;788;475;313;Industrial;SEC TEC
Santa Cruz;Güer Aike;Escuela Industrial Nº 05 Teniente de Navío Agustín del Castillo;Institución de ETP;Estatal;294;169;125;Industrial;SEC TEC
Santa Cruz;Güer Aike;Escuela Industrial Nº 06 X° Brigada Aérea;Institución de ETP;Estatal;426;302;124;Industrial;SEC TEC
Santa Cruz;Deseado;Escuela Industrial Nº 07 Las Heras;Institución de ETP;Estatal;424;255;169;Industrial;SEC TEC
Santa Cruz;Deseado;Escuela Industrial Nº 10 ;Institución de ETP;Estatal;158;105;53;Industrial;SEC TEC
Santa Cruz;Lago Buenos Aires;Escuela Industrial Nº 11 ;Institución de ETP;Estatal;189;101;88;Industrial;SEC TEC
Santa Cruz;Corpen Aike;Escuela Industrial Nº 12 ;Institución de ETP;Estatal;156;89;67;Industrial;SEC TEC
Santa Cruz;Deseado;Escuela Industrial Nº 2 Jorge Papatanasi;Institución de ETP;Estatal;387;249;138;Industrial;SEC TEC
Santa Fé;La Capital;Escuela Industrial Nº 8 Escuela Industrial Superior;Institución de ETP;Estatal;936;630;306;Industrial;SEC TEC
Santa Cruz;Magallanes;Escuela Industrial Nº 8 Puerto San Julián;Institución de ETP;Estatal;245;152;93;Industrial;SEC TEC
Santa Cruz;Lago Argentino;Escuela Industrial Nº 9 ;Institución de ETP;Estatal;272;187;85;Industrial;SEC TEC
Catamarca;Capital;Escuela Nacional de Educación Técnica (E.N.E.T.) Nº 01 Profesor Vicente García Aguilera;Institución de ETP;Estatal;464;331;133;Industrial;SEC TEC
Mendoza;Lavalle;Escuela Nº 4-026 Juan Bautista Alberdi;Institución de ETP;Estatal;220;112;108;Agropecuaria;SEC TEC
Mendoza;San Martín;Escuela Nº 4-145 Dr. Armando Sergio Figueroa;Institución de ETP;Estatal;182;90;92;Agropecuaria;SEC TEC
La Rioja;Capital;"Escuela Nº 418 Escuela de Operadores Topógrafos General San Martín	";Institución de ETP;Estatal;114;74;40;Industrial;SEC TEC
Mendoza;La Paz;Escuela Nº 4-182 Secundaria Aída Font;Institución de ETP;Estatal;42;20;22;Agropecuaria;SEC TEC
Mendoza;Tunuyán;Escuela Nº 4-203 Colonia Las Rosas;Institución de ETP;Estatal;137;76;61;Industrial;SEC TEC
Mendoza;San Carlos;Escuela Nº 4-211 Maestro Ángel Oscar Funes;Institución de ETP;Estatal;142;78;64;Agropecuaria;SEC TEC
Mendoza;Malargüe;Escuela Nº 4-228 Ingeniero Eugenio Izsaky;Institución de ETP;Estatal;157;95;62;Industrial;SEC TEC
Entre Ríos;Paraná;Escuela Normal Rural  Almafuerte- UADER;Institución de Otro Nivel y/o Modalidad;Estatal;51;30;21;Agropecuaria;SEC TEC
Entre Ríos;Paraná;Escuela Normal Rural  Juan Bautista Alberdi;Institución de ETP;Estatal;168;91;77;Agropecuaria;SEC TEC
Córdoba;Colón;Escuela Normal Superior  Maestros Fundadores;Institución de ETP;Estatal;154;82;72;Industrial;SEC TEC-SUP 
Misiones;Iguazú;"Escuela Normal Superior Nº 09 Escuela Normal Superior N°9 y Anexo Comercial ""Juan XXIII""";Institución de Otro Nivel y/o Modalidad;Estatal;74;30;44;Servicios;SEC TEC
Ciudad de Buenos Aires;Comuna N° 1;Escuela Politécnica Nº 5 Manuel Belgrano;Institución de ETP;Estatal;199;155;44;Industrial;SEC TEC
Formosa;Bermejo;Escuela Privada de Educación Agrotécnica  Evangélica Laguna Yacaré;Institución de Otro Nivel y/o Modalidad;Privado;21;16;5;Agropecuaria;SEC TEC
Jujuy;San Pedro;Escuela Provincial Agrotécnica Nº 06 Puerta Verde;Institución de ETP;Estatal;72;47;25;Agropecuaria;SEC TEC
Jujuy;Palpalá;Escuela Provincial Agrotécnica Nº 1 EL BRETE;Institución de ETP;Estatal;124;86;38;Agropecuaria;SEC TEC
Jujuy;Tilcara;Escuela Provincial Agrotécnica Nº 10 ;Institución de ETP;Estatal;51;31;20;Agropecuaria;SEC TEC
Jujuy;Santa Bárbara;Escuela Provincial Agrotécnica Nº 11 ;Institución de ETP;Estatal;69;37;32;Agropecuaria;SEC TEC
Jujuy;Santa Bárbara;Escuela Provincial Agrotécnica Nº 12 -----------------------;Institución de ETP;Estatal;46;33;13;Agropecuaria;SEC TEC
Jujuy;Valle Grande;Escuela Provincial Agrotécnica Nº 13 ;Institución de ETP;Estatal;43;29;14;Agropecuaria;SEC TEC
Jujuy;Santa Catalina;Escuela Provincial Agrotécnica Nº 14 ;Institución de ETP;Estatal;29;14;15;Agropecuaria;SEC TEC
Jujuy;Yavi;Escuela Provincial Agrotécnica Nº 15 Escuela Provincial Agrotécnica Agrotécnica N°15 ;Institución de ETP;Estatal;36;18;18;Agropecuaria;SEC TEC
Jujuy;Santa Bárbara;Escuela Provincial Agrotécnica Nº 2 Ingeniero Carlos Snopek;Institución de ETP;Estatal;166;89;77;Agropecuaria;SEC TEC
Jujuy;Humahuaca;Escuela Provincial Agrotécnica Nº 3 Coronel Manuel Eduardo Arias;Institución de ETP;Estatal;95;51;44;Agropecuaria;SEC TEC
Jujuy;Ledesma;"Escuela Provincial Agrotécnica Nº 4 Escuela Pcial. Agrotécnica Nº 4 ""Nelly Arrieta""";Institución de ETP;Estatal;209;137;72;Agropecuaria;SEC TEC
Jujuy;Ledesma;Escuela Provincial Agrotécnica Nº 5 Julio Francisco Bracamonte;Institución de ETP;Estatal;331;170;161;Agropecuaria;SEC TEC
Jujuy;El Carmen;Escuela Provincial Agrotécnica Nº 7 Ingeniero Ricardo Jorge Hueda;Institución de ETP;Estatal;233;139;94;Agropecuaria;SEC TEC
Jujuy;Cochinoca;Escuela Provincial Agrotécnica Nº 8 ;Institución de ETP;Estatal;119;67;52;Agropecuaria;SEC TEC
Jujuy;Tumbaya;Escuela Provincial Agrotécnica Nº 9 ;Institución de ETP;Estatal;28;17;11;Agropecuaria;SEC TEC
La Rioja;Capital;Escuela Provincial de Comercio Nº 02 Inspector Carlos Alberto Lanzillotto;Institución de Otro Nivel y/o Modalidad;Estatal;444;246;198;Servicios;SEC TEC
La Rioja;Capital;Escuela Provincial de Comercio Nº 1 Profesor Enrique Florencio Clara;Institución de Otro Nivel y/o Modalidad;Estatal;174;101;73;Servicios;SEC TEC
Neuquén;Confluencia;Escuela Provincial de Educación Agropecuaria (E.P.E.A.) Nº 02 Escuela Provincial de Educacion Agropecuaria n°2;Institución de ETP;Estatal;668;301;367;Agropecuaria;SEC TEC
Neuquén;Minas;Escuela Provincial de Educación Agropecuaria (E.P.E.A.) Nº 1 Gobernador Felipe Sapag ;Institución de ETP;Estatal;123;62;61;Agropecuaria;SEC TEC
Neuquén;Añelo;Escuela Provincial de Educación Agropecuaria (E.P.E.A.) Nº 3 ;Institución de ETP;Estatal;133;54;79;Agropecuaria;SEC TEC
Neuquén;Picunches;Escuela Provincial de Educación Agropecuaria (E.P.E.A.) Nº 4 Escuela Provincial de Educacion Agropecuaria ;Institución de ETP;Estatal;29;20;9;Agropecuaria;SEC TEC
Neuquén;Huiliches;Escuela Provincial de Educación Técnica (E.P.E.T.)  Laura Vicuña;Institución de Otro Nivel y/o Modalidad;Privado;104;9;95;Industrial;SEC TEC
La Pampa;Capital;Escuela Provincial de Educación Técnica (E.P.E.T.) Nº 01 ;Institución de ETP;Estatal;290;214;76;Industrial;SEC TEC
San Juan;Albardón;Escuela Provincial de Educación Técnica (E.P.E.T.) Nº 01 Albardon;Institución de ETP;Estatal;242;140;102;Industrial;SEC TEC
La Rioja;Rosario Vera Peñaloza;Escuela Provincial de Educación Técnica (E.P.E.T.) Nº 01 Director Profesor Juan Marino Cioce;Institución de ETP;Estatal;160;103;57;Industrial;SEC TEC
Misiones;Capital;"Escuela Provincial de Educación Técnica (E.P.E.T.) Nº 01 EPET N°1 ""UNESCO""";Institución de ETP;Estatal;520;353;167;Industrial;SEC TEC-SUP 
San Juan;Caucete;Escuela Provincial de Educación Técnica (E.P.E.T.) Nº 01 EPET N°1 Caucete;Institución de ETP;Estatal;291;221;70;Industrial;SEC TEC
La Rioja;Chilecito;Escuela Provincial de Educación Técnica (E.P.E.T.) Nº 01 General Ángel Vicente Peñaloza;Institución de ETP;Estatal;363;281;82;Industrial;SEC TEC
Neuquén;Confluencia;Escuela Provincial de Educación Técnica (E.P.E.T.) Nº 01 Margarita Salinas de Páez;Institución de ETP;Estatal;1056;584;472;Industrial;SEC TEC
La Rioja;Chamical;Escuela Provincial de Educación Técnica (E.P.E.T.) Nº 01 Monseñor Enrique Angelelli;Institución de ETP;Estatal;149;122;27;Industrial;SEC TEC
La Pampa;Maracó;Escuela Provincial de Educación Técnica (E.P.E.T.) Nº 02 ;Institución de ETP;Estatal;203;152;51;Industrial;SEC TEC
Formosa;Formosa;Escuela Provincial de Educación Técnica (E.P.E.T.) Nº 02  Ilda Valentino de Giachero;Institución de ETP;Estatal;339;187;152;Industrial;SEC TEC-FP
Neuquén;Confluencia;Escuela Provincial de Educación Técnica (E.P.E.T.) Nº 02 E.P.E.T Nº2;Institución de ETP;Estatal;522;322;200;Industrial;SEC TEC
Misiones;Capital;Escuela Provincial de Educación Técnica (E.P.E.T.) Nº 02 Eva Duarte de Perón;Institución de ETP;Estatal;267;59;208;Industrial;SEC TEC-SUP-FP
La Rioja;Chilecito;Escuela Provincial de Educación Técnica (E.P.E.T.) Nº 02 Paula Albarracín de Sarmiento;Institución de ETP;Estatal;139;74;65;Servicios;SEC TEC-FP
Formosa;Pirané;Escuela Provincial de Educación Técnica (E.P.E.T.) Nº 03 ;Institución de ETP;Estatal;181;110;71;Industrial;SEC TEC-FP
Neuquén;Confluencia;Escuela Provincial de Educación Técnica (E.P.E.T.) Nº 03 ;Institución de ETP;Estatal;500;310;190;Industrial;SEC TEC
Misiones;Oberá;Escuela Provincial de Educación Técnica (E.P.E.T.) Nº 03 Polonia;Institución de ETP;Estatal;416;321;95;Industrial;SEC TEC-SUP-FP
San Juan;Rawson;Escuela Provincial de Educación Técnica (E.P.E.T.) Nº 03 Rawson;Institución de ETP;Estatal;287;177;110;Industrial;SEC TEC
Misiones;Iguazú;Escuela Provincial de Educación Técnica (E.P.E.T.) Nº 04 E.P.E.T. Nº4 O.E.A.;Institución de ETP;Estatal;261;147;114;Industrial;SEC TEC-FP
Neuquén;Huiliches;Escuela Provincial de Educación Técnica (E.P.E.T.) Nº 04 Gendarmería Nacional;Institución de ETP;Estatal;402;250;152;Industrial;SEC TEC
La Pampa;Utracán;Escuela Provincial de Educación Técnica (E.P.E.T.) Nº 04 Juan Agustín Larrús;Institución de ETP;Estatal;142;96;46;Industrial;SEC TEC
La Pampa;Atreucó;Escuela Provincial de Educación Técnica (E.P.E.T.) Nº 05 ;Institución de ETP;Estatal;87;58;29;Industrial;SEC TEC
San Juan;Capital;Escuela Provincial de Educación Técnica (E.P.E.T.) Nº 05 EPET N°5;Institución de ETP;Estatal;191;155;36;Industrial;SEC TEC
Formosa;Patiño;Escuela Provincial de Educación Técnica (E.P.E.T.) Nº 06 ;Institución de ETP;Estatal;68;42;26;Industrial;SEC TEC
Neuquén;Confluencia;Escuela Provincial de Educación Técnica (E.P.E.T.) Nº 06 ;Institución de ETP;Estatal;223;149;74;Industrial;SEC TEC
Misiones;Eldorado;"Escuela Provincial de Educación Técnica (E.P.E.T.) Nº 06 Carlos Winkler	";Institución de ETP;Estatal;396;298;98;Industrial;SEC TEC-FP
La Pampa;Realicó;Escuela Provincial de Educación Técnica (E.P.E.T.) Nº 06 EPET N°6;Institución de ETP;Estatal;143;115;28;Industrial;SEC TEC
Misiones;San Ignacio;Escuela Provincial de Educación Técnica (E.P.E.T.) Nº 07 ;Institución de ETP;Estatal;308;212;96;Industrial;SEC TEC-SUP-FP
Neuquén;Confluencia;Escuela Provincial de Educación Técnica (E.P.E.T.) Nº 07 ;Institución de ETP;Estatal;598;374;224;Industrial;SEC TEC
Formosa;Formosa;"Escuela Provincial de Educación Técnica (E.P.E.T.) Nº 07  ""VICENTE ARCADIO SALEMI""";Institución de ETP;Estatal;520;288;232;Industrial;SEC TEC-FP
La Pampa;Chapaleufú;"Escuela Provincial de Educación Técnica (E.P.E.T.) Nº 07 ""Prof. Hector Fernando Fontaine""";Institución de ETP;Estatal;102;78;24;Industrial;SEC TEC
Catamarca;Capital;Escuela Provincial de Educación Técnica (E.P.E.T.) Nº 07 Ingeniero José Alsina Alcobert ;Institución de ETP;Estatal;182;121;61;Industrial;SEC TEC-FP
Misiones;Cainguás;Escuela Provincial de Educación Técnica (E.P.E.T.) Nº 08 ;Institución de ETP;Estatal;187;105;82;Industrial;SEC TEC-FP
Neuquén;Confluencia;Escuela Provincial de Educación Técnica (E.P.E.T.) Nº 08 Capitán Don Juan de San Martín;Institución de ETP;Estatal;1046;650;396;Industrial;SEC TEC-FP
La Pampa;Loventué;Escuela Provincial de Educación Técnica (E.P.E.T.) Nº 08 E.P.E.T N° 8;Institución de ETP;Estatal;53;29;24;Industrial;SEC TEC
Misiones;Leandro N. Alem;Escuela Provincial de Educación Técnica (E.P.E.T.) Nº 09 ;Institución de ETP;Estatal;150;113;37;Industrial;SEC TEC
Formosa;Pilcomayo;Escuela Provincial de Educación Técnica (E.P.E.T.) Nº 09 Intendente Antonio Arce;Institución de ETP;Estatal;201;127;74;Industrial;SEC TEC
La Pampa;Hucal;Escuela Provincial de Educación Técnica (E.P.E.T.) Nº 09 Josefa Miguel de Tubío;Institución de ETP;Estatal;103;60;43;Industrial;SEC TEC
Catamarca;La Paz;Escuela Provincial de Educación Técnica (E.P.E.T.) Nº 1 ;Institución de ETP;Estatal;313;185;128;Industrial;SEC TEC
La Rioja;Capital;Escuela Provincial de Educación Técnica (E.P.E.T.) Nº 1 ;Institución de ETP;Estatal;371;203;168;Servicios;SEC TEC-FP
San Juan;Jáchal;Escuela Provincial de Educación Técnica (E.P.E.T.) Nº 1 E.P.E.T. N° 1 de Jáchal;Institución de ETP;Estatal;239;130;109;Servicios;SEC TEC
Formosa;Formosa;Escuela Provincial de Educación Técnica (E.P.E.T.) Nº 1 Escuela Provincial de Educación Técnica N° 1;Institución de ETP;Estatal;635;447;188;Industrial;SEC TEC-FP
San Juan;Capital;Escuela Provincial de Educación Técnica (E.P.E.T.) Nº 1 Ingeniero Rogelio Boero;Institución de ETP;Estatal;941;823;118;Industrial;SEC TEC
La Pampa;Conhelo;Escuela Provincial de Educación Técnica (E.P.E.T.) Nº 10 ;Institución de ETP;Estatal;28;15;13;Industrial;SEC TEC
Misiones;Libertador General San Martín;Escuela Provincial de Educación Técnica (E.P.E.T.) Nº 10 Dr. Luis Federico Leloir;Institución de ETP;Estatal;251;144;107;Industrial;SEC TEC
Neuquén;Confluencia;Escuela Provincial de Educación Técnica (E.P.E.T.) Nº 10 Ing. General Enrique Mosconi;Institución de ETP;Estatal;399;265;134;Industrial;SEC TEC
Formosa;Formosa;Escuela Provincial de Educación Técnica (E.P.E.T.) Nº 10 Mario Antonio Rodríguez;Institución de ETP;Estatal;260;203;57;Industrial;SEC TEC-FP
Neuquén;Zapala;Escuela Provincial de Educación Técnica (E.P.E.T.) Nº 11 ;Institución de ETP;Estatal;172;102;70;Industrial;SEC TEC
Misiones;Montecarlo;Escuela Provincial de Educación Técnica (E.P.E.T.) Nº 11 EPET Nº11;Institución de ETP;Estatal;114;77;37;Industrial;SEC TEC
Misiones;San Ignacio;Escuela Provincial de Educación Técnica (E.P.E.T.) Nº 12 Ing. Rubén Alberto Peralta;Institución de ETP;Estatal;123;87;36;Industrial;SEC TEC-FP
Neuquén;Lácar;Escuela Provincial de Educación Técnica (E.P.E.T.) Nº 12 Ingeniero Juan Carlos Fontanive;Institución de ETP;Estatal;8;4;4;Industrial;SEC TEC
Neuquén;Chos Malal;Escuela Provincial de Educación Técnica (E.P.E.T.) Nº 13 E.P.E.T. Nº13;Institución de ETP;Estatal;304;198;106;Industrial;SEC TEC
Catamarca;Santa María;Escuela Provincial de Educación Técnica (E.P.E.T.) Nº 13 General José de San Martín;Institución de ETP;Estatal;104;58;46;Industrial;SEC TEC-FP
Misiones;San Javier;Escuela Provincial de Educación Técnica (E.P.E.T.) Nº 13 Profesor Roberto Cardillo Moreno;Institución de ETP;Estatal;243;138;105;Industrial;SEC TEC
Misiones;Libertador General San Martín;Escuela Provincial de Educación Técnica (E.P.E.T.) Nº 14 ;Institución de ETP;Estatal;83;58;25;Industrial;SEC TEC-FP
Neuquén;Confluencia;Escuela Provincial de Educación Técnica (E.P.E.T.) Nº 14 Doña Gregoria Matorras de San Martín;Institución de ETP;Estatal;389;257;132;Industrial;SEC TEC
Misiones;Montecarlo;Escuela Provincial de Educación Técnica (E.P.E.T.) Nº 15 celulosa Argentina;Institución de ETP;Estatal;180;91;89;Industrial;SEC TEC-FP
Neuquén;Zapala;Escuela Provincial de Educación Técnica (E.P.E.T.) Nº 15 EPET Nª 15;Institución de ETP;Estatal;256;143;113;Industrial;SEC TEC
Misiones;Cainguás;Escuela Provincial de Educación Técnica (E.P.E.T.) Nº 16 ;Institución de ETP;Estatal;123;75;48;Industrial;SEC TEC
Neuquén;Pehuenches;Escuela Provincial de Educación Técnica (E.P.E.T.) Nº 16 ;Institución de ETP;Estatal;652;393;259;Industrial;SEC TEC
Misiones;Montecarlo;Escuela Provincial de Educación Técnica (E.P.E.T.) Nº 17 ;Institución de ETP;Estatal;113;64;49;Industrial;SEC TEC
Misiones;Iguazú;Escuela Provincial de Educación Técnica (E.P.E.T.) Nº 18 ;Institución de ETP;Estatal;452;270;182;Industrial;SEC TEC
Neuquén;Confluencia;Escuela Provincial de Educación Técnica (E.P.E.T.) Nº 18 ;Institución de ETP;Estatal;327;197;130;Industrial;SEC TEC
Misiones;Candelaria;Escuela Provincial de Educación Técnica (E.P.E.T.) Nº 19 ;Institución de ETP;Estatal;63;36;27;Industrial;SEC TEC
Neuquén;Confluencia;Escuela Provincial de Educación Técnica (E.P.E.T.) Nº 19 Alejandro Cesar Vaca;Institución de ETP;Estatal;534;329;205;Industrial;SEC TEC
Catamarca;Belén;Escuela Provincial de Educación Técnica (E.P.E.T.) Nº 2 ;Institución de ETP;Estatal;284;167;117;Industrial;SEC TEC
La Rioja;Capital;Escuela Provincial de Educación Técnica (E.P.E.T.) Nº 2 Brigadier General Juan Facundo Quiroga;Institución de ETP;Estatal;431;369;62;Industrial;SEC TEC
San Juan;Capital;Escuela Provincial de Educación Técnica (E.P.E.T.) Nº 2 E.P.E.T Nº2;Institución de ETP;Estatal;190;93;97;Servicios;SEC TEC
Misiones;San Pedro;Escuela Provincial de Educación Técnica (E.P.E.T.) Nº 20 ;Institución de ETP;Estatal;51;39;12;Industrial;SEC TEC
Neuquén;Confluencia;Escuela Provincial de Educación Técnica (E.P.E.T.) Nº 20 ;Institución de ETP;Estatal;599;386;213;Servicios;SEC TEC
Misiones;Guaraní;Escuela Provincial de Educación Técnica (E.P.E.T.) Nº 21 ;Institución de ETP;Estatal;171;98;73;Industrial;SEC TEC
Neuquén;Lácar;Escuela Provincial de Educación Técnica (E.P.E.T.) Nº 21 ;Institución de ETP;Estatal;275;152;123;Industrial;SEC TEC
Neuquén;Confluencia;Escuela Provincial de Educación Técnica (E.P.E.T.) Nº 22 ;Institución de ETP;Estatal;1308;797;511;Industrial;SEC TEC
Misiones;Eldorado;Escuela Provincial de Educación Técnica (E.P.E.T.) Nº 22 Santiago de Liniers;Institución de ETP;Estatal;36;19;17;Industrial;SEC TEC
Misiones;Concepción;Escuela Provincial de Educación Técnica (E.P.E.T.) Nº 23 Don  Arnaldo Nogueira Prates;Institución de ETP;Estatal;124;61;63;Industrial;SEC TEC
Neuquén;Añelo;Escuela Provincial de Educación Técnica (E.P.E.T.) Nº 23 Escuela Provincial de educación Técnica N°23;Institución de ETP;Estatal;189;94;95;Industrial;SEC TEC
Misiones;General Manuel Belgrano;Escuela Provincial de Educación Técnica (E.P.E.T.) Nº 24 ;Institución de ETP;Estatal;45;31;14;Industrial;SEC TEC
Neuquén;Pehuenches;Escuela Provincial de Educación Técnica (E.P.E.T.) Nº 24 ;Institución de ETP;Estatal;228;147;81;Servicios;SEC TEC
Misiones;Cainguás;Escuela Provincial de Educación Técnica (E.P.E.T.) Nº 25 ;Institución de ETP;Estatal;100;74;26;Industrial;SEC TEC
Neuquén;Confluencia;Escuela Provincial de Educación Técnica (E.P.E.T.) Nº 25 ;Institución de ETP;Estatal;108;68;40;Industrial;SEC TEC
Neuquén;Añelo;Escuela Provincial de Educación Técnica (E.P.E.T.) Nº 26 ;Institución de ETP;Estatal;83;43;40;Industrial;SEC TEC
Misiones;General Manuel Belgrano;Escuela Provincial de Educación Técnica (E.P.E.T.) Nº 26 E.P.E.T N°26;Institución de ETP;Estatal;58;39;19;Industrial;SEC TEC
Misiones;Libertador General San Martín;Escuela Provincial de Educación Técnica (E.P.E.T.) Nº 27 ;Institución de ETP;Estatal;60;37;23;Industrial;SEC TEC
Neuquén;Confluencia;Escuela Provincial de Educación Técnica (E.P.E.T.) Nº 27 Escuela provincial de Educación Técnica Nº 27;Institución de ETP;Estatal;125;91;34;Industrial;SEC TEC
Misiones;San Pedro;Escuela Provincial de Educación Técnica (E.P.E.T.) Nº 28 ;Institución de ETP;Estatal;52;21;31;Industrial;SEC TEC-FP
Neuquén;Los Lagos;Escuela Provincial de Educación Técnica (E.P.E.T.) Nº 28 ;Institución de ETP;Estatal;20;15;5;Industrial;SEC TEC
Misiones;Eldorado;Escuela Provincial de Educación Técnica (E.P.E.T.) Nº 29 Escuela Provincial de Educación Técnica N° 29;Institución de ETP;Estatal;29;17;12;Industrial;SEC TEC
La Pampa;Maracó;Escuela Provincial de Educación Técnica (E.P.E.T.) Nº 3 ;Institución de ETP;Estatal;184;126;58;Servicios;SEC TEC
Catamarca;Tinogasta;Escuela Provincial de Educación Técnica (E.P.E.T.) Nº 3 Telésforo Chanampa;Institución de ETP;Estatal;132;72;60;Industrial;SEC TEC-FP
Misiones;Apóstoles;Escuela Provincial de Educación Técnica (E.P.E.T.) Nº 30 San José Obrero;Institución de ETP;Estatal;43;29;14;Industrial;SEC TEC
Misiones;San Pedro;Escuela Provincial de Educación Técnica (E.P.E.T.) Nº 31 ;Institución de ETP;Estatal;43;21;22;Industrial;SEC TEC
Misiones;Oberá;Escuela Provincial de Educación Técnica (E.P.E.T.) Nº 32 ;Institución de ETP;Estatal;72;43;29;Industrial;SEC TEC
Misiones;Iguazú;Escuela Provincial de Educación Técnica (E.P.E.T.) Nº 33 Escuela Provincial de Educación Técnica N°33;Institución de ETP;Estatal;133;71;62;Industrial;SEC TEC
Misiones;Capital;Escuela Provincial de Educación Técnica (E.P.E.T.) Nº 34 EPET N° 34;Institución de ETP;Estatal;313;203;110;Servicios;SEC TEC-FP
Misiones;Oberá;Escuela Provincial de Educación Técnica (E.P.E.T.) Nº 35 ;Institución de ETP;Estatal;123;66;57;Industrial;SEC TEC-FP
Misiones;Capital;Escuela Provincial de Educación Técnica (E.P.E.T.) Nº 36 Itaembé Mini;Institución de ETP;Estatal;342;156;186;Industrial;SEC TEC
Misiones;Capital;Escuela Provincial de Educación Técnica (E.P.E.T.) Nº 37 Benjamín Matienzo;Institución de ETP;Estatal;77;65;12;Industrial;SEC TEC
Misiones;Leandro N. Alem;Escuela Provincial de Educación Técnica (E.P.E.T.) Nº 38 ;Institución de ETP;Estatal;65;43;22;Servicios;SEC TEC
Misiones;Guaraní;Escuela Provincial de Educación Técnica (E.P.E.T.) Nº 39 EPET N°39;Institución de ETP;Estatal;94;47;47;Agropecuaria;SEC TEC
Catamarca;Andalgalá;Escuela Provincial de Educación Técnica (E.P.E.T.) Nº 4 Dr. Federico Schickendantz;Institución de ETP;Estatal;181;114;67;Industrial;SEC TEC-FP
San Juan;Capital;Escuela Provincial de Educación Técnica (E.P.E.T.) Nº 4 E.P.E.T. N° 4;Institución de ETP;Estatal;331;225;106;Servicios;SEC TEC
Formosa;Pirané;Escuela Provincial de Educación Técnica (E.P.E.T.) Nº 4 EPET N°4;Institución de ETP;Estatal;208;112;96;Industrial;SEC TEC-FP
Misiones;Candelaria;Escuela Provincial de Educación Técnica (E.P.E.T.) Nº 40 ;Institución de ETP;Estatal;110;56;54;Industrial;SEC TEC
Misiones;Oberá;Escuela Provincial de Educación Técnica (E.P.E.T.) Nº 41 Panambí;Institución de ETP;Estatal;46;17;29;Industrial;SEC TEC
Misiones;San Ignacio;Escuela Provincial de Educación Técnica (E.P.E.T.) Nº 42 ;Institución de ETP;Estatal;34;18;16;Industrial;SEC TEC
Misiones;General Manuel Belgrano;Escuela Provincial de Educación Técnica (E.P.E.T.) Nº 44 EPET44;Institución de ETP;Estatal;31;20;11;Industrial;SEC TEC
Misiones;Capital;Escuela Provincial de Educación Técnica (E.P.E.T.) Nº 45 EPET N°45;Institución de ETP;Estatal;68;37;31;Industrial;SEC TEC
Misiones;Candelaria;Escuela Provincial de Educación Técnica (E.P.E.T.) Nº 46 ;Institución de ETP;Estatal;60;24;36;Servicios;SEC TEC-FP
Misiones;Iguazú;Escuela Provincial de Educación Técnica (E.P.E.T.) Nº 48 E.P.E.T. ;Institución de ETP;Estatal;58;42;16;Industrial;SEC TEC
Misiones;Libertador General San Martín;Escuela Provincial de Educación Técnica (E.P.E.T.) Nº 49 ;Institución de ETP;Estatal;121;56;65;Servicios;SEC TEC
Neuquén;Confluencia;Escuela Provincial de Educación Técnica (E.P.E.T.) Nº 5 ;Institución de ETP;Estatal;452;259;193;Industrial;SEC TEC
Formosa;Formosa;"Escuela Provincial de Educación Técnica (E.P.E.T.) Nº 5 Dos de Abril	";Institución de ETP;Estatal;204;108;96;Industrial;SEC TEC-FP
Catamarca;Santa María;Escuela Provincial de Educación Técnica (E.P.E.T.) Nº 5 Escuela Provincial de Educación Técnica N°5 - Santa María;Institución de ETP;Estatal;274;162;112;Industrial;SEC TEC
Misiones;Apóstoles;Escuela Provincial de Educación Técnica (E.P.E.T.) Nº 5 Fray Luis Beltrán;Institución de ETP;Estatal;231;158;73;Industrial;SEC TEC-SUP 
Misiones;Leandro N. Alem;Escuela Provincial de Educación Técnica (E.P.E.T.) Nº 50 ;Institución de ETP;Estatal;22;9;13;Agropecuaria;SEC TEC
Misiones;Iguazú;Escuela Provincial de Educación Técnica (E.P.E.T.) Nº 51 ;Institución de ETP;Estatal;60;21;39;Industrial;SEC TEC
Misiones;Oberá;Escuela Provincial de Educación Técnica (E.P.E.T.) Nº 53 ;Institución de ETP;Estatal;23;11;12;Industrial;SEC TEC-FP
Misiones;Eldorado;Escuela Provincial de Educación Técnica (E.P.E.T.) Nº 54 ;Institución de ETP;Estatal;71;20;51;Industrial;SEC TEC
San Juan;Rivadavia;Escuela Provincial de Educación Técnica (E.P.E.T.) Nº 6 EPET Nº 6 - La Bebida;Institución de ETP;Estatal;182;84;98;Servicios;SEC TEC
Catamarca;Capital;Escuela Provincial de Educación Técnica (E.P.E.T.) Nº 6 Maestro Mariano Fernando Pieri ;Institución de ETP;Estatal;94;86;8;Industrial;SEC TEC-FP
San Juan;Rivadavia;Escuela Provincial de Educación Técnica (E.P.E.T.) Nº 7 ;Institución de ETP;Estatal;81;58;23;Industrial;SEC TEC
San Juan;Santa Lucía;Escuela Provincial de Educación Técnica (E.P.E.T.) Nº 8 ;Institución de ETP;Estatal;146;89;57;Servicios;SEC TEC
Formosa;Pilcomayo;"Escuela Provincial de Educación Técnica (E.P.E.T.) Nº 8 Diecisiete de Octubre	";Institución de ETP;Estatal;241;134;107;Industrial;SEC TEC
Catamarca;Pomán;"Escuela Provincial de Educación Técnica (E.P.E.T.) Nº 8 E.P.E.T. N°8 ""FACUNDO RENTERIA""";Institución de ETP;Estatal;72;45;27;Industrial;SEC TEC
San Juan;Ullum;Escuela Provincial de Educación Técnica (E.P.E.T.) Nº 9 Dr. René Favaloro;Institución de ETP;Estatal;177;68;109;Industrial;SEC TEC
Neuquén;Confluencia;Escuela Provincial de Educación Técnica (E.P.E.T.) Nº 9 Eduardo V. Gatti;Institución de ETP;Estatal;542;372;170;Industrial;SEC TEC
Catamarca;Capital;Escuela Provincial de Minería  Dr. Bernardo Houssay;Institución de ETP;Estatal;103;65;38;Industrial;SEC TEC
Buenos Aires;General Pueyrredón;Escuela Secundaria Municipal de Educación Técnica Nº 01 ;Institución de ETP;Estatal;126;60;66;Industrial;SEC TEC
Chubut;Escalante;Escuela Secundaria Técnica Nº 1726 San José Obrero;Institución de ETP;Privado;360;216;144;Industrial;SEC TEC
Chubut;Biedma;Escuela Secundaria Técnica Nº 1744 Escuela Técnica CAMAD ;Institución de ETP;Privado;43;27;16;Servicios;SEC TEC
Chubut;Futaleufú;Escuela Secundaria Técnica Nº 701 Escuela Politécnica Francisco E. Gilardoni;Institución de ETP;Estatal;240;131;109;Industrial;SEC TEC
Chubut;Escalante;Escuela Secundaria Técnica Nº 704 De Biología Marina -Prefectura Naval Argentina;Institución de ETP;Estatal;278;93;185;Agropecuaria;SEC TEC
Chubut;Escalante;Escuela Secundaria Técnica Nº 707 Ciudad de Yapeyú;Institución de ETP;Estatal;397;279;118;Industrial;SEC TEC
Chubut;Futaleufú;Escuela Secundaria Técnica Nº 713 Juan Abdala Chayep;Institución de Otro Nivel y/o Modalidad;Estatal;87;55;32;Servicios;SEC TEC
Chubut;Río Senguer;Escuela Secundaria Técnica Nº 716 Casimiro Szlápelis;Institución de ETP;Estatal;75;33;42;Agropecuaria;SEC TEC
Chubut;Florentino Ameghino;Escuela Secundaria Técnica Nº 721 Caleta Horno;Institución de ETP;Estatal;142;60;82;Agropecuaria;SEC TEC
Chubut;Biedma;Escuela Secundaria Técnica Nº 728 Alfonsina Storni;Institución de ETP;Estatal;275;168;107;Servicios;SEC TEC
Chubut;Escalante;Escuela Secundaria Técnica Nº 760 Guardacostas Rio Iguazú;Institución de ETP;Estatal;390;260;130;Industrial;SEC TEC
Chubut;Escalante;Escuela Secundaria Técnica Nº 770 ;Institución de ETP;Estatal;199;77;122;Servicios;SEC TEC
Chubut;Cushamen;Escuela Secundaria Técnica Nº 7727 ;Institución de ETP;Estatal;92;60;32;Industrial;SEC TEC
Misiones;San Ignacio;Escuela Superior de Comercio Nº 02 Independencia Nacional;Institución de Otro Nivel y/o Modalidad;Estatal;41;13;28;Servicios;SEC TEC-SUP 
Misiones;Capital;Escuela Superior de Comercio Nº 06 Mariano Moreno;Institución de Otro Nivel y/o Modalidad;Estatal;43;22;21;Servicios;SEC TEC-SUP 
Santa Cruz;Lago Argentino;Escuela Técnica  CENTRO DE EDUCACION SECUNDARIA MONSEÑOR ALEJANDRO BUCCOLINI;Institución de Otro Nivel y/o Modalidad;Privado;89;51;38;Industrial;SEC TEC
Ciudad de Buenos Aires;Comuna N° 14;Escuela Técnica  Cristóbal María Hicken;Institución de ETP;Estatal;127;46;81;Agropecuaria;SEC TEC
Ciudad de Buenos Aires;Comuna N° 15;"Escuela Técnica  de Nivel Medio en Producción Agropecuaria y Agroalimentaria 	";Institución de ETP;Estatal;226;112;114;Agropecuaria;SEC TEC
Tucumán;Tafí del Valle;Escuela Técnica  El Mollar;Institución de ETP;Estatal;60;38;22;Industrial;SEC TEC
Río Negro;Bariloche;Escuela Técnica  Nehuen Peuman;Institución de ETP;Estatal;193;115;78;Industrial;SEC TEC
Santiago del Estero;Aguirre;Escuela Técnica  Tristán Adrián Malbrán;Institución de ETP;Estatal;71;32;39;Agropecuaria;SEC TEC
Tucumán;Capital;Escuela Técnica  Vial General Manuel Belgrano;Institución de ETP;Estatal;120;98;22;Industrial;SEC TEC
La Rioja;Castro Barros;Escuela Técnica Agropecuaria  Dr. Agustín Benjamín de la Vega;Institución de ETP;Estatal;50;28;22;Agropecuaria;SEC TEC
La Rioja;Chamical;"Escuela Técnica Agropecuaria Nº 01 Chamical	";Institución de ETP;Estatal;47;13;34;Agropecuaria;SEC TEC
Mendoza;San Rafael;Escuela Técnica Agropecuaria Nº 4-015 Seizo Hoshi;Institución de ETP;Estatal;125;65;60;Agropecuaria;SEC TEC
Mendoza;San Rafael;Escuela Técnica Agropecuaria Nº 4-198 Francisco García;Institución de ETP;Estatal;169;90;79;Agropecuaria;SEC TEC
Mendoza;Tupungato;Escuela Técnica Agropecuaria Nº 4-212 Camilo Carballo;Institución de ETP;Estatal;255;130;125;Agropecuaria;SEC TEC
Mendoza;Malargüe;Escuela Técnica Agropecuaria Nº 4-227 GUADALUPE DE LA FRONTERA;Institución de ETP;Estatal;31;14;17;Agropecuaria;SEC TEC
Mendoza;San Rafael;"Escuela Técnica Agropecuaria Nº 4-239 ""Cerro El Sosneado""";Institución de ETP;Estatal;52;30;22;Agropecuaria;SEC TEC
Buenos Aires;Almirante Brown;Escuela Técnica Integral Nº 1 UNIDAD INTEGRAL ETP;Institución de ETP;Estatal;156;136;20;Industrial;SEC TEC-SUP-FP
Buenos Aires;Moreno;"Escuela Técnica Integral Nº 4521 Trujui	";Institución de ETP;Privado;102;54;48;Industrial;SEC TEC
Santiago del Estero;Capital;Escuela Técnica Nº 01 ;Institución de ETP;Estatal;448;247;201;Industrial;SEC TEC-FP
Tucumán;Trancas;Escuela Técnica Nº 01 ;Institución de ETP;Estatal;324;184;140;Industrial;SEC TEC
Tucumán;Tafí Viejo;"Escuela Técnica Nº 01 ""Profesor Rafael Marino""";Institución de ETP;Estatal;455;350;105;Industrial;SEC TEC
Tucumán;Rio Chico;Escuela Técnica Nº 01 Aguilares;Institución de ETP;Estatal;278;192;86;Industrial;SEC TEC-FP
Tucumán;Leales;Escuela Técnica Nº 01 BELLA VISTA;Institución de ETP;Estatal;318;200;118;Industrial;SEC TEC-FP
Tucumán;Leales;"Escuela Técnica Nº 01 de Villa de Leales	";Institución de ETP;Estatal;220;148;72;Industrial;SEC TEC
Tucumán;Monteros;Escuela Técnica Nº 01 Escuela Técnica Nº1 de Monteros;Institución de ETP;Estatal;464;317;147;Industrial;SEC TEC
Tucumán;Monteros;Escuela Técnica Nº 01 Hilda Guerrero de Molina;Institución de ETP;Estatal;189;111;78;Industrial;SEC TEC-FP
Tucumán;Capital;Escuela Técnica Nº 01 Independencia Argentina;Institución de ETP;Estatal;465;289;176;Servicios;SEC TEC
Tucumán;Cruz Alta;Escuela Técnica Nº 01 Ingeniero Antonio María Correa;Institución de ETP;Estatal;295;163;132;Industrial;SEC TEC
Tucumán;Juan Bautista Alberdi;Escuela Técnica Nº 01 Juan Bautista Alberdi;Institución de ETP;Estatal;405;236;169;Industrial;SEC TEC
Tucumán;La Cocha;Escuela Técnica Nº 01 La Cocha;Institución de ETP;Estatal;284;127;157;Industrial;SEC TEC
Tucumán;Cruz Alta;Escuela Técnica Nº 01 Lastenia ;Institución de ETP;Estatal;212;174;38;Industrial;SEC TEC-FP
Tucumán;Lules;Escuela Técnica Nº 01 LULES;Institución de ETP;Estatal;584;421;163;Industrial;SEC TEC
Ciudad de Buenos Aires;Comuna N° 1;Escuela Técnica Nº 01 Otto Krause;Institución de ETP;Estatal;1121;766;355;Industrial;SEC TEC
Tucumán;Monteros;Escuela Técnica Nº 01 RIO SECO;Institución de ETP;Estatal;292;168;124;Industrial;SEC TEC
Santiago del Estero;Banda;Escuela Técnica Nº 02 Ingeniero Santiago Barabino;Institución de ETP;Estatal;678;410;268;Industrial;SEC TEC-FP
Tucumán;Capital;Escuela Técnica Nº 02 Obispo Colombres;Institución de ETP;Estatal;750;666;84;Industrial;SEC TEC
Ciudad de Buenos Aires;Comuna N° 14;Escuela Técnica Nº 02 Osvaldo Magnasco;Institución de ETP;Estatal;261;154;107;Servicios;SEC TEC
Ciudad de Buenos Aires;Comuna N° 13;Escuela Técnica Nº 02 Raggio;Institución de ETP;Estatal;1330;670;660;Industrial;SEC TEC
Tucumán;Capital;Escuela Técnica Nº 03 Dr. Juan B. Terán;Institución de ETP;Estatal;573;495;78;Industrial;SEC TEC
Santiago del Estero;Capital;Escuela Técnica Nº 03 Ingeniero Santiago Maradona;Institución de ETP;Estatal;607;437;170;Industrial;SEC TEC
Ciudad de Buenos Aires;Comuna N° 14;Escuela Técnica Nº 03 María Sánchez de Thompson;Institución de ETP;Estatal;398;286;112;Industrial;SEC TEC
Santiago del Estero;General Taboada;Escuela Técnica Nº 04 ;Institución de ETP;Estatal;380;243;137;Industrial;SEC TEC-FP
Tucumán;Capital;Escuela Técnica Nº 04 Escuela Técnica N° 4 Juan XXIII;Institución de ETP;Estatal;79;37;42;Servicios;SEC TEC
Ciudad de Buenos Aires;Comuna N° 4;Escuela Técnica Nº 04 República del Líbano;Institución de ETP;Estatal;348;197;151;Servicios;SEC TEC
Tucumán;Capital;Escuela Técnica Nº 05 Capital;Institución de ETP;Estatal;338;270;68;Industrial;SEC TEC-FP
Santiago del Estero;Choya;Escuela Técnica Nº 05 Dr. Ramón Carrillo;Institución de ETP;Estatal;676;461;215;Industrial;SEC TEC-FP
Ciudad de Buenos Aires;Comuna N° 7;Escuela Técnica Nº 05 María de los Remedios de Escalada de San Martín;Institución de ETP;Estatal;505;273;232;Servicios;SEC TEC
Santiago del Estero;Banda;Escuela Técnica Nº 06 Comandante Manuel Besares;Institución de ETP;Estatal;704;360;344;Servicios;SEC TEC-FP
Ciudad de Buenos Aires;Comuna N° 7;Escuela Técnica Nº 06 Fernando Fader;Institución de ETP;Estatal;497;125;372;Servicios;SEC TEC
Santiago del Estero;Río Hondo;Escuela Técnica Nº 07 ;Institución de ETP;Estatal;230;176;54;Industrial;SEC TEC
Ciudad de Buenos Aires;Comuna N° 4;Escuela Técnica Nº 07 Dolores Lavalle de Lavalle;Institución de ETP;Estatal;429;252;177;Servicios;SEC TEC
Santiago del Estero;Capital;Escuela Técnica Nº 08 ;Institución de ETP;Estatal;135;102;33;Industrial;SEC TEC
Ciudad de Buenos Aires;Comuna N° 9;Escuela Técnica Nº 08 Media Paula Albarracín de Sarmiento;Institución de ETP;Estatal;364;184;180;Industrial;SEC TEC
Ciudad de Buenos Aires;Comuna N° 6;Escuela Técnica Nº 09 Ingeniero Luis A. Huergo;Institución de ETP;Estatal;906;667;239;Industrial;SEC TEC
Tucumán;Chicligasta;Escuela Técnica Nº 1 Concepción;Institución de ETP;Estatal;570;383;187;Industrial;SEC TEC
Tucumán;Famaillá;Escuela Técnica Nº 1 CRUCERO ARA GRAL BELGRANO;Institución de ETP;Estatal;374;259;115;Industrial;SEC TEC
Tucumán;Cruz Alta;Escuela Técnica Nº 1 de Ranchillos;Institución de ETP;Estatal;372;177;195;Industrial;SEC TEC
San Luis;Chacabuco;Escuela Técnica Nº 1 Elena Ossola de Horas;Institución de ETP;Estatal;166;87;79;Agropecuaria;SEC TEC
Ciudad de Buenos Aires;Comuna N° 4;Escuela Técnica Nº 10 Fray Luis Beltrán;Institución de ETP;Estatal;387;302;85;Industrial;SEC TEC
Santiago del Estero;Robles;Escuela Técnica Nº 10 María Santísima;Institución de ETP;Estatal;137;64;73;Agropecuaria;SEC TEC
San Luis;Juan Martín de Pueyrredón (Capital);Escuela Técnica Nº 10 Martín Miguel de Güemes;Institución de ETP;Estatal;192;91;101;Servicios;SEC TEC
Santiago del Estero;Capital;Escuela Técnica Nº 11 Independencia;Institución de ETP;Estatal;155;82;73;Servicios;SEC TEC
Ciudad de Buenos Aires;Comuna N° 3;Escuela Técnica Nº 11 Manuel Belgrano;Institución de ETP;Estatal;579;397;182;Industrial;SEC TEC
Santiago del Estero;Robles;Escuela Técnica Nº 12 ESCUELA TECNICA N°12;Institución de ETP;Estatal;197;126;71;Industrial;SEC TEC
Ciudad de Buenos Aires;Comuna N° 1;Escuela Técnica Nº 12 Libertador General José de San Martín;Institución de ETP;Estatal;479;338;141;Industrial;SEC TEC
Ciudad de Buenos Aires;Comuna N° 8;Escuela Técnica Nº 13 Ingeniero José Luis Delpini;Institución de ETP;Estatal;767;529;238;Industrial;SEC TEC
Santiago del Estero;Loreto;Escuela Técnica Nº 14 ;Institución de ETP;Estatal;200;107;93;Servicios;SEC TEC
Ciudad de Buenos Aires;Comuna N° 4;Escuela Técnica Nº 14 Libertad;Institución de ETP;Estatal;477;291;186;Industrial;SEC TEC
San Luis;General Pedernera;Escuela Técnica Nº 14 Ministro del Superior Tribunal de Justicia Dr. Luis A. Luco;Institución de ETP;Estatal;217;123;94;Agropecuaria;SEC TEC
Santiago del Estero;Banda;Escuela Técnica Nº 15 Don Antonio Escañuela;Institución de ETP;Estatal;123;43;80;Agropecuaria;SEC TEC
San Luis;General Pedernera;Escuela Técnica Nº 15 Ingeniero Agustín Mercau;Institución de ETP;Estatal;460;369;91;Industrial;SEC TEC-FP
Ciudad de Buenos Aires;Comuna N° 4;Escuela Técnica Nº 15 Maipú;Institución de ETP;Estatal;326;146;180;Servicios;SEC TEC
Ciudad de Buenos Aires;Comuna N° 11;Escuela Técnica Nº 16 España;Institución de ETP;Estatal;310;169;141;Servicios;SEC TEC
San Luis;General Pedernera;Escuela Técnica Nº 16 Jesús Obrero;Institución de ETP;Estatal;242;126;116;Industrial;SEC TEC
Ciudad de Buenos Aires;Comuna N° 9;Escuela Técnica Nº 17 Brigadier General Cornelio Saavedra;Institución de ETP;Estatal;992;778;214;Industrial;SEC TEC
San Luis;General Pedernera;Escuela Técnica Nº 17 V Brigada Aérea;Institución de ETP;Estatal;314;230;84;Industrial;SEC TEC
Ciudad de Buenos Aires;Comuna N° 7;Escuela Técnica Nº 18 José Antonio Álvarez de Condarco;Institución de ETP;Estatal;145;109;36;Industrial;SEC TEC
San Luis;General Pedernera;Escuela Técnica Nº 18 Nicolasa Berrondo de Quiroga;Institución de ETP;Estatal;215;77;138;Servicios;SEC TEC
Ciudad de Buenos Aires;Comuna N° 1;Escuela Técnica Nº 19 Alejandro Volta;Institución de ETP;Estatal;366;275;91;Industrial;SEC TEC
San Luis;General Pedernera;Escuela Técnica Nº 19 Bernardino Rivadavia;Institución de ETP;Estatal;193;74;119;Industrial;SEC TEC
San Luis;Chacabuco;Escuela Técnica Nº 2 San José Obrero;Institución de ETP;Estatal;70;35;35;Industrial;SEC TEC
Tucumán;Tafí Viejo;Escuela Técnica Nº 2 Tafí Viejo;Institución de ETP;Estatal;103;59;44;Industrial;SEC TEC
Ciudad de Buenos Aires;Comuna N° 9;Escuela Técnica Nº 20 ;Institución de ETP;Estatal;346;229;117;Servicios;SEC TEC
San Luis;General Pedernera;Escuela Técnica Nº 20 Antonio Berni;Institución de ETP;Estatal;100;70;30;Servicios;SEC TEC
Ciudad de Buenos Aires;Comuna N° 12;Escuela Técnica Nº 21 Fragata Escuela Libertad;Institución de ETP;Estatal;404;316;88;Industrial;SEC TEC
Ciudad de Buenos Aires;Comuna N° 9;Escuela Técnica Nº 23 Casal Calviño;Institución de ETP;Estatal;576;441;135;Industrial;SEC TEC
Ciudad de Buenos Aires;Comuna N° 11;Escuela Técnica Nº 24 Defensa de Buenos Aires;Institución de ETP;Estatal;649;424;225;Servicios;SEC TEC
San Luis;Gobernador Dupuy;Escuela Técnica Nº 25 Escultor Antonio Miguel Nevot;Institución de ETP;Estatal;74;39;35;Industrial;SEC TEC
Ciudad de Buenos Aires;Comuna N° 3;Escuela Técnica Nº 25 Teniente 1º de Artillería Fray Luis Beltrán;Institución de ETP;Estatal;633;531;102;Industrial;SEC TEC
Ciudad de Buenos Aires;Comuna N° 3;Escuela Técnica Nº 26 Confederación Suiza;Institución de ETP;Estatal;581;514;67;Industrial;SEC TEC
San Luis;Chacabuco;Escuela Técnica Nº 26 Gobernador Elías Adre;Institución de ETP;Estatal;105;55;50;Industrial;SEC TEC
Ciudad de Buenos Aires;Comuna N° 10;Escuela Técnica Nº 27 Hipólito Yrigoyen;Institución de ETP;Estatal;685;314;371;Industrial;SEC TEC
San Luis;Coronel Pringles;Escuela Técnica Nº 28 General Juan Martín de Pueyrredón;Institución de ETP;Estatal;191;90;101;Servicios;SEC TEC
Ciudad de Buenos Aires;Comuna N° 13;Escuela Técnica Nº 28 República Francesa;Institución de ETP;Estatal;433;351;82;Industrial;SEC TEC
San Luis;Ayacucho;Escuela Técnica Nº 29 Comandante Luis Piedrabuena;Institución de ETP;Estatal;107;50;57;Servicios;SEC TEC
Ciudad de Buenos Aires;Comuna N° 5;Escuela Técnica Nº 29 Reconquista de Buenos Aires;Institución de ETP;Estatal;596;472;124;Industrial;SEC TEC
Ciudad de Buenos Aires;Comuna N° 5;Escuela Técnica Nº 30 Dr. Norberto Piñero;Institución de ETP;Estatal;332;238;94;Industrial;SEC TEC
San Luis;Ayacucho;Escuela Técnica Nº 30 Fragata Presidente Sarmiento;Institución de ETP;Estatal;51;24;27;Servicios;SEC TEC
Ciudad de Buenos Aires;Comuna N° 4;Escuela Técnica Nº 31 Maestro Quinquela;Institución de ETP;Estatal;165;76;89;Servicios;SEC TEC
San Luis;Ayacucho;Escuela Técnica Nº 31 Profesor Víctor Saá;Institución de ETP;Estatal;96;63;33;Agropecuaria;SEC TEC
Ciudad de Buenos Aires;Comuna N° 15;Escuela Técnica Nº 32 General José de San Martín;Institución de ETP;Estatal;586;501;85;Industrial;SEC TEC
San Luis;Ayacucho;Escuela Técnica Nº 32 Juan Pascual Pringles;Institución de ETP;Estatal;88;45;43;Agropecuaria;SEC TEC
Ciudad de Buenos Aires;Comuna N° 4;Escuela Técnica Nº 33 Fundición Maestranza del Plumerillo;Institución de ETP;Estatal;472;277;195;Industrial;SEC TEC
San Luis;Ayacucho;Escuela Técnica Nº 33 Profesor Gabino Puelles;Institución de ETP;Estatal;167;73;94;Industrial;SEC TEC
San Luis;Junín;Escuela Técnica Nº 34 Arístides Bratti;Institución de ETP;Estatal;148;92;56;Industrial;SEC TEC
Ciudad de Buenos Aires;Comuna N° 15;Escuela Técnica Nº 34 Ingeniero Enrique Martín Hermitte;Institución de ETP;Estatal;537;402;135;Industrial;SEC TEC
Ciudad de Buenos Aires;Comuna N° 10;Escuela Técnica Nº 35 Ingeniero Eduardo Latzina;Institución de ETP;Estatal;856;719;137;Industrial;SEC TEC
Ciudad de Buenos Aires;Comuna N° 12;Escuela Técnica Nº 36 Almirante Guillermo Brown;Institución de ETP;Estatal;330;257;73;Industrial;SEC TEC
Ciudad de Buenos Aires;Comuna N° 10;Escuela Técnica Nº 37 Hogar Naval Stella Maris;Institución de ETP;Estatal;337;246;91;Servicios;SEC TEC
San Luis;Juan Martín de Pueyrredón (Capital);Escuela Técnica Nº 37 Ingeniero Germán Avé Lallemant;Institución de ETP;Estatal;145;97;48;Industrial;SEC TEC
San Luis;Gobernador Dupuy;Escuela Técnica Nº 38 Leonor Matilde Hirsch de Caraballo ;Institución de ETP;Estatal;25;12;13;Agropecuaria;SEC TEC
San Luis;Juan Martín de Pueyrredón (Capital);Escuela Técnica Nº 4 Fray Luís Beltrán;Institución de ETP;Estatal;234;156;78;Industrial;SEC TEC
San Luis;Juan Martín de Pueyrredón (Capital);Escuela Técnica Nº 5 Ingeniero José Antonio Álvarez Condarco;Institución de ETP;Estatal;188;112;76;Industrial;SEC TEC
San Luis;Juan Martín de Pueyrredón (Capital);Escuela Técnica Nº 6 General San Martín;Institución de ETP;Estatal;86;40;46;Agropecuaria;SEC TEC
San Luis;Juan Martín de Pueyrredón (Capital);Escuela Técnica Nº 7 DR. MANUEL SADOSKY;Institución de ETP;Estatal;131;80;51;Servicios;SEC TEC
San Luis;Juan Martín de Pueyrredón (Capital);Escuela Técnica Nº 8 Mauricio Pastor Daract;Institución de ETP;Estatal;326;136;190;Servicios;SEC TEC
San Luis;Juan Martín de Pueyrredón (Capital);Escuela Técnica Nº 9 Domingo Faustino Sarmiento;Institución de ETP;Estatal;264;196;68;Industrial;SEC TEC
Santiago del Estero;Quebrachos;Escuela Técnica Nº 9 Gobernador Ingeniero César E. del V. Iturre;Institución de ETP;Estatal;108;67;41;Industrial;SEC TEC
Río Negro;General Roca;Escuela Técnica Nº G-032 INSTITUTO NUESTRA SEÑORA DEL ROSARIO;Institución de Otro Nivel y/o Modalidad;Privado;131;91;40;Industrial;SEC TEC
Buenos Aires;Ensenada;Escuela Técnica Privada de Fábrica Nº 5232 Astillero Río Santiago;Institución de ETP;Privado;176;106;70;Industrial;SEC TEC
Buenos Aires;Luján;Escuela Técnica Privada Nº 3471 Algodonera Flandria;Institución de ETP;Privado;121;87;34;Industrial;SEC TEC
Buenos Aires;La Plata;Escuela Técnica Privada Nº 4047 San Vicente de Paul;Institución de ETP;Privado;187;167;20;Industrial;SEC TEC-FP
Buenos Aires;General Pueyrredón;Escuela Técnica Privada Nº 4227 Instituto Industrial Pablo Tavelli;Institución de ETP;Privado;275;228;47;Industrial;SEC TEC
Buenos Aires;Moreno;Escuela Técnica Privada Nº 4524 Alemana - DIPREGEP;Institución de ETP;Privado;142;86;56;Industrial;SEC TEC
Buenos Aires;San Isidro;Escuela Técnica Privada Nº 4684 Instituto Dr. Juan Segundo Fernandez;Institución de ETP;Privado;471;434;37;Industrial;SEC TEC
La Rioja;Vinchina;Escuela Técnica Profesional  Mixta de Vinchina;Institución de ETP;Estatal;59;32;27;Agropecuaria;SEC TEC-FP
La Rioja;General Belgrano;Escuela Técnica Profesional Nº 1 Instituto de Educacion Tecnica N1 Olta ;Institución de ETP;Estatal;77;42;35;Industrial;SEC TEC
Jujuy;Dr. Manuel Belgrano;Escuela Técnica Provincial (E.T.P.) Nº 01 General Aristóbulo Vargas Belmonte;Institución de ETP;Estatal;454;309;145;Servicios;SEC TEC
Jujuy;Susques;Escuela Técnica Provincial (E.T.P.) Nº 02 ;Institución de ETP;Estatal;28;15;13;Industrial;SEC TEC
Buenos Aires;General San Martín;Escuela Tecnológica  Werner Von Siemens;Institución de ETP;Estatal;66;62;4;Industrial;SEC TEC
Córdoba;Marcos Juárez;Instituto   Agrotécnico Manuel Belgrano;Institución de ETP;Privado;38;17;21;Agropecuaria;SEC TEC
Córdoba;Santa María;Instituto   Agrotécnico Padre Domingo Viera;Institución de ETP;Privado;100;44;56;Agropecuaria;SEC TEC
Córdoba;Santa María;Instituto   El Obraje;Institución de ETP;Privado;409;239;170;Industrial;SEC TEC
Córdoba;Río Segundo;Instituto   General Manuel Belgrano;Institución de Otro Nivel y/o Modalidad;Privado;33;21;12;Agropecuaria;SEC TEC
Córdoba;Ischilín;Instituto   Instituto Privado de Enseñanza Quilino;Institución de ETP;Privado;69;29;40;Agropecuaria;SEC TEC
Córdoba;Río Cuarto;Instituto   Instituto Técnico Santa María Teresa Goretti;Institución de ETP;Privado;93;74;19;Industrial;SEC TEC
Córdoba;Capital;Instituto   Luis Manuel Robles;Institución de Otro Nivel y/o Modalidad;Privado;125;98;27;Industrial;SEC TEC
Córdoba;Tercero Arriba;Instituto   Pablo Antonio Pizzurno Agrotécnico y Orientado;Institución de ETP;Privado;51;21;30;Agropecuaria;SEC TEC
Córdoba;Colón;Instituto   Pio León;Institución de ETP;Privado;102;58;44;Industrial;SEC TEC
Córdoba;Unión;Instituto   Sagrado Corazón;Institución de ETP;Privado;102;47;55;Industrial;SEC TEC
Córdoba;Calamuchita;Instituto   San Francisco de Asis;Institución de Otro Nivel y/o Modalidad;Privado;124;78;46;Industrial;SEC TEC
Córdoba;Río Segundo;Instituto   San José;Institución de ETP;Privado;124;68;56;Agropecuaria;SEC TEC
Córdoba;Río Primero;Instituto   Técnico Parroquial José Manuel Estrada;Institución de ETP;Privado;86;40;46;Agropecuaria;SEC TEC
Córdoba;Tercero Arriba;Instituto   Técnico Río Tercero;Institución de ETP;Privado;180;131;49;Industrial;SEC TEC
Córdoba;Colón;Instituto   Técnico y Orientado Paula Albarracin de Sarmiento;Institución de ETP;Privado;133;87;46;Industrial;SEC TEC
Córdoba;San Javier;Instituto   Villa de las Rosas;Institución de Otro Nivel y/o Modalidad;Privado;52;36;16;Industrial;SEC TEC
Buenos Aires;Coronel Rosales;Instituto  Centenarios;Institución de ETP;Privado;258;135;123;Industrial;SEC TEC
Santa Cruz;Güer Aike;Instituto  del Viento - Rio Gallegos;Institución de Otro Nivel y/o Modalidad;Privado;22;8;14;Agropecuaria;SEC TEC
Río Negro;General Roca;Instituto  INSTITUTO TECNICO POTENCIAR ;Institución de Otro Nivel y/o Modalidad;Privado;34;20;14;Industrial;SEC TEC
Buenos Aires;Monte;Instituto Agropecuario Nº 4514 Elvira Lainez de Soldati de San MIguel de Monte;Institución de ETP;Privado;125;51;74;Agropecuaria;SEC TEC
La Pampa;Rancul;Instituto Agrotécnico  Instituto Agrotécnico Rancul;Institución de ETP;Privado;41;29;12;Agropecuaria;SEC TEC
Córdoba;San Justo;Instituto Agrotécnico  Nuestra Señora del Rosario;Institución de ETP;Privado;139;87;52;Agropecuaria;SEC TEC
Tucumán;Tafí Viejo;Instituto Agrotécnico  Obispo Colombres;Institución de ETP;Privado;119;60;59;Agropecuaria;SEC TEC
Córdoba;San Alberto;Instituto Agrotécnico  Stella Maris;Institución de ETP;Privado;131;71;60;Agropecuaria;SEC TEC
Córdoba;General San Martín;Instituto Agrotécnico Nº 1240147 Instituto Agrotécnico Industrial Chazón;Institución de ETP;Privado;113;58;55;Agropecuaria;SEC TEC
Buenos Aires;La Plata;Instituto Agrotécnico Nº 4027 Juan XXIII;Institución de ETP;Privado;75;42;33;Agropecuaria;SEC TEC
Buenos Aires;Bragado;Instituto Agrotécnico Nº 4143 Privado Bragado;Institución de ETP;Privado;163;75;88;Agropecuaria;SEC TEC
Córdoba;Juárez Celman;Instituto Agrotécnico Nº 429 INSTITUTO PROVINCIAL DE EDUCACIÓN AGROPECUARIA TÉCNICA Y MEDIA (I.P.E.A.T.Y M.);Institución de Otro Nivel y/o Modalidad;Estatal;168;92;76;Agropecuaria;SEC TEC
Buenos Aires;Puán;Instituto Agrotécnico Nº 4578 San José Obrero;Institución de ETP;Privado;92;57;35;Agropecuaria;SEC TEC
Buenos Aires;San Pedro;Instituto Agrotécnico Nº 4728 Margarita O´Farrel de Maguire;Institución de ETP;Privado;64;39;25;Agropecuaria;SEC TEC
Buenos Aires;Trenque Lauquen;Instituto Agrotécnico Nº 4812 Padre Castellaro;Institución de ETP;Privado;43;24;19;Agropecuaria;SEC TEC
Buenos Aires;San Vicente;Instituto Agrotécnico Nº 5010 San José ;Institución de ETP;Privado;123;62;61;Agropecuaria;SEC TEC
Buenos Aires;Ezeiza;Instituto de Educación Técnica Nº 4182 Manuel Belgrano - DIPREGEP;Institución de ETP;Privado;243;171;72;Industrial;SEC TEC
Misiones;Candelaria;Instituto de Enseñanza Agropecuaria (I.E.A.) Nº 01 ;Institución de ETP;Estatal;202;108;94;Agropecuaria;SEC TEC
Misiones;San Pedro;Instituto de Enseñanza Agropecuaria (I.E.A.) Nº 02 I.E.A. Nº 2;Institución de ETP;Estatal;75;41;34;Agropecuaria;SEC TEC
Misiones;Candelaria;Instituto de Enseñanza Agropecuaria (I.E.A.) Nº 04 Nuestra Señora de Loreto;Institución de ETP;Estatal;28;16;12;Agropecuaria;SEC TEC
Misiones;Veinticinco de Mayo;Instituto de Enseñanza Agropecuaria (I.E.A.) Nº 10 ;Institución de ETP;Estatal;85;44;41;Agropecuaria;SEC TEC
Misiones;Montecarlo;Instituto de Enseñanza Agropecuaria (I.E.A.) Nº 11 Instituto de Enseñanza Agropecuaria N° 11;Institución de ETP;Estatal;85;54;31;Agropecuaria;SEC TEC
Misiones;San Javier;Instituto de Enseñanza Agropecuaria (I.E.A.) Nº 12 San Francisco Javier;Institución de ETP;Estatal;50;26;24;Agropecuaria;SEC TEC
Misiones;Oberá;Instituto de Enseñanza Agropecuaria (I.E.A.) Nº 13 San Isidro Labrador;Institución de ETP;Estatal;107;65;42;Agropecuaria;SEC TEC-FP
Misiones;Cainguás;Instituto de Enseñanza Agropecuaria (I.E.A.) Nº 14 ;Institución de ETP;Estatal;46;30;16;Agropecuaria;SEC TEC
Misiones;Apóstoles;Instituto de Enseñanza Agropecuaria (I.E.A.) Nº 16 ;Institución de ETP;Estatal;43;28;15;Agropecuaria;SEC TEC
Misiones;General Manuel Belgrano;Instituto de Enseñanza Agropecuaria (I.E.A.) Nº 17 ;Institución de ETP;Estatal;56;27;29;Agropecuaria;SEC TEC
Misiones;Oberá;"Instituto de Enseñanza Agropecuaria (I.E.A.) Nº 17 Aula Satélite N° 01	";Institución de ETP;Estatal;6;1;5;Industrial;SEC TEC
Misiones;Libertador General San Martín;Instituto de Enseñanza Agropecuaria (I.E.A.) Nº 18  ;Institución de Otro Nivel y/o Modalidad;Estatal;72;37;35;Agropecuaria;SEC TEC
Misiones;Eldorado;Instituto de Enseñanza Agropecuaria (I.E.A.) Nº 5 Localidad Colonia Victoria;Institución de ETP;Estatal;39;17;22;Agropecuaria;SEC TEC
Misiones;Cainguás;Instituto de Enseñanza Agropecuaria (I.E.A.) Nº 6 ;Institución de ETP;Estatal;24;13;11;Agropecuaria;SEC TEC
Misiones;Capital;Instituto de Enseñanza Agropecuaria (I.E.A.) Nº 7 Instituto de Enseñanza Agropecuaria N° 7;Institución de ETP;Estatal;122;79;43;Agropecuaria;SEC TEC
Misiones;Montecarlo;"Instituto de Enseñanza Agropecuaria (I.E.A.) Nº 8 ""Colonia Guatambú"" Montecarlo, Misiones";Institución de ETP;Estatal;43;22;21;Agropecuaria;SEC TEC
Misiones;Veinticinco de Mayo;Instituto de Enseñanza Agropecuaria (I.E.A.) Nº 9 ;Institución de ETP;Estatal;58;28;30;Agropecuaria;SEC TEC-FP
Misiones;Guaraní;Instituto de Enseñanza Agropecuaria y Electromecánica Nº 03 Instituto de Enseñanza Agropecuaria y Electromecánica N° 3;Institución de ETP;Estatal;246;125;121;Agropecuaria;SEC TEC
Buenos Aires;Escobar;Instituto de Enseñanza Media de Florihorticultura y Jardinería Nº 1482 Escuela secundaria técnica agraria;Institución de ETP;Privado;132;62;70;Agropecuaria;SEC TEC
Misiones;Libertador General San Martín;Instituto Nº 1104 Línea Cuchilla;Institución de ETP;Privado;250;143;107;Agropecuaria;SEC TEC-FP
Misiones;Montecarlo;Instituto Nº 1208 Nuestra Señora de los Milagros;Institución de Otro Nivel y/o Modalidad;Privado;23;10;13;Servicios;SEC TEC
Buenos Aires;Florencio Varela;Instituto Nº 4193 San Juan Bautista;Institución de ETP;Privado;504;377;127;Industrial;SEC TEC
Buenos Aires;General San Martín;Instituto Nº 4264 La Salle;Institución de ETP;Privado;508;327;181;Industrial;SEC TEC
Buenos Aires;General San Martín;Instituto Nº 4281 San Antonio de Padua;Institución de ETP;Privado;354;203;151;Industrial;SEC TEC
Buenos Aires;Lomas de Zamora;Instituto Nº 4430 Dr. Emilio Lamarca;Institución de ETP;Privado;148;104;44;Servicios;SEC TEC
Buenos Aires;Moreno;Instituto Nº 4515 Fahy - DIPREGEP;Institución de ETP;Privado;111;54;57;Agropecuaria;SEC TEC
Buenos Aires;Lanús;Instituto Nº 4883 Instituto Sagrado Corazón ALCAL;Institución de Otro Nivel y/o Modalidad;Privado;66;51;15;Servicios;SEC TEC
Buenos Aires;Tres de Febrero;Instituto Nº 4951 Leonardo Murialdo;Institución de ETP;Privado;878;459;419;Industrial;SEC TEC
Buenos Aires;Villa Gesell;Instituto Nº 4976 Juan Luis Vives - DIPREGEP;Institución de ETP;Privado;107;78;29;Industrial;SEC TEC
Buenos Aires;San Nicolás de los Arroyos;Instituto Nº 4979 Fray Luis Beltrán;Institución de ETP;Privado;406;324;82;Industrial;SEC TEC
Buenos Aires;La Matanza;Instituto Nº 5774 Madero;Institución de ETP;Privado;171;171;0;Industrial;SEC TEC
Santa Fé;General López;Instituto Nº 8098 Secundario Wheelwright;Institución de Otro Nivel y/o Modalidad;Privado;54;31;23;Servicios;SEC TEC-FP
Misiones;Iguazú;Instituto Nº 903 Nuestra Señora del Iguazú;Institución de ETP;Privado;194;100;94;Industrial;SEC TEC
Córdoba;Capital;Instituto Parroquial  San Roque;Institución de Otro Nivel y/o Modalidad;Privado;116;104;12;Industrial;SEC TEC
Santa Fé;Rosario;"Instituto Politécnico  Instituto Politécnico Superior ""General San Martín""";Institución de ETP;Estatal;629;424;205;Industrial;SEC TEC-SUP 
Misiones;Capital;Instituto Politécnico Nº 0418 San Arnoldo Janssen;Institución de ETP;Privado;503;353;150;Industrial;SEC TEC-SUP-FP
La Rioja;General Belgrano;Instituto Privado  Dr. Pedro Ignacio de Castro Barros;Institución de ETP;Privado;41;20;21;Agropecuaria;SEC TEC
Misiones;Capital;Instituto Privado de Educación Superior  Nº 0427 de Misiones;Institución de Otro Nivel y/o Modalidad;Privado;72;52;20;Industrial;SEC TEC-SUP 
Ciudad de Buenos Aires;Comuna N° 9;Instituto Privado Nº A-0355 San José;Institución de Otro Nivel y/o Modalidad;Privado;347;287;60;Industrial;SEC TEC
Ciudad de Buenos Aires;Comuna N° 5;Instituto Privado Nº A-066 Pio IX - Obra Don Bosco;Institución de Otro Nivel y/o Modalidad;Privado;343;297;46;Industrial;SEC TEC
Ciudad de Buenos Aires;Comuna N° 15;Instituto Privado Nº A-1012 De Educación Técnica y Formación Profesional 13 de Julio;Institución de ETP;Privado;295;246;49;Industrial;SEC TEC
Ciudad de Buenos Aires;Comuna N° 12;"Instituto Privado Nº A-1065 Politécnico Modelo	";Institución de ETP;Privado;194;159;35;Industrial;SEC TEC
Ciudad de Buenos Aires;Comuna N° 14;Instituto Privado Nº A-119 Leon XIII;Institución de Otro Nivel y/o Modalidad;Privado;153;130;23;Industrial;SEC TEC
Ciudad de Buenos Aires;Comuna N° 8;Instituto Privado Nº A-430 Nuestra Señora de Fátima;Institución de Otro Nivel y/o Modalidad;Privado;157;72;85;Industrial;SEC TEC
Ciudad de Buenos Aires;Comuna N° 9;Instituto Privado Nº A-459 Nuestra Señora de los Remedios;Institución de Otro Nivel y/o Modalidad;Privado;59;45;14;Industrial;SEC TEC
Ciudad de Buenos Aires;Comuna N° 10;Instituto Privado Nº A-474 Escuela Cristiana Evangelica Argentina;Institución de Otro Nivel y/o Modalidad;Privado;218;162;56;Industrial;SEC TEC
Ciudad de Buenos Aires;Comuna N° 12;Instituto Privado Nº A-479 La Salette;Institución de Otro Nivel y/o Modalidad;Privado;155;128;27;Servicios;SEC TEC
Ciudad de Buenos Aires;Comuna N° 8;Instituto Privado Nº A-484 Don Orione;Institución de Otro Nivel y/o Modalidad;Privado;120;92;28;Industrial;SEC TEC
Ciudad de Buenos Aires;Comuna N° 13;Instituto Privado Nº A-978 Escuela Técnica Philips;Institución de ETP;Privado;223;197;26;Industrial;SEC TEC
Córdoba;Río Cuarto;Instituto Provincial de Educación Agrotécnica (I.P.E.A.) Nº 1 Ingeniero Agrónomo Luciano Almirón;Institución de ETP;Estatal;49;20;29;Agropecuaria;SEC TEC
Córdoba;Juárez Celman;Instituto Provincial de Educación Agrotécnica (I.P.E.A.) Nº 105 Alfonsina Storni;Institución de ETP;Estatal;77;40;37;Agropecuaria;SEC TEC
Córdoba;Totoral;Instituto Provincial de Educación Agrotécnica (I.P.E.A.) Nº 113 Brigadier General Juan Facundo Quiroga;Institución de ETP;Estatal;55;25;30;Agropecuaria;SEC TEC
Córdoba;Juárez Celman;Instituto Provincial de Educación Agrotécnica (I.P.E.A.) Nº 127 Dr. Mateo Carusillo;Institución de ETP;Estatal;107;62;45;Agropecuaria;SEC TEC
Córdoba;Capital;Instituto Provincial de Educación Agrotécnica (I.P.E.A.) Nº 14 Dr. César Cuestas Carnero;Institución de ETP;Estatal;135;69;66;Agropecuaria;SEC TEC
Córdoba;General Roca;Instituto Provincial de Educación Agrotécnica (I.P.E.A.) Nº 179 PADRE ORLANDO NICOLETTI;Institución de ETP;Estatal;58;34;24;Agropecuaria;SEC TEC
Córdoba;Marcos Juárez;Instituto Provincial de Educación Agrotécnica (I.P.E.A.) Nº 209 Domingo Faustino Sarmiento;Institución de ETP;Estatal;194;109;85;Agropecuaria;SEC TEC
Córdoba;Tercero Arriba;Instituto Provincial de Educación Agrotécnica (I.P.E.A.) Nº 210 Ingeniero Víctor F. Des Rotours Almafuerte;Institución de ETP;Estatal;179;97;82;Agropecuaria;SEC TEC
Córdoba;Cruz del Eje;Instituto Provincial de Educación Agrotécnica (I.P.E.A.) Nº 211 Presidente Arturo U. Illia;Institución de ETP;Estatal;141;86;55;Agropecuaria;SEC TEC
Córdoba;Unión;Instituto Provincial de Educación Agrotécnica (I.P.E.A.) Nº 212 Hilder Odilio Galassi;Institución de ETP;Estatal;53;25;28;Agropecuaria;SEC TEC
Córdoba;Juárez Celman;Instituto Provincial de Educación Agrotécnica (I.P.E.A.) Nº 213 Ingeniero Agrónomo Lorenzo Parodi;Institución de ETP;Estatal;77;55;22;Agropecuaria;SEC TEC
Córdoba;Unión;Instituto Provincial de Educación Agrotécnica (I.P.E.A.) Nº 214 Manuel Belgrano;Institución de ETP;Estatal;108;60;48;Agropecuaria;SEC TEC
Córdoba;Río Cuarto;Instituto Provincial de Educación Agrotécnica (I.P.E.A.) Nº 215 Raúl Scalabrini Ortiz;Institución de ETP;Estatal;123;53;70;Agropecuaria;SEC TEC
Córdoba;Unión;Instituto Provincial de Educación Agrotécnica (I.P.E.A.) Nº 216 Dr.Francisco Conrado Rosenbusch;Institución de ETP;Estatal;101;51;50;Agropecuaria;SEC TEC
Córdoba;Totoral;Instituto Provincial de Educación Agrotécnica (I.P.E.A.) Nº 217 Agrónomo José Barrionuevo;Institución de ETP;Estatal;59;31;28;Agropecuaria;SEC TEC
Córdoba;General San Martín;Instituto Provincial de Educación Agrotécnica (I.P.E.A.) Nº 218 Juan Bautista Bosio;Institución de ETP;Estatal;121;62;59;Agropecuaria;SEC TEC
Córdoba;General Roca;Instituto Provincial de Educación Agrotécnica (I.P.E.A.) Nº 219 Enrique Cook;Institución de ETP;Estatal;28;16;12;Agropecuaria;SEC TEC
Córdoba;Río Segundo;Instituto Provincial de Educación Agrotécnica (I.P.E.A.) Nº 220 Ingeniero Agrónomo Mariano  J. Frezzi;Institución de ETP;Estatal;41;31;10;Agropecuaria;SEC TEC
Córdoba;San Justo;Instituto Provincial de Educación Agrotécnica (I.P.E.A.) Nº 222 Agrónomo Américo Almes Milani;Institución de ETP;Estatal;99;53;46;Agropecuaria;SEC TEC
Córdoba;Tulumba;Instituto Provincial de Educación Agrotécnica (I.P.E.A.) Nº 223 Intendente Ramón Niceno Quinteros;Institución de ETP;Estatal;236;124;112;Agropecuaria;SEC TEC
Córdoba;San Justo;Instituto Provincial de Educación Agrotécnica (I.P.E.A.) Nº 225 Atahualpa Yupanqui (Ex I.P.E.A. Nº 17);Institución de ETP;Estatal;114;59;55;Agropecuaria;SEC TEC
Córdoba;Río Cuarto;Instituto Provincial de Educación Agrotécnica (I.P.E.A.) Nº 226 Héroes de Malvinas;Institución de ETP;Estatal;143;78;65;Agropecuaria;SEC TEC
Córdoba;Santa María;Instituto Provincial de Educación Agrotécnica (I.P.E.A.) Nº 227 Ingeniero Agrónomo Heriberto G. Fisher;Institución de ETP;Estatal;77;31;46;Agropecuaria;SEC TEC
Córdoba;Río Primero;Instituto Provincial de Educación Agrotécnica (I.P.E.A.) Nº 228 San Isidro Labrador;Institución de ETP;Estatal;91;48;43;Agropecuaria;SEC TEC
Córdoba;Río Primero;Instituto Provincial de Educación Agrotécnica (I.P.E.A.) Nº 229 Miguel Lillo;Institución de ETP;Estatal;154;95;59;Agropecuaria;SEC TEC
Córdoba;San Javier;Instituto Provincial de Educación Agrotécnica (I.P.E.A.) Nº 230 Dr. Amadeo Sabattini (Ex I.P.E.A. Nº 22);Institución de ETP;Estatal;55;31;24;Agropecuaria;SEC TEC
Córdoba;Río Segundo;Instituto Provincial de Educación Agrotécnica (I.P.E.A.) Nº 231 Intendente Delmo Eduardo S.Toraso (Ex I.P.E.A. N° 23);Institución de ETP;Estatal;81;43;38;Agropecuaria;SEC TEC
Córdoba;Colón;Instituto Provincial de Educación Agrotécnica (I.P.E.A.) Nº 233 Agustín Tosco (Ex I.P.E.A. Nº 25);Institución de ETP;Estatal;97;61;36;Agropecuaria;SEC TEC
Córdoba;San Alberto;Instituto Provincial de Educación Agrotécnica (I.P.E.A.) Nº 234 Miguel Delfuente (Ex I.P.E.A. Nº 26);Institución de ETP;Estatal;52;26;26;Agropecuaria;SEC TEC
Córdoba;San Justo;Instituto Provincial de Educación Agrotécnica (I.P.E.A.) Nº 235 Julio R. Valenzuela;Institución de ETP;Estatal;81;41;40;Agropecuaria;SEC TEC
Córdoba;Río Segundo;Instituto Provincial de Educación Agrotécnica (I.P.E.A.) Nº 236 Emilio Prataviera (Ex I.P.E.A. Nº 28);Institución de ETP;Estatal;66;33;33;Agropecuaria;SEC TEC
Córdoba;Presidente Roque Sáenz Peña;Instituto Provincial de Educación Agrotécnica (I.P.E.A.) Nº 237 San Antonio;Institución de ETP;Estatal;31;21;10;Agropecuaria;SEC TEC
Córdoba;Calamuchita;Instituto Provincial de Educación Agrotécnica (I.P.E.A.) Nº 238 Carlos María Mampaey;Institución de ETP;Estatal;217;108;109;Agropecuaria;SEC TEC
Córdoba;Presidente Roque Sáenz Peña;Instituto Provincial de Educación Agrotécnica (I.P.E.A.) Nº 239 Héctor M. C. Reynal;Institución de ETP;Estatal;200;107;93;Agropecuaria;SEC TEC
Córdoba;San Justo;Instituto Provincial de Educación Agrotécnica (I.P.E.A.) Nº 240 Santiago Carrizo;Institución de ETP;Estatal;9;5;4;Agropecuaria;SEC TEC
Córdoba;Tercero Arriba;Instituto Provincial de Educación Agrotécnica (I.P.E.A.) Nº 241 Federico Campodónico;Institución de ETP;Estatal;149;85;64;Agropecuaria;SEC TEC
Córdoba;Río Cuarto;Instituto Provincial de Educación Agrotécnica (I.P.E.A.) Nº 244 Victor Santiago Iraola;Institución de ETP;Estatal;96;50;46;Agropecuaria;SEC TEC
Córdoba;San Justo;Instituto Provincial de Educación Agrotécnica (I.P.E.A.) Nº 245 Carlos Pellegrini;Institución de ETP;Estatal;17;4;13;Agropecuaria;SEC TEC
Córdoba;Presidente Roque Sáenz Peña;"Instituto Provincial de Educación Agrotécnica (I.P.E.A.) Nº 25 Martín Miguel de Güemes	";Institución de ETP;Estatal;34;14;20;Agropecuaria;SEC TEC
Córdoba;Juárez Celman;Instituto Provincial de Educación Agrotécnica (I.P.E.A.) Nº 291 ;Institución de ETP;Estatal;199;115;84;Agropecuaria;SEC TEC
Córdoba;Río Cuarto;Instituto Provincial de Educación Agrotécnica (I.P.E.A.) Nº 292 AGRONOMA LILIAM PRIOTTO;Institución de ETP;Estatal;147;73;74;Agropecuaria;SEC TEC
Córdoba;Unión;Instituto Provincial de Educación Agrotécnica (I.P.E.A.) Nº 293 Agrónomo Orestes Chiesa Molinari;Institución de ETP;Estatal;160;86;74;Agropecuaria;SEC TEC
Córdoba;Cruz del Eje;Instituto Provincial de Educación Agrotécnica (I.P.E.A.) Nº 306 Dr. Amadeo Sabattini;Institución de ETP;Estatal;134;54;80;Agropecuaria;SEC TEC
Córdoba;San Alberto;Instituto Provincial de Educación Agrotécnica (I.P.E.A.) Nº 307 PASO DEL LEON;Institución de ETP;Estatal;61;36;25;Agropecuaria;SEC TEC
Córdoba;Tercero Arriba;Instituto Provincial de Educación Agrotécnica (I.P.E.A.) Nº 33 Humberto Volando;Institución de ETP;Estatal;97;50;47;Agropecuaria;SEC TEC
Córdoba;Punilla;Instituto Provincial de Educación Agrotécnica (I.P.E.A.) Nº 343 Mauricio Rumboll;Institución de ETP;Estatal;144;74;70;Agropecuaria;SEC TEC
Córdoba;Pocho;Instituto Provincial de Educación Agrotécnica (I.P.E.A.) Nº 354 IPEA N° 354;Institución de ETP;Estatal;55;26;29;Agropecuaria;SEC TEC
Córdoba;Capital;Instituto Provincial de Educación Agrotécnica (I.P.E.A.) Nº 4 Chacra de la Merced;Institución de ETP;Estatal;104;52;52;Agropecuaria;SEC TEC
Córdoba;San Justo;Instituto Provincial de Educación Agrotécnica (I.P.E.A.) Nº 403 Edith Ferri de Macias;Institución de ETP;Estatal;98;61;37;Agropecuaria;SEC TEC
Córdoba;Juárez Celman;Instituto Provincial de Educación Agrotécnica (I.P.E.A.) Nº 81 Diputado Duilio Jorge Giorgetti;Institución de ETP;Estatal;54;30;24;Agropecuaria;SEC TEC
Córdoba;General Roca;Instituto Provincial de Educación Agrotécnica y Media (I.P.E.A.y M.) Nº 221 San Carlos;Institución de ETP;Estatal;63;32;31;Agropecuaria;SEC TEC
Córdoba;Río Seco;Instituto Provincial de Educación Agrotécnica y Media (I.P.E.A.y M.) Nº 224 Leopoldo Lugones;Institución de ETP;Estatal;127;62;65;Agropecuaria;SEC TEC
Córdoba;Río Segundo;Instituto Provincial de Educación Agrotécnica y Media (I.P.E.A.y M.) Nº 243 EDUARDO OLIVERA;Institución de ETP;Estatal;67;36;31;Agropecuaria;SEC TEC
Córdoba;Capital;Instituto Provincial de Educación Agrotécnica y Técnica (I.P.E.A.y T.) Nº 189 Dr. Juan Mamerto Garro;Institución de ETP;Estatal;141;68;73;Agropecuaria;SEC TEC
Córdoba;San Justo;Instituto Provincial de Educación Agrotécnica y Técnica (I.P.E.A.y T.) Nº 242 Fuerte Los Morteros;Institución de ETP;Estatal;243;136;107;Agropecuaria;SEC TEC
Córdoba;Calamuchita;Instituto Provincial de Educación Agrotécnica y Técnica (I.P.E.A.y T.) Nº 347 Dr. Alejandro Degenaro;Institución de ETP;Estatal;260;127;133;Agropecuaria;SEC TEC
Córdoba;Río Cuarto;Instituto Provincial de Educación Media (I.P.E.M.) Nº 203 Dr. Juan Bautista Dichiara;Institución de ETP;Estatal;164;95;69;Servicios;SEC TEC
Córdoba;Río Cuarto;Instituto Provincial de Educación Media (I.P.E.M.) Nº 292 Agrónoma Liliam Priotto -Anexo Urbano-;Institución de ETP;Estatal;44;19;25;Industrial;SEC TEC
Córdoba;Marcos Juárez;Instituto Provincial de Educación Media y Agrotécnica (I.P.E.M.y A.) Nº 151 José Ignacio Urbizu;Institución de ETP;Estatal;12;8;4;Agropecuaria;SEC TEC
Córdoba;General Roca;Instituto Provincial de Educación Media y Agrotécnica (I.P.E.M.y A.) Nº 188 Dr. Antonio Pérez;Institución de ETP;Estatal;91;44;47;Agropecuaria;SEC TEC
Córdoba;Capital;Instituto Provincial de Educación Media y Técnica (I.P.E.M.y T.) Nº 149 Alejandro Carbo;Institución de ETP;Estatal;278;132;146;Industrial;SEC TEC
Córdoba;Unión;Instituto Provincial de Educación Media y Técnica (I.P.E.M.y T.) Nº 173 Gobernador Juan Bautista Bustos;Institución de ETP;Estatal;64;49;15;Industrial;SEC TEC
Córdoba;Capital;Instituto Provincial de Educación Media y Técnica (I.P.E.M.y T.) Nº 2 República Oriental del Uruguay;Institución de ETP;Estatal;152;88;64;Industrial;SEC TEC-FP
Córdoba;Capital;Instituto Provincial de Educación Media y Técnica (I.P.E.M.y T.) Nº 204 Ingeniero Alberto Emilio Lucchini;Institución de ETP;Estatal;110;58;52;Industrial;SEC TEC-FP
Córdoba;Colón;Instituto Provincial de Educación Media y Técnica (I.P.E.M.y T.) Nº 23 Lino Enea Spilimbergo;Institución de ETP;Estatal;212;105;107;Industrial;SEC TEC
Córdoba;Colón;Instituto Provincial de Educación Media y Técnica (I.P.E.M.y T.) Nº 24 ;Institución de ETP;Estatal;156;62;94;Industrial;SEC TEC
Córdoba;San Justo;Instituto Provincial de Educación Media y Técnica (I.P.E.M.y T.) Nº 262 Dr. Belisario Roldán;Institución de ETP;Estatal;202;161;41;Industrial;SEC TEC
Córdoba;Río Cuarto;Instituto Provincial de Educación Media y Técnica (I.P.E.M.y T.) Nº 280 Agustín Tosco;Institución de ETP;Estatal;65;43;22;Industrial;SEC TEC
Córdoba;San Justo;Instituto Provincial de Educación Media y Técnica (I.P.E.M.y T.) Nº 286 Domingo Faustino Sarmiento;Institución de ETP;Estatal;60;31;29;Industrial;SEC TEC
Córdoba;Capital;Instituto Provincial de Educación Media y Técnica (I.P.E.M.y T.) Nº 297 Dr. René Favaloro;Institución de ETP;Estatal;116;42;74;Industrial;SEC TEC
Córdoba;Río Primero;Instituto Provincial de Educación Media y Técnica (I.P.E.M.y T.) Nº 30 Eduardo S Nemirovsky;Institución de ETP;Estatal;138;51;87;Industrial;SEC TEC
Córdoba;Capital;Instituto Provincial de Educación Media y Técnica (I.P.E.M.y T.) Nº 310 Puerto Argentino;Institución de ETP;Estatal;69;49;20;Industrial;SEC TEC
Córdoba;Capital;Instituto Provincial de Educación Media y Técnica (I.P.E.M.y T.) Nº 319 Roberto Fontanarrosa;Institución de ETP;Estatal;160;116;44;Industrial;SEC TEC
Córdoba;Colón;Instituto Provincial de Educación Media y Técnica (I.P.E.M.y T.) Nº 352 Alfredo Cavalotti;Institución de ETP;Estatal;214;132;82;Industrial;SEC TEC
Córdoba;Capital;Instituto Provincial de Educación Media y Técnica (I.P.E.M.y T.) Nº 357 JOSE CAMPELLONE;Institución de ETP;Estatal;87;61;26;Industrial;SEC TEC
Córdoba;Río Primero;Instituto Provincial de Educación Media y Técnica (I.P.E.M.y T.) Nº 363 I.P.E.T 363;Institución de ETP;Estatal;207;142;65;Industrial;SEC TEC
Córdoba;Colón;Instituto Provincial de Educación Media y Técnica (I.P.E.M.y T.) Nº 378 IPET Nº 378;Institución de ETP;Estatal;193;119;74;Industrial;SEC TEC
Córdoba;Juárez Celman;Instituto Provincial de Educación Técnica (I.P.E.T.) Nº 100 Maria Benita Arias;Institución de ETP;Estatal;83;28;55;Industrial;SEC TEC
Córdoba;Cruz del Eje;Instituto Provincial de Educación Técnica (I.P.E.T.) Nº 104 Arturo Capdevila;Institución de ETP;Estatal;244;81;163;Industrial;SEC TEC
Córdoba;Cruz del Eje;Instituto Provincial de Educación Técnica (I.P.E.T.) Nº 106 Remedios de Escalada de San Martín;Institución de ETP;Estatal;90;34;56;Industrial;SEC TEC
Córdoba;Cruz del Eje;Instituto Provincial de Educación Técnica (I.P.E.T.) Nº 110 Manuel Hidalgo;Institución de ETP;Estatal;11;5;6;Industrial;SEC TEC
Córdoba;General San Martín;Instituto Provincial de Educación Técnica (I.P.E.T.) Nº 111 Ramiro Suárez;Institución de ETP;Estatal;45;17;28;Industrial;SEC TEC
Córdoba;Santa María;Instituto Provincial de Educación Técnica (I.P.E.T.) Nº 118 Juana Azurduy;Institución de ETP;Estatal;222;91;131;Industrial;SEC TEC
Córdoba;Tulumba;Instituto Provincial de Educación Técnica (I.P.E.T.) Nº 125 Lidia Pura Benítez;Institución de ETP;Estatal;85;34;51;Industrial;SEC TEC
Córdoba;Capital;Instituto Provincial de Educación Técnica (I.P.E.T.) Nº 129 Héroes de Malvinas;Institución de ETP;Estatal;142;65;77;Industrial;SEC TEC-FP
Córdoba;Santa María;Instituto Provincial de Educación Técnica (I.P.E.T.) Nº 132 Paravachasca;Institución de ETP;Estatal;261;176;85;Industrial;SEC TEC
Córdoba;Unión;Instituto Provincial de Educación Técnica (I.P.E.T.) Nº 139 General Manuel Belgrano;Institución de ETP;Estatal;252;113;139;Industrial;SEC TEC
Córdoba;Tercero Arriba;Instituto Provincial de Educación Técnica (I.P.E.T.) Nº 143 General José María Paz;Institución de ETP;Estatal;94;74;20;Industrial;SEC TEC
Córdoba;Capital;Instituto Provincial de Educación Técnica (I.P.E.T.) Nº 17 Paulo Freire;Institución de ETP;Estatal;249;134;115;Industrial;SEC TEC
Córdoba;Pocho;Instituto Provincial de Educación Técnica (I.P.E.T.) Nº 170 Padre José Gabriel Brochero;Institución de ETP;Estatal;62;30;32;Industrial;SEC TEC
Córdoba;Punilla;Instituto Provincial de Educación Técnica (I.P.E.T.) Nº 200 Ingeniero  José Palacios;Institución de ETP;Estatal;159;83;76;Industrial;SEC TEC
Córdoba;Capital;Instituto Provincial de Educación Técnica (I.P.E.T.) Nº 22 Juan Filloy;Institución de ETP;Estatal;88;45;43;Industrial;SEC TEC-FP
Córdoba;Minas;Instituto Provincial de Educación Técnica (I.P.E.T.) Nº 232 Profesor Enrique Alberto Flores;Institución de ETP;Estatal;24;8;16;Industrial;SEC TEC
Córdoba;Capital;Instituto Provincial de Educación Técnica (I.P.E.T.) Nº 247 Ingeniero Carlos A. Cassaffousth;Institución de ETP;Estatal;785;637;148;Industrial;SEC TEC
Córdoba;Capital;Instituto Provincial de Educación Técnica (I.P.E.T.) Nº 248 Leopoldo Lugones;Institución de ETP;Estatal;155;83;72;Industrial;SEC TEC
Córdoba;Capital;Instituto Provincial de Educación Técnica (I.P.E.T.) Nº 249 Nicolás Copérnico (Ex-enet Nº 4);Institución de ETP;Estatal;509;405;104;Industrial;SEC TEC
Córdoba;Capital;Instituto Provincial de Educación Técnica (I.P.E.T.) Nº 250 Dr. Juan Bialet Massé;Institución de ETP;Estatal;313;246;67;Industrial;SEC TEC
Córdoba;Capital;Instituto Provincial de Educación Técnica (I.P.E.T.) Nº 251 Guarnición Aérea Córdoba;Institución de ETP;Estatal;310;215;95;Industrial;SEC TEC
Córdoba;Cruz del Eje;Instituto Provincial de Educación Técnica (I.P.E.T.) Nº 253 Pte. Juan D. Perón;Institución de ETP;Estatal;208;128;80;Industrial;SEC TEC-FP
Córdoba;Cruz del Eje;Instituto Provincial de Educación Técnica (I.P.E.T.) Nº 254 Tristán de Tejeda;Institución de ETP;Estatal;140;100;40;Industrial;SEC TEC
Córdoba;Juárez Celman;Instituto Provincial de Educación Técnica (I.P.E.T.) Nº 255 ;Institución de ETP;Estatal;115;96;19;Industrial;SEC TEC
Córdoba;Unión;Instituto Provincial de Educación Técnica (I.P.E.T.) Nº 255 Anexo Benjamín Gould;Institución de ETP;Estatal;42;20;22;Agropecuaria;SEC TEC
Córdoba;Río Cuarto;Instituto Provincial de Educación Técnica (I.P.E.T.) Nº 258 Mayor Ingeniero Francisco de Arteaga;Institución de ETP;Estatal;188;150;38;Industrial;SEC TEC
Córdoba;Río Cuarto;Instituto Provincial de Educación Técnica (I.P.E.T.) Nº 259 Ambrosio Olmos;Institución de ETP;Estatal;503;330;173;Industrial;SEC TEC
Córdoba;Río Cuarto;Instituto Provincial de Educación Técnica (I.P.E.T.) Nº 26 Juan Filloy;Institución de ETP;Estatal;158;67;91;Servicios;SEC TEC
Córdoba;San Javier;Instituto Provincial de Educación Técnica (I.P.E.T.) Nº 260 Ernesto Arnaldo Martinez (Ex E.N.E.T. Nº1);Institución de ETP;Estatal;248;179;69;Industrial;SEC TEC
Córdoba;San Justo;Instituto Provincial de Educación Técnica (I.P.E.T.) Nº 263 Dr. Bernardo Houssay;Institución de ETP;Estatal;285;144;141;Industrial;SEC TEC
Córdoba;San Justo;Instituto Provincial de Educación Técnica (I.P.E.T.) Nº 264 Teodoro Asteggiano;Institución de ETP;Estatal;86;50;36;Industrial;SEC TEC
Córdoba;Santa María;Instituto Provincial de Educación Técnica (I.P.E.T.) Nº 265 Escuela de Minería de José de La Quintana Senador Luis Carnevale;Institución de ETP;Estatal;179;67;112;Industrial;SEC TEC
Córdoba;Tercero Arriba;Instituto Provincial de Educación Técnica (I.P.E.T.) Nº 266 General Manuel Savio;Institución de ETP;Estatal;479;270;209;Industrial;SEC TEC
Córdoba;Unión;Instituto Provincial de Educación Técnica (I.P.E.T.) Nº 267 Antonio Graziano;Institución de ETP;Estatal;380;203;177;Industrial;SEC TEC
Córdoba;Río Segundo;"Instituto Provincial de Educación Técnica (I.P.E.T.) Nº 300 Plaza Minetti	";Institución de ETP;Estatal;143;73;70;Industrial;SEC TEC
Córdoba;Tulumba;Instituto Provincial de Educación Técnica (I.P.E.T.) Nº 308 ;Institución de ETP;Estatal;62;36;26;Industrial;SEC TEC
Córdoba;Capital;Instituto Provincial de Educación Técnica (I.P.E.T.) Nº 312 Dalmacio Vélez Sársfield;Institución de ETP;Estatal;174;80;94;Industrial;SEC TEC
Córdoba;Capital;Instituto Provincial de Educación Técnica (I.P.E.T.) Nº 313 Dr. Pablo Mirizzi;Institución de ETP;Estatal;103;61;42;Industrial;SEC TEC
Córdoba;Río Cuarto;Instituto Provincial de Educación Técnica (I.P.E.T.) Nº 314 LIBERTADOR GENERAL DON JOSÉ DE SAN MARTÍN;Institución de ETP;Estatal;87;37;50;Industrial;SEC TEC
Córdoba;Capital;Instituto Provincial de Educación Técnica (I.P.E.T.) Nº 318 Combate de La Tablada;Institución de ETP;Estatal;249;125;124;Industrial;SEC TEC
Córdoba;Capital;Instituto Provincial de Educación Técnica (I.P.E.T.) Nº 321 Brigadier Gral. Juan Manuel de Rosas;Institución de ETP;Estatal;152;80;72;Industrial;SEC TEC
Córdoba;General San Martín;Instituto Provincial de Educación Técnica (I.P.E.T.) Nº 322 Manuel Belgrano;Institución de ETP;Estatal;334;171;163;Industrial;SEC TEC-FP
Córdoba;Calamuchita;Instituto Provincial de Educación Técnica (I.P.E.T.) Nº 331 ;Institución de ETP;Estatal;65;26;39;Industrial;SEC TEC
Córdoba;Colón;Instituto Provincial de Educación Técnica (I.P.E.T.) Nº 333 Julio Salusso;Institución de ETP;Estatal;268;138;130;Industrial;SEC TEC
Córdoba;Santa María;Instituto Provincial de Educación Técnica (I.P.E.T.) Nº 334 ;Institución de ETP;Estatal;155;75;80;Industrial;SEC TEC
Córdoba;Capital;Instituto Provincial de Educación Técnica (I.P.E.T.) Nº 337 Jorge Alberto Sabato;Institución de ETP;Estatal;95;53;42;Industrial;SEC TEC
Córdoba;Punilla;Instituto Provincial de Educación Técnica (I.P.E.T.) Nº 339 ;Institución de ETP;Estatal;198;113;85;Industrial;SEC TEC
Córdoba;Tulumba;Instituto Provincial de Educación Técnica (I.P.E.T.) Nº 34 DR PEDRO CATTÁNEO ;Institución de ETP;Estatal;71;34;37;Industrial;SEC TEC
Córdoba;San Alberto;"Instituto Provincial de Educación Técnica (I.P.E.T.) Nº 344 I.P.E.T. N° 344 ""PROF. VÍCTOR DOMÍNGUEZ""";Institución de ETP;Estatal;120;57;63;Industrial;SEC TEC
Córdoba;Capital;Instituto Provincial de Educación Técnica (I.P.E.T.) Nº 351 Augusto Chammás;Institución de ETP;Estatal;85;41;44;Industrial;SEC TEC
Córdoba;Unión;Instituto Provincial de Educación Técnica (I.P.E.T.) Nº 355 ;Institución de ETP;Estatal;81;51;30;Industrial;SEC TEC
Córdoba;Colón;Instituto Provincial de Educación Técnica (I.P.E.T.) Nº 361 JOSE GABRIEL BROCHERO;Institución de ETP;Estatal;150;72;78;Industrial;SEC TEC
Córdoba;Río Cuarto;Instituto Provincial de Educación Técnica (I.P.E.T.) Nº 362  Juan Andrés Politano;Institución de ETP;Estatal;141;70;71;Industrial;SEC TEC
Córdoba;Marcos Juárez;Instituto Provincial de Educación Técnica (I.P.E.T.) Nº 372 ;Institución de ETP;Estatal;100;56;44;Industrial;SEC TEC
Córdoba;Colón;Instituto Provincial de Educación Técnica (I.P.E.T.) Nº 379 Alfredo B. Molet;Institución de ETP;Estatal;214;112;102;Industrial;SEC TEC
Córdoba;Punilla;"Instituto Provincial de Educación Técnica (I.P.E.T.) Nº 382 Manuel Antonio Díaz Mariño	";Institución de ETP;Estatal;173;105;68;Industrial;SEC TEC
Córdoba;Capital;Instituto Provincial de Educación Técnica (I.P.E.T.) Nº 383 ;Institución de ETP;Estatal;167;101;66;Industrial;SEC TEC
Córdoba;Colón;Instituto Provincial de Educación Técnica (I.P.E.T.) Nº 386 ;Institución de ETP;Estatal;89;45;44;Industrial;SEC TEC
Córdoba;Río Cuarto;Instituto Provincial de Educación Técnica (I.P.E.T.) Nº 389 I.P.E.T. N° 389;Institución de ETP;Estatal;54;38;16;Industrial;SEC TEC
Córdoba;General San Martín;Instituto Provincial de Educación Técnica (I.P.E.T.) Nº 392 Otto Krause;Institución de ETP;Estatal;46;31;15;Agropecuaria;SEC TEC
Córdoba;Río Segundo;Instituto Provincial de Educación Técnica (I.P.E.T.) Nº 397 ;Institución de ETP;Estatal;82;63;19;Industrial;SEC TEC
Córdoba;Río Primero;Instituto Provincial de Educación Técnica (I.P.E.T.) Nº 398 ;Institución de ETP;Estatal;76;67;9;Industrial;SEC TEC
Córdoba;Santa María;Instituto Provincial de Educación Técnica (I.P.E.T.) Nº 402 ;Institución de ETP;Estatal;63;36;27;Industrial;SEC TEC
Córdoba;Capital;Instituto Provincial de Educación Técnica (I.P.E.T.) Nº 404 ;Institución de ETP;Estatal;198;122;76;Servicios;SEC TEC
Córdoba;Juárez Celman;Instituto Provincial de Educación Técnica (I.P.E.T.) Nº 409 ;Institución de ETP;Estatal;137;78;59;Industrial;SEC TEC
Córdoba;Unión;Instituto Provincial de Educación Técnica (I.P.E.T.) Nº 411 ;Institución de ETP;Estatal;158;96;62;Industrial;SEC TEC
Córdoba;Colón;Instituto Provincial de Educación Técnica (I.P.E.T.) Nº 412 Nicolás Avellaneda;Institución de ETP;Estatal;267;137;130;Industrial;SEC TEC
Córdoba;Totoral;Instituto Provincial de Educación Técnica (I.P.E.T.) Nº 413 ;Institución de ETP;Estatal;70;42;28;Industrial;SEC TEC
Córdoba;Unión;Instituto Provincial de Educación Técnica (I.P.E.T.) Nº 415 ;Institución de ETP;Estatal;46;22;24;Industrial;SEC TEC
Córdoba;Capital;Instituto Provincial de Educación Técnica (I.P.E.T.) Nº 416 Ciudad de Mis Sueños ;Institución de ETP;Estatal;64;39;25;Industrial;SEC TEC-FP
Córdoba;San Alberto;Instituto Provincial de Educación Técnica (I.P.E.T.) Nº 418  Jorge Raúl Recalde;Institución de ETP;Estatal;100;62;38;Industrial;SEC TEC-FP
Córdoba;Marcos Juárez;Instituto Provincial de Educación Técnica (I.P.E.T.) Nº 420 ;Institución de ETP;Estatal;87;51;36;Industrial;SEC TEC
Córdoba;Calamuchita;Instituto Provincial de Educación Técnica (I.P.E.T.) Nº 422 IPET422;Institución de ETP;Estatal;122;78;44;Industrial;SEC TEC
Córdoba;San Javier;Instituto Provincial de Educación Técnica (I.P.E.T.) Nº 424 Instituto Provincial de Educación Técnica (I.P.E.T) 424;Institución de ETP;Estatal;175;100;75;Servicios;SEC TEC
Córdoba;Punilla;Instituto Provincial de Educación Técnica (I.P.E.T.) Nº 426 ;Institución de ETP;Estatal;54;30;24;Servicios;SEC TEC
Córdoba;San Justo;"Instituto Provincial de Educación Técnica (I.P.E.T.) Nº 428 	EGIDIO FERRERO";Institución de ETP;Estatal;33;11;22;Servicios;SEC TEC
Córdoba;San Justo;Instituto Provincial de Educación Técnica (I.P.E.T.) Nº 44 Ministro Macario Carrizo;Institución de ETP;Estatal;105;50;55;Industrial;SEC TEC
Córdoba;Marcos Juárez;Instituto Provincial de Educación Técnica (I.P.E.T.) Nº 47 Norberto J. Quadri;Institución de ETP;Estatal;45;28;17;Industrial;SEC TEC
Córdoba;Capital;Instituto Provincial de Educación Técnica (I.P.E.T.) Nº 48 Presidente Roca;Institución de ETP;Estatal;339;269;70;Industrial;SEC TEC
Córdoba;General San Martín;Instituto Provincial de Educación Técnica (I.P.E.T.) Nº 49 Domingo Faustino Sarmiento;Institución de ETP;Estatal;454;397;57;Industrial;SEC TEC
Córdoba;San Justo;Instituto Provincial de Educación Técnica (I.P.E.T.) Nº 50 Ingeniero Emilio F. Olmos (Ex Ipet Nº3);Institución de ETP;Estatal;342;294;48;Industrial;SEC TEC
Córdoba;Marcos Juárez;Instituto Provincial de Educación Técnica (I.P.E.T.) Nº 51 Nicolás Avellaneda;Institución de ETP;Estatal;240;202;38;Industrial;SEC TEC
Córdoba;General Roca;Instituto Provincial de Educación Técnica (I.P.E.T.) Nº 52 IPET 52 Carlos Pellegrini;Institución de ETP;Estatal;83;76;7;Industrial;SEC TEC
Córdoba;Río Segundo;Instituto Provincial de Educación Técnica (I.P.E.T.) Nº 54 Juan Enrique Müller;Institución de ETP;Estatal;51;45;6;Industrial;SEC TEC
Córdoba;Río Segundo;Instituto Provincial de Educación Técnica (I.P.E.T.) Nº 55 ;Institución de ETP;Estatal;361;243;118;Industrial;SEC TEC
Córdoba;General San Martín;Instituto Provincial de Educación Técnica (I.P.E.T.) Nº 56 Abraham Juárez;Institución de ETP;Estatal;319;171;148;Industrial;SEC TEC
Córdoba;Capital;Instituto Provincial de Educación Técnica (I.P.E.T.) Nº 57 Comodoro Martín Rivadavia;Institución de ETP;Estatal;292;244;48;Industrial;SEC TEC
Córdoba;Río Primero;Instituto Provincial de Educación Técnica (I.P.E.T.) Nº 58 General Enrique Mosconi;Institución de ETP;Estatal;318;150;168;Industrial;SEC TEC
Córdoba;Punilla;Instituto Provincial de Educación Técnica (I.P.E.T.) Nº 60 Mariano Moreno;Institución de ETP;Estatal;423;273;150;Industrial;SEC TEC
Córdoba;Río Segundo;Instituto Provincial de Educación Técnica (I.P.E.T.) Nº 62 Alvarez Condarco;Institución de ETP;Estatal;254;220;34;Industrial;SEC TEC
Córdoba;Capital;Instituto Provincial de Educación Técnica (I.P.E.T.) Nº 64 Malvinas Argentinas;Institución de ETP;Estatal;130;77;53;Industrial;SEC TEC
Córdoba;Capital;Instituto Provincial de Educación Técnica (I.P.E.T.) Nº 66 Dr. José Antonio Balseiro;Institución de ETP;Estatal;308;264;44;Industrial;SEC TEC
Córdoba;Santa María;Instituto Provincial de Educación Técnica (I.P.E.T.) Nº 67 Teniente Coronel Luis Piedrabuena;Institución de ETP;Estatal;186;115;71;Industrial;SEC TEC
Córdoba;Capital;Instituto Provincial de Educación Técnica (I.P.E.T.) Nº 70 Profesor Dr. Humberto Dionisi;Institución de ETP;Estatal;255;186;69;Industrial;SEC TEC-FP
Córdoba;Tercero Arriba;Instituto Provincial de Educación Técnica (I.P.E.T.) Nº 71 Dr. Luis Federico Leloir;Institución de ETP;Estatal;112;68;44;Industrial;SEC TEC
Córdoba;Calamuchita;Instituto Provincial de Educación Técnica (I.P.E.T.) Nº 76 Gustavo Riemann;Institución de ETP;Estatal;276;156;120;Industrial;SEC TEC
Córdoba;Capital;Instituto Provincial de Educación Técnica (I.P.E.T.) Nº 77 Gobernador Dr. Santiago del Castillo;Institución de ETP;Estatal;243;172;71;Industrial;SEC TEC
Córdoba;Río Cuarto;Instituto Provincial de Educación Técnica (I.P.E.T.) Nº 79 Ingeniero Renato De Marco;Institución de ETP;Estatal;145;74;71;Industrial;SEC TEC
Córdoba;Río Cuarto;Instituto Provincial de Educación Técnica (I.P.E.T.) Nº 80 Luis Federico Leloir;Institución de ETP;Estatal;136;68;68;Industrial;SEC TEC
Córdoba;Colón;Instituto Provincial de Educación Técnica (I.P.E.T.) Nº 85 República de Italia;Institución de ETP;Estatal;220;100;120;Industrial;SEC TEC
Córdoba;Unión;Instituto Provincial de Educación Técnica (I.P.E.T.) Nº 87 Robertina Moyano de Sastre;Institución de ETP;Estatal;85;34;51;Industrial;SEC TEC
Córdoba;Tercero Arriba;Instituto Provincial de Educación Técnica (I.P.E.T.) Nº 98 Luis de Tejeda;Institución de ETP;Estatal;113;58;55;Industrial;SEC TEC
Córdoba;Río Cuarto;Instituto Provincial de Educación Técnica Agrotécnica y Media (I.P.E.T.A.y M.) Nº 186 Capitán Luis Darío José Castagnari;Institución de ETP;Estatal;120;49;71;Agropecuaria;SEC TEC
Córdoba;Río Cuarto;Instituto Provincial de Educación Técnica Agrotécnica y Media (I.P.E.T.A.y M.) Nº 65 Juan Antonio de Mena;Institución de ETP;Estatal;93;54;39;Industrial;SEC TEC
Córdoba;San Justo;Instituto Provincial de Educación Técnica Agrotécnica y Media (I.P.E.T.A.y M.) Nº 68 Coronel Don Luis Álvarez;Institución de ETP;Estatal;434;252;182;Industrial;SEC TEC
Córdoba;Ischilín;Instituto Provincial de Educación Técnica y Agrotécnica (I.P.E.T.y A.) Nº 53 Fray Luis Beltrán;Institución de ETP;Estatal;597;340;257;Industrial;SEC TEC
Córdoba;Punilla;Instituto Provincial de Educación Técnica y Media (I.P.E.T.y M.)  ;Institución de ETP;Estatal;183;107;76;Industrial;SEC TEC
Córdoba;Capital;Instituto Provincial de Educación Técnica y Media (I.P.E.T.y M.) Nº 101 República Argentina;Institución de ETP;Estatal;57;34;23;Industrial;SEC TEC
Córdoba;Río Segundo;Instituto Provincial de Educación Técnica y Media (I.P.E.T.y M.) Nº 108 Clotilde Guillen de Rezzano;Institución de ETP;Estatal;157;61;96;Industrial;SEC TEC
Córdoba;Capital;Instituto Provincial de Educación Técnica y Media (I.P.E.T.y M.) Nº 133 Dr. Florencio Escardó;Institución de ETP;Estatal;74;41;33;Industrial;SEC TEC
Córdoba;Capital;Instituto Provincial de Educación Técnica y Media (I.P.E.T.y M.) Nº 246 Dr. Amadeo Sabattini;Institución de ETP;Estatal;159;83;76;Servicios;SEC TEC
Córdoba;Marcos Juárez;Instituto Provincial de Educación Técnica y Media (I.P.E.T.y M.) Nº 256 Libertador General José de San Martín;Institución de ETP;Estatal;135;86;49;Industrial;SEC TEC
Córdoba;Presidente Roque Sáenz Peña;Instituto Provincial de Educación Técnica y Media (I.P.E.T.y M.) Nº 257 Dr. René Favaloro;Institución de ETP;Estatal;336;193;143;Industrial;SEC TEC
Córdoba;San Justo;Instituto Provincial de Educación Técnica y Media (I.P.E.T.y M.) Nº 261 San José;Institución de ETP;Estatal;143;120;23;Industrial;SEC TEC
Córdoba;Marcos Juárez;Instituto Provincial de Educación Técnica y Media (I.P.E.T.y M.) Nº 59 25 de Mayo;Institución de Otro Nivel y/o Modalidad;Estatal;115;92;23;Industrial;SEC TEC
Córdoba;Colón;Instituto Provincial de Educación Técnica y Media (I.P.E.T.y M.) Nº 61 General Manuel Savio;Institución de ETP;Estatal;252;167;85;Industrial;SEC TEC
Córdoba;Sobremonte;Instituto Provincial de Educación Técnica y Media (I.P.E.T.y M.) Nº 63 República de Italia;Institución de ETP;Estatal;67;44;23;Industrial;SEC TEC
Córdoba;Colón;Instituto Provincial de Educación Técnica y Media (I.P.E.T.y M.) Nº 69 Juana Manso de Noronha;Institución de ETP;Estatal;284;210;74;Industrial;SEC TEC
Córdoba;Colón;Instituto Provincial de Educación Técnica y Media (I.P.E.T.y M.) Nº 73 Margarita Weild de Paz;Institución de ETP;Estatal;330;202;128;Industrial;SEC TEC
Córdoba;Totoral;Instituto Provincial de Educación Técnica y Media (I.P.E.T.y M.) Nº 74 Fray Mamerto Esquiú;Institución de ETP;Estatal;98;55;43;Industrial;SEC TEC
Córdoba;Calamuchita;Instituto Provincial de Educación Técnica y Media (I.P.E.T.y M.) Nº 75 Dr. René Favaloro;Institución de ETP;Estatal;218;167;51;Industrial;SEC TEC
Córdoba;Colón;Instituto Provincial de Educación Técnica y Media (I.P.E.T.y M.) Nº 78 Juan Bautista Ambrosetti;Institución de ETP;Estatal;181;92;89;Industrial;SEC TEC
Córdoba;Colón;Instituto Provincial de Educación Técnica y Media (I.P.E.T.y M.) Nº 83 Dr. René Favaloro;Institución de ETP;Estatal;265;169;96;Industrial;SEC TEC
Córdoba;San Justo;Instituto Provincial de Educación Técnica y Media (I.P.E.T.y M.) Nº 89 Paula Albarracín;Institución de ETP;Estatal;111;57;54;Industrial;SEC TEC
Córdoba;General San Martín;Instituto Provincial de Educación Técnica y Media (I.P.E.T.y M.) Nº 99 Rosario Vera Peñaloza;Institución de ETP;Estatal;77;34;43;Industrial;SEC TEC
Córdoba;Calamuchita;"Instituto Secundario   Mariano Fragueiro Técnico y Orientado	";Institución de ETP;Privado;51;44;7;Industrial;SEC TEC
Córdoba;Capital;Instituto Secundario  Carlos María de Alvear;Institución de Otro Nivel y/o Modalidad;Privado;90;50;40;Industrial;SEC TEC
Córdoba;Capital;Instituto Secundario  DE ECONOMÍA Y TÉCNICO JOHN KENNEDY;Institución de ETP;Privado;49;36;13;Servicios;SEC TEC
Córdoba;Capital;"Instituto Secundario  Instituto De Enseñanza Domingo Faustino Sarmiento	";Institución de ETP;Privado;275;154;121;Industrial;SEC TEC
Córdoba;Tercero Arriba;Instituto Secundario  Instituto Técnico Agropecuario Corralito;Institución de ETP;Privado;86;45;41;Agropecuaria;SEC TEC
Córdoba;Río Cuarto;"Instituto Secundario  Orientado y Agrotécnico Pablo A. Pizzurno	";Institución de ETP;Privado;50;29;21;Industrial;SEC TEC
Córdoba;Punilla;Instituto Secundario  Técnico ISOR;Institución de ETP;Privado;151;61;90;Industrial;SEC TEC
Córdoba;General San Martín;Instituto Secundario Nº EE1240148 Instituto San Antonio;Institución de Otro Nivel y/o Modalidad;Privado;96;16;80;Industrial;SEC TEC
Misiones;Apóstoles;"Instituto Superior  Nº 0106 San Agustín	";Institución de Otro Nivel y/o Modalidad;Privado;25;15;10;Industrial;SEC TEC-SUP-FP
Misiones;Libertador General San Martín;Instituto Superior  Nº 1112 Adolfo Kolping;Institución de ETP;Privado;81;55;26;Industrial;SEC TEC-SUP 
Misiones;Capital;Instituto Superior  Nº 408 Santa Catalina;Institución de Otro Nivel y/o Modalidad;Privado;108;52;56;Servicios;SEC TEC-SUP-FP
Córdoba;Capital;Instituto Superior Técnico  Instituto Técnico Renault;Institución de ETP;Privado;226;196;30;Industrial;SEC TEC
Córdoba;Unión;Instituto Técnico   San José;Institución de ETP;Privado;94;59;35;Industrial;SEC TEC
Córdoba;Marcos Juárez;Instituto Técnico  Agrario Industrial;Institución de ETP;Privado;233;138;95;Agropecuaria;SEC TEC
Tucumán;Rio Chico;Instituto Técnico  Aguilares;Institución de ETP;Estatal;180;99;81;Industrial;SEC TEC
Córdoba;Juárez Celman;"Instituto Técnico  Carnerillo	";Institución de ETP;Privado;102;45;57;Industrial;SEC TEC
Córdoba;San Alberto;Instituto Técnico  Cristo Obrero;Institución de ETP;Privado;105;71;34;Industrial;SEC TEC
Córdoba;Río Segundo;Instituto Técnico  General Manuel Belgrano;Institución de ETP;Privado;66;43;23;Industrial;SEC TEC
Córdoba;Colón;Instituto Técnico  Héctor Valdivielso;Institución de ETP;Privado;166;75;91;Industrial;SEC TEC
Córdoba;Unión;Instituto Técnico  José Hernández;Institución de ETP;Privado;68;34;34;Industrial;SEC TEC
Córdoba;Santa María;Instituto Técnico  Manuel de Falla;Institución de ETP;Privado;155;87;68;Industrial;SEC TEC
Córdoba;Río Cuarto;"Instituto Técnico  Parroquial ""Las Acequias""";Institución de ETP;Privado;113;66;47;Industrial;SEC TEC
Córdoba;Capital;Instituto Técnico  Salesiano Villada;Institución de ETP;Privado;337;337;0;Industrial;SEC TEC
Tucumán;Capital;Instituto Técnico  UNT;Institución de ETP;Estatal;283;258;25;Industrial;SEC TEC-SUP-FP
Córdoba;Punilla;Instituto Técnico Industrial  Félix Di Michele;Institución de ETP;Privado;101;47;54;Industrial;SEC TEC
Córdoba;Punilla;"Instituto Técnico Industrial  La Falda	";Institución de ETP;Privado;315;208;107;Industrial;SEC TEC
Córdoba;Punilla;Instituto Técnico Industrial Nº 1240197 Cristo Obrero;Institución de ETP;Privado;326;263;63;Industrial;SEC TEC
Córdoba;Capital;"Instituto Técnico Industrial Nº 430 INSTITUTO TÉCNICO INDUSTRIAL ZONA NORTE	";Institución de ETP;Estatal;124;100;24;Industrial;SEC TEC
Córdoba;Juárez Celman;Instituto Técnico Nº 083103 Adrián P. Urquía;Institución de ETP;Privado;496;321;175;Industrial;SEC TEC
Buenos Aires;Bahía Blanca;Instituto Técnico Nº 4116 La Piedad - Obra Salesiana - DIPREGEP;Institución de ETP;Privado;377;304;73;Industrial;SEC TEC
Córdoba;Capital;Instituto Técnico Nº 432 Ingeniero Noel Julián Etchegoyen;Institución de ETP;Privado;83;64;19;Industrial;SEC TEC
Buenos Aires;San Vicente;Instituto Técnico Nº 4732 Monseñor Alejandro Schell;Institución de ETP;Privado;99;97;2;Industrial;SEC TEC
Buenos Aires;Ituzaingó;"Instituto Técnico Nº 4755 Instituto Técnico Industrial San Judas Tadeo	";Institución de ETP;Privado;217;195;22;Industrial;SEC TEC
Ciudad de Buenos Aires;Comuna N° 1;Instituto Técnico Nº A-117 Industrial Luis A. Huergo;Institución de ETP;Privado;521;391;130;Industrial;SEC TEC
Ciudad de Buenos Aires;Comuna N° 8;Instituto Técnico Nº A-893 Ntra. Sra. de Fátima;Institución de Otro Nivel y/o Modalidad;Privado;295;157;138;Servicios;SEC TEC
Córdoba;Colón;Instituto Técnico Nº EE1220893 Instituto Técnico Maestro Alfredo Bravo;Institución de ETP;Privado;187;116;71;Industrial;SEC TEC
Tucumán;Capital;Instituto Técnico Nº F47 Salesiano Lorenzo Massa;Institución de ETP;Privado;302;302;0;Industrial;SEC TEC
Formosa;Pilcomayo;Instituto Técnico Privado Nº 15 Instituto Técnico San José Ñ 15;Institución de Otro Nivel y/o Modalidad;Privado;279;137;142;Industrial;SEC TEC
Neuquén;Confluencia;Instituto Tecnológico (I.Tec.)  COLEGIO TECNOLÓGICO UTN-FRN DE CUTRAL CÓ;Institución de ETP;Estatal;217;135;82;Industrial;SEC TEC
Buenos Aires;Lomas de Zamora;Instituto Tecnológico Nº 4405 San Bonifacio;Institución de ETP;Privado;422;398;24;Industrial;SEC TEC
Mendoza;Capital;Liceo Agrícola y Enológico Nº 17 Domingo Faustino Sarmiento;Institución de ETP;Estatal;390;165;225;Industrial;SEC TEC
Neuquén;Confluencia;SIN DATOS  Colegio Saleciano San José Obrero;Institución de Otro Nivel y/o Modalidad;Privado;102;53;49;Industrial;SEC TEC
Chaco;San Fernando;"Unidad Educativa Privada (U.E.P.) Nº 172 UEGP N°172 ""Gdor DEOLINDO FELIPE BITTEL""";Institución de ETP;Privado;100;58;42;Industrial;SEC TEC-FP
Chaco;General Güemes;"Unidad Educativa Privada (U.E.P.) Nº 252 UEGP N°252 ""EL RETIRO""";Institución de ETP;Privado;20;12;8;Agropecuaria;SEC TEC
Chaco;Comandante Fernández;Unidad Educativa Privada (U.E.P.) Nº 37 Politécnica Juan XXIII;Institución de ETP;Privado;148;148;0;Industrial;SEC TEC-FP
Chaco;Almirante Brown;"Unidad Educativa Privada (U.E.P.) Nº 39 Virgen de Itati	";Institución de ETP;Privado;68;23;45;Agropecuaria;SEC TEC
Chaco;Mayor Jorge Luis Fontana;Unidad Educativa Privada (U.E.P.) Nº 40 Bachillerato Agrotécnico Coronel Du Graty;Institución de ETP;Privado;148;76;72;Agropecuaria;SEC TEC
