fid,id,cpr,jur,cde,fna,gna,nam,fdc,sag,value,LONGITUD_C,LATITUD_CE
1,1243,"02",Ciudad Autónoma de Buenos Aires,"02014",Comuna 2,Comuna,Comuna 2,Dirección general de estadística y censos del gobierno de la Ciudad de Buenos Aires,INDEC,160609,-58.3942343644009,-34.5851565606644
11,1094,"66",Salta,"66042",Departamento Chicoana,Departamento,Chicoana,Dirección general de estadísticas de la provincia de Salta,INDEC,24715,-65.606327663725,-25.1514577570765
12,1215,"42",La Pampa,"42133",Departamento Realicó,Departamento,Realicó,Dirección general de estadística y censos de la provincia de La Pampa,INDEC,17356,-64.2083777242445,-35.2315476044531
13,1167,"58",Neuquén,"58112",Departamento Zapala,Departamento,Zapala,Dirección provincial de estadística y censos de la provincia del Neuquén,INDEC,45540,-69.8224098301464,-38.9222412221926
14,1422,"14",Córdoba,"14105",Departamento Río Primero,Departamento,Río Primero,Dirección provincial de estadística y censos de la provincia de Córdoba,INDEC,58181,-63.4382617099923,-31.0327526658204
2,1459,"26",Chubut,"26049",Departamento Gastre,Departamento,Gastre,Dirección general de estadística y censos de la provincia del Chubut,INDEC,1181,-68.8020371581203,-42.750423522287
3,1404,"86",Santiago del Estero,"86168",Departamento Salavina,Departamento,Salavina,Dirección general de estadística y censos de la provincia de Santiago del Estero,INDEC,12775,-63.2982862806035,-28.9230752794759
4,1102,"26",Chubut,"26042",Departamento Gaiman,Departamento,Gaiman,Dirección general de estadística y censos de la provincia del Chubut,INDEC,12505,-66.1717977540137,-43.2729600115918
5,1073,"94","Tierra del Fuego, Antártida e Islas del Atlántico Sur","94028",Departamento Antártida Argentina,Departamento,Antártida Argentina,"Instituto provincial de análisis e investigación, estadística y censos de la provincia de Tierra del Fuego, Antártida e Islas del Atlántico Sur",INDEC,0,-50.6875721561695,-82.5587375960884
6,1195,"42",La Pampa,"42014",Departamento Caleu Caleu,Departamento,Caleu Caleu,Dirección general de estadística y censos de la provincia de La Pampa,INDEC,2611,-63.8968085101737,-38.6759640956014
7,1079,"66",Salta,"66049",Departamento General Güemes,Departamento,General Güemes,Dirección general de estadísticas de la provincia de Salta,INDEC,55746,-64.9560608685806,-24.7646060771932
8,1280,"86",Santiago del Estero,"86161",Departamento Robles,Departamento,Robles,Dirección general de estadística y censos de la provincia de Santiago del Estero,INDEC,53879,-63.9078934007712,-27.849959159162
9,1262,"86",Santiago del Estero,"86035",Departamento Banda,Departamento,Banda,Dirección general de estadística y censos de la provincia de Santiago del Estero,INDEC,170401,-64.180823882805,-27.4499424712278
10,1556,"94","Tierra del Fuego, Antártida e Islas del Atlántico Sur","94021",Departamento Islas del Atlántico Sur,Departamento,Islas del Atlántico Sur,"Instituto provincial de análisis e investigación, estadística y censos de la provincia de Tierra del Fuego, Antártida e Islas del Atlántico Sur",INDEC,0,-53.3825059919486,-52.5036375529002
15,1090,"86",Santiago del Estero,"86154",Departamento Rivadavia,Departamento,Rivadavia,Dirección general de estadística y censos de la provincia de Santiago del Estero,INDEC,5314,-62.2949208970455,-30.0177485240682
16,1335,"06",Buenos Aires,"06798",Partido de Tapalqué,Partido,Tapalqué,Dirección provincial de estadística de la provincia de Buenos Aires,INDEC,10695,-60.1312446716483,-36.3470309292589
17,1479,"66",Salta,"66161",Departamento Santa Victoria,Departamento,Santa Victoria,Dirección general de estadísticas de la provincia de Salta,INDEC,9411,-64.895546660399,-22.3959253532715
18,1137,"66",Salta,"66035",Departamento Cerrillos,Departamento,Cerrillos,Dirección general de estadísticas de la provincia de Salta,INDEC,55713,-65.4038210820118,-24.9884809094356
19,1555,"94","Tierra del Fuego, Antártida e Islas del Atlántico Sur","94015",Departamento Ushuaia,Departamento,Ushuaia,"Instituto provincial de análisis e investigación, estadística y censos de la provincia de Tierra del Fuego, Antártida e Islas del Atlántico Sur",INDEC,80009,-66.6827866944929,-54.7695666028045
20,1092,"86",Santiago del Estero,"86063",Departamento Choya,Departamento,Choya,Dirección general de estadística y censos de la provincia de Santiago del Estero,INDEC,43692,-64.7573732105855,-28.7687066634082
21,1274,"22",Chaco,"22105",Departamento 9 de Julio,Departamento,9 de Julio,Dirección provincial de información estadística y territorial de la provincia del Chaco,INDEC,30223,-61.2650949741791,-26.9454327015722
22,1059,"06",Buenos Aires,"06791",Partido de Tandil,Partido,Tandil,Dirección provincial de estadística de la provincia de Buenos Aires,INDEC,144678,-59.1822571358685,-37.3357409315193
23,1247,"26",Chubut,"26035",Departamento Futaleufú,Departamento,Futaleufú,Dirección general de estadística y censos de la provincia del Chubut,INDEC,49965,-71.4554757245548,-43.0706785118413
24,1034,"74",San Luis,"74007",Departamento Ayacucho,Departamento,Ayacucho,Dirección provincial de estadística y censos de la provincia de San Luis,INDEC,23653,-66.545472422483,-32.1949102885701
27,1263,"26",Chubut,"26070",Departamento Paso de Indios,Departamento,Paso de Indios,Dirección general de estadística y censos de la provincia del Chubut,INDEC,1882,-68.6857706421096,-44.0313937513812
28,1080,"66",Salta,"66154",Departamento San Carlos,Departamento,San Carlos,Dirección general de estadísticas de la provincia de Salta,INDEC,7779,-66.1746675085714,-25.8295001396224
29,1497,"54",Misiones,"54091",Departamento Oberá,Departamento,Oberá,Instituto provincial de estadística y censos de la provincia de Misiones,INDEC,120703,-55.0715201952568,-27.4767010958525
30,1060,"06",Buenos Aires,"06203",Partido de Coronel Suárez,Partido,Coronel Suárez,Dirección provincial de estadística de la provincia de Buenos Aires,INDEC,41713,-61.889763878562,-37.5350503048054
31,1413,"86",Santiago del Estero,"86189",Departamento Silípica,Departamento,Silípica,Dirección general de estadística y censos de la provincia de Santiago del Estero,INDEC,9766,-64.2761992286871,-28.1834785623005
32,1435,"82",Santa Fe,"82105",Departamento San Jerónimo,Departamento,San Jerónimo,Instituto provincial de estadística y censos de la provincia de Santa Fe,INDEC,84617,-61.0483874717063,-32.1537674352149
33,1257,"26",Chubut,"26063",Departamento Mártires,Departamento,Mártires,Dirección general de estadística y censos de la provincia del Chubut,INDEC,744,-67.2400199841615,-43.8140184177403
34,1462,"14",Córdoba,"14007",Departamento Calamuchita,Departamento,Calamuchita,Dirección provincial de estadística y censos de la provincia de Córdoba,INDEC,75462,-64.6183474565551,-32.204853672378
35,1258,"86",Santiago del Estero,"86182",Departamento Sarmiento,Departamento,Sarmiento,Dirección general de estadística y censos de la provincia de Santiago del Estero,INDEC,5034,-63.4551950358326,-28.0934402959442
36,1225,"86",Santiago del Estero,"86056",Departamento Copo,Departamento,Copo,Dirección general de estadística y censos de la provincia de Santiago del Estero,INDEC,35653,-62.7384976560469,-25.9482944497604
404,1099,"46",La Rioja,"46084",Departamento General Ortiz de Ocampo,Departamento,General Ortiz de Ocampo,Dirección general de estadística y censos de la provincia de La Rioja,INDEC,7347,-66.0593021929242,-31.0063749409328
25,1463,"94","Tierra del Fuego, Antártida e Islas del Atlántico Sur","94011",Departamento Tolhuin,Departamento,Tolhuin,"Instituto provincial de análisis e investigación, estadística y censos de la provincia de Tierra del Fuego, Antártida e Islas del Atlántico Sur",INDEC,6027,-67.5024653381331,-54.4251601393707
26,1498,"54",Misiones,"54098",Departamento San Ignacio,Departamento,San Ignacio,Instituto provincial de estadística y censos de la provincia de Misiones,INDEC,63194,-55.3394011561543,-27.1767470312085
48,1480,"66",Salta,"66056",Departamento General José de San Martín,Departamento,General José de San Martín,Dirección general de estadísticas de la provincia de Salta,INDEC,177448,-63.6583138092491,-22.7145211636637
49,1051,"06",Buenos Aires,"06686",Partido de Rojas,Partido,Rojas,Dirección provincial de estadística de la provincia de Buenos Aires,INDEC,25619,-60.7878113077634,-34.1928199503277
50,1251,"26",Chubut,"26056",Departamento Languiñeo,Departamento,Languiñeo,Dirección general de estadística y censos de la provincia del Chubut,INDEC,2862,-70.3482437713294,-43.3235240293872
51,1057,"06",Buenos Aires,"06560",Partido de Moreno,Partido,Moreno,Dirección provincial de estadística de la provincia de Buenos Aires,INDEC,575758,-58.8109333700779,-34.6106556329582
37,1355,"06",Buenos Aires,"06448",Partido de Laprida,Partido,Laprida,Dirección provincial de estadística de la provincia de Buenos Aires,INDEC,11496,-60.7680323216194,-37.5153205882904
38,1417,"66",Salta,"66063",Departamento Guachipas,Departamento,Guachipas,Dirección general de estadísticas de la provincia de Salta,INDEC,3491,-65.4444251922441,-25.702760496774
39,1166,"58",Neuquén,"58098",Departamento Picún Leufú,Departamento,Picún Leufú,Dirección provincial de estadística y censos de la provincia del Neuquén,INDEC,5087,-69.4272159890647,-39.4039804836031
54,1535,"02",Ciudad Autónoma de Buenos Aires,"02105",Comuna 15,Comuna,Comuna 15,Dirección general de estadística y censos del gobierno de la Ciudad de Buenos Aires,INDEC,195265,-58.4628099670144,-34.5918705706321
422,1144,"62",Río Negro,"62084",Departamento Valcheta,Departamento,Valcheta,Dirección de estadística y censos de la provincia de Río Negro,INDEC,4300,-66.311327221477,-40.9705723211778
40,1319,"06",Buenos Aires,"06329",Partido de General Las Heras,Partido,General Las Heras,Dirección provincial de estadística de la provincia de Buenos Aires,INDEC,17980,-58.9957690740754,-34.9094532398431
41,1559,"06",Buenos Aires,"06441",Partido de La Plata,Partido,La Plata,Dirección provincial de estadística de la provincia de Buenos Aires,INDEC,756074,-58.0180102410945,-35.0035494768871
42,1132,"14",Córdoba,"14126",Departamento San Alberto,Departamento,San Alberto,Dirección provincial de estadística y censos de la provincia de Córdoba,INDEC,42029,-65.1567379185202,-31.708645729557
190,1525,"22",Chaco,"22056",Departamento General Donovan,Departamento,General Donovan,Dirección provincial de información estadística y territorial de la provincia del Chaco,INDEC,15061,-59.3469799022155,-27.138964997844
191,1045,"30",Entre Ríos,"30105",Departamento Victoria,Departamento,Victoria,Dirección general de estadística y censos de la provincia de Entre Ríos,INDEC,40301,-60.2173008820229,-32.7852340727055
43,1197,"86",Santiago del Estero,"86175",Departamento San Martín,Departamento,San Martín,Dirección general de estadística y censos de la provincia de Santiago del Estero,INDEC,11183,-63.8564123712215,-28.1864413631363
44,1458,"22",Chaco,"22084",Departamento Libertador General San Martín,Departamento,Libertador General San Martín,Dirección provincial de información estadística y territorial de la provincia del Chaco,INDEC,65304,-59.4883596764839,-26.3776193981579
192,1122,"06",Buenos Aires,"06655",Partido de Punta Indio,Partido,Punta Indio,Dirección provincial de estadística de la provincia de Buenos Aires,INDEC,12161,-57.3992353624203,-35.4266825768298
45,1375,"06",Buenos Aires,"06322",Partido de General La Madrid,Partido,General La Madrid,Dirección provincial de estadística de la provincia de Buenos Aires,INDEC,11535,-61.3442823977379,-37.3555886205903
46,1253,"86",Santiago del Estero,"86007",Departamento Aguirre,Departamento,Aguirre,Dirección general de estadística y censos de la provincia de Santiago del Estero,INDEC,8959,-62.5105532047801,-29.2894455884048
198,1074,"14",Córdoba,"14175",Departamento Tulumba,Departamento,Tulumba,Dirección provincial de estadística y censos de la provincia de Córdoba,INDEC,14092,-63.8283640301558,-30.2199675957985
199,1418,"42",La Pampa,"42035",Departamento Conhelo,Departamento,Conhelo,Dirección general de estadística y censos de la provincia de La Pampa,INDEC,15094,-64.5085740216599,-36.0330404474323
200,1409,"10",Catamarca,"10105",Departamento Tinogasta,Departamento,Tinogasta,Subsecretaría de estadística y censos de la provincia de Catamarca,INDEC,25254,-67.9303846075487,-27.5413620769315
47,1308,"06",Buenos Aires,"06568",Partido de Morón,Partido,Morón,Dirección provincial de estadística de la provincia de Buenos Aires,INDEC,329517,-58.6198638186606,-34.6491608180153
52,1527,"06",Buenos Aires,"06434",Partido de Lanús,Partido,Lanús,Dirección provincial de estadística de la provincia de Buenos Aires,INDEC,460081,-58.3947297912271,-34.7055944944373
53,1223,"42",La Pampa,"42105",Departamento Maracó,Departamento,Maracó,Dirección general de estadística y censos de la provincia de La Pampa,INDEC,69067,-63.6612243088786,-35.6797967037688
55,1531,"22",Chaco,"22077",Departamento Libertad,Departamento,Libertad,Dirección provincial de información estadística y territorial de la provincia del Chaco,INDEC,13775,-59.2603093705657,-27.3496280260941
56,1091,"86",Santiago del Estero,"86126",Departamento Ojo de Agua,Departamento,Ojo de Agua,Dirección general de estadística y censos de la provincia de Santiago del Estero,INDEC,15008,-63.9899328266163,-29.3041935153259
57,1083,"06",Buenos Aires,"06315",Partido de General Juan Madariaga,Partido,General Juan Madariaga,Dirección provincial de estadística de la provincia de Buenos Aires,INDEC,22566,-57.2312580595992,-37.1536623339494
58,1240,"14",Córdoba,"14112",Departamento Río Seco,Departamento,Río Seco,Dirección provincial de estadística y censos de la provincia de Córdoba,INDEC,15275,-63.2021402627514,-30.0454498545034
151,1089,"22",Chaco,"22036",Departamento 12 de Octubre,Departamento,12 de Octubre,Dirección provincial de información estadística y territorial de la provincia del Chaco,INDEC,23179,-61.4759381783026,-27.3353726973993
59,1466,"06",Buenos Aires,"06679",Partido de Rivadavia,Partido,Rivadavia,Dirección provincial de estadística de la provincia de Buenos Aires,INDEC,19735,-63.094671728148,-35.5810629469816
60,1165,"66",Salta,"66007",Departamento Anta,Departamento,Anta,Dirección general de estadísticas de la provincia de Salta,INDEC,69442,-63.8397312808215,-24.8754640350186
61,1133,"14",Córdoba,"14119",Departamento Río Segundo,Departamento,Río Segundo,Dirección provincial de estadística y censos de la provincia de Córdoba,INDEC,113311,-63.4748308077544,-31.7332570053274
62,1154,"22",Chaco,"22070",Departamento Independencia,Departamento,Independencia,Dirección provincial de información estadística y territorial de la provincia del Chaco,INDEC,21948,-60.7571102138534,-26.7371991831313
63,1347,"26",Chubut,"26007",Departamento Biedma,Departamento,Biedma,Dirección general de estadística y censos de la provincia del Chubut,INDEC,102806,-64.9351303052609,-42.4437964391878
64,1401,"06",Buenos Aires,"06882",Partido de Zárate,Partido,Zárate,Dirección provincial de estadística de la provincia de Buenos Aires,INDEC,131415,-59.1284149628485,-33.9971800888729
65,1376,"06",Buenos Aires,"06105",Partido de Bolívar,Partido,Bolívar,Dirección provincial de estadística de la provincia de Buenos Aires,INDEC,37194,-61.1499558309702,-36.2984898068649
66,1096,"06",Buenos Aires,"06672",Partido de Rauch,Partido,Rauch,Dirección provincial de estadística de la provincia de Buenos Aires,INDEC,16491,-58.9441174687683,-36.5722577909493
78,1367,"86",Santiago del Estero,"86119",Departamento Moreno,Departamento,Moreno,Dirección general de estadística y censos de la provincia de Santiago del Estero,INDEC,40352,-62.4652527670062,-27.3084186824314
79,1287,"50",Mendoza,"50021",Departamento Godoy Cruz,Departamento,Godoy Cruz,Dirección de estadística e investigaciones económicas de la provincia de Mendoza,INDEC,194557,-68.9147986624503,-32.9314925572475
80,1120,"06",Buenos Aires,"06466",Partido de Lezama,Partido,Lezama,Dirección provincial de estadística de la provincia de Buenos Aires,INDEC,6170,-57.8949569284698,-35.8492162872882
81,1147,"58",Neuquén,"58070",Departamento Los Lagos,Departamento,Los Lagos,Dirección provincial de estadística y censos de la provincia del Neuquén,INDEC,15502,-71.4867054035798,-40.7743047101436
82,1406,"86",Santiago del Estero,"86028",Departamento Avellaneda,Departamento,Avellaneda,Dirección general de estadística y censos de la provincia de Santiago del Estero,INDEC,25462,-63.2055993467281,-28.54682521549
152,1131,"14",Córdoba,"14070",Departamento Minas,Departamento,Minas,Dirección provincial de estadística y censos de la provincia de Córdoba,INDEC,4855,-65.4113478907329,-31.0351175554639
153,1481,"66",Salta,"66133",Departamento Rivadavia,Departamento,Rivadavia,Dirección general de estadísticas de la provincia de Salta,INDEC,38062,-62.828652989743,-23.5194983490052
201,1390,"06",Buenos Aires,"06049",Partido de Azul,Partido,Azul,Dirección provincial de estadística de la provincia de Buenos Aires,INDEC,75152,-59.6964454650534,-36.7854996963025
67,1342,"06",Buenos Aires,"06760",Partido de San Miguel,Partido,San Miguel,Dirección provincial de estadística de la provincia de Buenos Aires,INDEC,327650,-58.6915149917281,-34.552323950056
68,1316,"06",Buenos Aires,"06224",Partido de Chivilcoy,Partido,Chivilcoy,Dirección provincial de estadística de la provincia de Buenos Aires,INDEC,70554,-59.9589449108567,-34.9150157822192
69,1403,"06",Buenos Aires,"06763",Partido de San Nicolás,Partido,San Nicolás,Dirección provincial de estadística de la provincia de Buenos Aires,INDEC,166657,-60.2931286767355,-33.4829302282453
70,1353,"06",Buenos Aires,"06469",Partido de Lincoln,Partido,Lincoln,Dirección provincial de estadística de la provincia de Buenos Aires,INDEC,45191,-61.6828314719603,-35.0702622214103
71,1116,"46",La Rioja,"46105",Departamento Independencia,Departamento,Independencia,Dirección general de estadística y censos de la provincia de La Rioja,INDEC,2399,-67.3487424128365,-30.1104159878118
83,1081,"06",Buenos Aires,"06343",Partido de General Paz,Partido,General Paz,Dirección provincial de estadística de la provincia de Buenos Aires,INDEC,14141,-58.3900418403825,-35.4661465180541
84,1192,"66",Salta,"66126",Departamento Orán,Departamento,Orán,Dirección general de estadísticas de la provincia de Salta,INDEC,159715,-64.150947147166,-23.4987975188538
72,1397,"06",Buenos Aires,"06553",Partido de Monte Hermoso,Partido,Monte Hermoso,Dirección provincial de estadística de la provincia de Buenos Aires,INDEC,8444,-61.2891573698908,-38.9637929857179
73,1261,"02",Ciudad Autónoma de Buenos Aires,"02091",Comuna 13,Comuna,Comuna 13,Dirección general de estadística y censos del gobierno de la Ciudad de Buenos Aires,INDEC,262330,-58.4539972490804,-34.5544073895209
74,1410,"50",Mendoza,"50028",Departamento Guaymallén,Departamento,Guaymallén,Dirección de estadística e investigaciones económicas de la provincia de Mendoza,INDEC,320871,-68.7322416270568,-32.8921832033463
75,1431,"82",Santa Fe,"82084",Departamento Rosario,Departamento,Rosario,Instituto provincial de estadística y censos de la provincia de Santa Fe,INDEC,1337958,-60.710021688433,-33.1260184116262
76,1457,"06",Buenos Aires,"06462",Partido de Leandro N. Alem,Partido,Leandro N. Alem,Dirección provincial de estadística de la provincia de Buenos Aires,INDEC,17153,-61.6130302892217,-34.4981723199691
77,1153,"06",Buenos Aires,"06875",Partido de Villarino,Partido,Villarino,Dirección provincial de estadística de la provincia de Buenos Aires,INDEC,32552,-62.7141636639852,-39.1297484708749
85,1470,"86",Santiago del Estero,"86112",Departamento Mitre,Departamento,Mitre,Dirección general de estadística y censos de la provincia de Santiago del Estero,INDEC,1440,-62.733184951896,-29.5854376028102
86,1356,"06",Buenos Aires,"06756",Partido de San Isidro,Partido,San Isidro,Dirección provincial de estadística de la provincia de Buenos Aires,INDEC,295978,-58.5374407730758,-34.4869681178671
87,1323,"06",Buenos Aires,"06588",Partido de 9 de Julio,Partido,9 de Julio,Dirección provincial de estadística de la provincia de Buenos Aires,INDEC,52366,-60.9749948000733,-35.4814161011829
88,1121,"06",Buenos Aires,"06218",Partido de Chascomús,Partido,Chascomús,Dirección provincial de estadística de la provincia de Buenos Aires,INDEC,42191,-57.9046790122101,-35.6185966651222
89,1300,"30",Entre Ríos,"30028",Departamento Federación,Departamento,Federación,Dirección general de estadística y censos de la provincia de Entre Ríos,INDEC,78264,-58.156517116341,-30.7395383630688
107,1216,"22",Chaco,"22091",Departamento Maipú,Departamento,Maipú,Dirección provincial de información estadística y territorial de la provincia del Chaco,INDEC,26354,-60.4553511614932,-26.3210306640721
108,1208,"86",Santiago del Estero,"86140",Departamento Quebrachos,Departamento,Quebrachos,Dirección general de estadística y censos de la provincia de Santiago del Estero,INDEC,12336,-63.340138266175,-29.3857976358945
109,1486,"26",Chubut,"26028",Departamento Florentino Ameghino,Departamento,Florentino Ameghino,Dirección general de estadística y censos de la provincia del Chubut,INDEC,1782,-66.1306334611899,-44.4225666636851
154,1526,"22",Chaco,"22039",Departamento 2 de Abril,Departamento,2 de Abril,Dirección provincial de información estadística y territorial de la provincia del Chaco,INDEC,8310,-61.3294939705837,-27.6216674011531
155,1386,"10",Catamarca,"10049",Departamento Capital,Departamento,Capital,Subsecretaría de estadística y censos de la provincia de Catamarca,INDEC,186466,-65.8365462657134,-28.4102810678927
156,1222,"82",Santa Fe,"82091",Departamento San Cristóbal,Departamento,San Cristóbal,Instituto provincial de estadística y censos de la provincia de Santa Fe,INDEC,72593,-61.3599367931803,-30.2283855328139
157,1344,"06",Buenos Aires,"06638",Partido de Pilar,Partido,Pilar,Dirección provincial de estadística de la provincia de Buenos Aires,INDEC,393614,-58.9033927610626,-34.4482000784307
90,1179,"02",Ciudad Autónoma de Buenos Aires,"02084",Comuna 12,Comuna,Comuna 12,Dirección general de estadística y censos del gobierno de la Ciudad de Buenos Aires,INDEC,235364,-58.4902152507919,-34.5664940500518
91,1115,"06",Buenos Aires,"06581",Partido de Necochea,Partido,Necochea,Dirección provincial de estadística de la provincia de Buenos Aires,INDEC,101483,-59.1672028592663,-38.2559964577648
92,1471,"86",Santiago del Estero,"86021",Departamento Atamisqui,Departamento,Atamisqui,Dirección general de estadística y censos de la provincia de Santiago del Estero,INDEC,14894,-63.8697505820387,-28.6845129028801
93,1309,"06",Buenos Aires,"06210",Partido de Chacabuco,Partido,Chacabuco,Dirección provincial de estadística de la provincia de Buenos Aires,INDEC,52409,-60.3544509662395,-34.6181375525947
94,1046,"30",Entre Ríos,"30021",Departamento Diamante,Departamento,Diamante,Dirección general de estadística y censos de la provincia de Entre Ríos,INDEC,52312,-60.5237215666828,-32.2327771713454
95,1162,"50",Mendoza,"50014",Departamento General Alvear,Departamento,General Alvear,Dirección de estadística e investigaciones económicas de la provincia de Mendoza,INDEC,52379,-67.0801406916339,-35.2184449571476
96,1157,"42",La Pampa,"42084",Departamento Lihuel Calel,Departamento,Lihuel Calel,Dirección general de estadística y censos de la provincia de La Pampa,INDEC,428,-65.0978278866376,-38.2625032693456
97,1282,"10",Catamarca,"10028",Departamento Antofagasta de la Sierra,Departamento,Antofagasta de la Sierra,Subsecretaría de estadística y censos de la provincia de Catamarca,INDEC,1822,-67.6779098647026,-25.9461251261384
98,1226,"58",Neuquén,"58063",Departamento Loncopué,Departamento,Loncopué,Dirección provincial de estadística y censos de la provincia del Neuquén,INDEC,7696,-70.3141364600504,-38.0660408396653
99,1220,"82",Santa Fe,"82070",Departamento Las Colonias,Departamento,Las Colonias,Instituto provincial de estadística y censos de la provincia de Santa Fe,INDEC,114730,-61.1094697532047,-31.3153383458855
100,1068,"06",Buenos Aires,"06336",Partido de General Lavalle,Partido,General Lavalle,Dirección provincial de estadística de la provincia de Buenos Aires,INDEC,4846,-56.9409462431705,-36.6495181274033
101,1098,"66",Salta,"66119",Departamento Molinos,Departamento,Molinos,Dirección general de estadísticas de la provincia de Salta,INDEC,5808,-66.4548654490806,-25.5643095124239
102,1217,"22",Chaco,"22098",Departamento Mayor Luis J. Fontana,Departamento,Mayor Luis J. Fontana,Dirección provincial de información estadística y territorial de la provincia del Chaco,INDEC,59798,-60.6575205318656,-27.7437183596606
103,1146,"82",Santa Fe,"82077",Departamento 9 de Julio,Departamento,9 de Julio,Instituto provincial de estadística y censos de la provincia de Santa Fe,INDEC,30942,-61.3979940520487,-28.8486757583021
104,1393,"10",Catamarca,"10021",Departamento Andalgalá,Departamento,Andalgalá,Subsecretaría de estadística y censos de la provincia de Catamarca,INDEC,19545,-66.3618758063204,-27.5697846000516
105,1050,"06",Buenos Aires,"06455",Partido de Las Flores,Partido,Las Flores,Dirección provincial de estadística de la provincia de Buenos Aires,INDEC,27136,-59.1768090841722,-36.0157485437804
106,1097,"66",Salta,"66112",Departamento Metán,Departamento,Metán,Dirección general de estadísticas de la provincia de Salta,INDEC,48028,-64.5880851511343,-25.4252197924985
166,1204,"42",La Pampa,"42091",Departamento Limay Mahuida,Departamento,Limay Mahuida,Dirección general de estadística y censos de la provincia de La Pampa,INDEC,413,-66.5550480646418,-37.2445596531633
167,1294,"14",Córdoba,"14063",Departamento Marcos Juárez,Departamento,Marcos Juárez,Dirección provincial de estadística y censos de la provincia de Córdoba,INDEC,107286,-62.2775902625282,-33.0308605307962
110,1237,"86",Santiago del Estero,"86147",Departamento Río Hondo,Departamento,Río Hondo,Dirección general de estadística y censos de la provincia de Santiago del Estero,INDEC,66637,-64.7612113220088,-27.4838464569144
111,1041,"30",Entre Ríos,"30015",Departamento Concordia,Departamento,Concordia,Dirección general de estadística y censos de la provincia de Entre Ríos,INDEC,197603,-58.2412479317289,-31.2907464347132
112,1328,"06",Buenos Aires,"06693",Partido de Roque Pérez,Partido,Roque Pérez,Dirección provincial de estadística de la provincia de Buenos Aires,INDEC,13901,-59.3575289019573,-35.4814408645683
113,1159,"42",La Pampa,"42077",Departamento Hucal,Departamento,Hucal,Dirección general de estadística y censos de la provincia de La Pampa,INDEC,7713,-63.9543580606988,-37.9801770521182
168,1170,"82",Santa Fe,"82049",Departamento General Obligado,Departamento,General Obligado,Instituto provincial de estadística y censos de la provincia de Santa Fe,INDEC,197533,-59.5266893643945,-28.6725315967644
169,1042,"30",Entre Ríos,"30035",Departamento Federal,Departamento,Federal,Dirección general de estadística y censos de la provincia de Entre Ríos,INDEC,29436,-58.8919284179312,-30.9921582323747
170,1058,"06",Buenos Aires,"06427",Partido de La Matanza,Partido,La Matanza,Dirección provincial de estadística de la provincia de Buenos Aires,INDEC,1837168,-58.6252507731143,-34.770050648173
171,1036,"74",San Luis,"74056",Departamento Juan Martín de Pueyrredón,Departamento,Juan Martín de Pueyrredón,Dirección provincial de estadística y censos de la provincia de San Luis,INDEC,260769,-66.5139318704857,-33.8209222714112
114,1186,"02",Ciudad Autónoma de Buenos Aires,"02070",Comuna 10,Comuna,Comuna 10,Dirección general de estadística y censos del gobierno de la Ciudad de Buenos Aires,INDEC,171896,-58.5025834392352,-34.6278837508151
115,1304,"66",Salta,"66021",Departamento Cafayate,Departamento,Cafayate,Dirección general de estadísticas de la provincia de Salta,INDEC,17822,-65.8765527785085,-26.1257385466435
124,1381,"06",Buenos Aires,"06406",Partido de Hipólito Yrigoyen,Partido,Hipólito Yrigoyen,Dirección provincial de estadística de la provincia de Buenos Aires,INDEC,10581,-61.6597672129158,-36.2590264342485
116,1188,"02",Ciudad Autónoma de Buenos Aires,"02077",Comuna 11,Comuna,Comuna 11,Dirección general de estadística y censos del gobierno de la Ciudad de Buenos Aires,INDEC,201905,-58.4965020121243,-34.6062482573536
117,1412,"66",Salta,"66028",Departamento Capital,Departamento,Capital,Dirección general de estadísticas de la provincia de Salta,INDEC,624003,-65.2713297593708,-24.8897612798946
118,1452,"26",Chubut,"26021",Departamento Escalante,Departamento,Escalante,Dirección general de estadística y censos de la provincia del Chubut,INDEC,214829,-67.7091375005902,-45.2831916040592
119,1365,"06",Buenos Aires,"06574",Partido de Navarro,Partido,Navarro,Dirección provincial de estadística de la provincia de Buenos Aires,INDEC,19888,-59.4299024547853,-35.0304121719292
120,1084,"86",Santiago del Estero,"86014",Departamento Alberdi,Departamento,Alberdi,Dirección general de estadística y censos de la provincia de Santiago del Estero,INDEC,20104,-62.731790072096,-26.5398702663957
121,1362,"06",Buenos Aires,"06784",Partido de Suipacha,Partido,Suipacha,Dirección provincial de estadística de la provincia de Buenos Aires,INDEC,11736,-59.7032167325727,-34.7487745959904
122,1266,"50",Mendoza,"50049",Departamento Las Heras,Departamento,Las Heras,Dirección de estadística e investigaciones económicas de la provincia de Mendoza,INDEC,233839,-69.275128530105,-32.5180367557804
123,1503,"42",La Pampa,"42070",Departamento Guatraché,Departamento,Guatraché,Dirección general de estadística y censos de la provincia de La Pampa,INDEC,9397,-63.7813068486748,-37.4846161877529
423,1350,"06",Buenos Aires,"06847",Partido de Tres Lomas,Partido,Tres Lomas,Dirección provincial de estadística de la provincia de Buenos Aires,INDEC,9090,-62.8640799074816,-36.4971537414022
125,1346,"06",Buenos Aires,"06408",Partido de Hurlingham,Partido,Hurlingham,Dirección provincial de estadística de la provincia de Buenos Aires,INDEC,185361,-58.6493249230708,-34.5994901056175
126,1218,"22",Chaco,"22043",Departamento Fray Justo Santa María de Oro,Departamento,Fray Justo Santa María de Oro,Dirección provincial de información estadística y territorial de la provincia del Chaco,INDEC,10643,-61.3014017737015,-27.865625242181
127,1212,"58",Neuquén,"58056",Departamento Lácar,Departamento,Lácar,Dirección provincial de estadística y censos de la provincia del Neuquén,INDEC,39567,-71.1841508453637,-40.3141626148049
128,1106,"50",Mendoza,"50042",Departamento La Paz,Departamento,La Paz,Dirección de estadística e investigaciones económicas de la provincia de Mendoza,INDEC,12018,-67.249671661319,-33.7006970911175
424,1077,"06",Buenos Aires,"06721",Partido de Salliqueló,Partido,Salliqueló,Dirección provincial de estadística de la provincia de Buenos Aires,INDEC,9344,-63.0477618751324,-36.6718930686865
425,1450,"34",Formosa,"34049",Departamento Pilcomayo,Departamento,Pilcomayo,"Dirección de estadística, censos y documentación de la provincia de Formosa",INDEC,94116,-58.0628908481777,-25.3715284443138
426,1464,"54",Misiones,"54028",Departamento Capital,Departamento,Capital,Instituto provincial de estadística y censos de la provincia de Misiones,INDEC,391498,-55.857219094256,-27.5507785012915
129,1067,"06",Buenos Aires,"06644",Partido de Pinamar,Partido,Pinamar,Dirección provincial de estadística de la provincia de Buenos Aires,INDEC,39224,-56.8697399991691,-37.1100741483987
130,1482,"66",Salta,"66147",Departamento Rosario de Lerma,Departamento,Rosario de Lerma,Dirección general de estadísticas de la provincia de Salta,INDEC,50961,-65.853008676676,-24.5457611102223
131,1507,"22",Chaco,"22049",Departamento General Belgrano,Departamento,General Belgrano,Dirección provincial de información estadística y territorial de la provincia del Chaco,INDEC,12807,-61.0718089224766,-26.8494994969077
132,1387,"10",Catamarca,"10014",Departamento Ancasti,Departamento,Ancasti,Subsecretaría de estadística y censos de la provincia de Catamarca,INDEC,3282,-65.5040599808002,-28.9263110077153
133,1231,"26",Chubut,"26014",Departamento Cushamen,Departamento,Cushamen,Dirección general de estadística y censos de la provincia del Chubut,INDEC,28099,-70.7120057823904,-42.366411696596
148,1196,"22",Chaco,"22161",Departamento Tapenagá,Departamento,Tapenagá,Dirección provincial de información estadística y territorial de la provincia del Chaco,INDEC,4051,-59.8280317202581,-27.6604221812979
149,1169,"82",Santa Fe,"82098",Departamento San Javier,Departamento,San Javier,Instituto provincial de estadística y censos de la provincia de Santa Fe,INDEC,33180,-59.898068452311,-30.1041674679352
150,1392,"10",Catamarca,"10042",Departamento Capayán,Departamento,Capayán,Subsecretaría de estadística y censos de la provincia de Catamarca,INDEC,19471,-65.90192166671,-28.9085901393482
134,1307,"06",Buenos Aires,"06648",Partido de Presidente Perón,Partido,Presidente Perón,Dirección provincial de estadística de la provincia de Buenos Aires,INDEC,101994,-58.3981476043863,-34.9299140112179
135,1228,"58",Neuquén,"58091",Departamento Pehuenches,Departamento,Pehuenches,Dirección provincial de estadística y censos de la provincia del Neuquén,INDEC,29721,-69.4019173221333,-37.3992773492846
136,1405,"86",Santiago del Estero,"86133",Departamento Pellegrini,Departamento,Pellegrini,Dirección general de estadística y censos de la provincia de Santiago del Estero,INDEC,26193,-64.0937087440622,-26.2168147135232
137,1370,"06",Buenos Aires,"06778",Partido de San Vicente,Partido,San Vicente,Dirección provincial de estadística de la provincia de Buenos Aires,INDEC,97929,-58.4319892432407,-35.0705039254977
138,1299,"30",Entre Ríos,"30049",Departamento Gualeguay,Departamento,Gualeguay,Dirección general de estadística y censos de la provincia de Entre Ríos,INDEC,56796,-59.6028046563318,-33.1168010038903
139,1320,"06",Buenos Aires,"06525",Partido de Marcos Paz,Partido,Marcos Paz,Dirección provincial de estadística de la provincia de Buenos Aires,INDEC,64761,-58.8479746163123,-34.8137105543567
140,1269,"66",Salta,"66140",Departamento Rosario de la Frontera,Departamento,Rosario de la Frontera,Dirección general de estadísticas de la provincia de Salta,INDEC,33750,-64.7288060728226,-25.8715674421933
141,1093,"66",Salta,"66014",Departamento Cachi,Departamento,Cachi,Dirección general de estadísticas de la provincia de Salta,INDEC,8928,-66.2026235998845,-25.0387470737681
142,1478,"06",Buenos Aires,"06770",Partido de San Pedro,Partido,San Pedro,Dirección provincial de estadística de la provincia de Buenos Aires,INDEC,68353,-59.7821500090624,-33.780744197965
143,1302,"30",Entre Ríos,"30042",Departamento Feliciano,Departamento,Feliciano,Dirección general de estadística y censos de la provincia de Entre Ríos,INDEC,16717,-58.7282381254937,-30.4140075428519
144,1423,"50",Mendoza,"50035",Departamento Junín,Departamento,Junín,Dirección de estadística e investigaciones económicas de la provincia de Mendoza,INDEC,46472,-68.4822760169013,-33.1490890619112
145,1530,"22",Chaco,"22168",Departamento 25 de Mayo,Departamento,25 de Mayo,Dirección provincial de información estadística y territorial de la provincia del Chaco,INDEC,32606,-60.0191886051532,-26.8189516214112
146,1038,"74",San Luis,"74063",Departamento Libertador General San Martín,Departamento,Libertador General San Martín,Dirección provincial de estadística y censos de la provincia de San Luis,INDEC,4691,-65.7053599514861,-32.602947763603
147,1227,"58",Neuquén,"58084",Departamento Ñorquín,Departamento,Ñorquín,Dirección provincial de estadística y censos de la provincia del Neuquén,INDEC,5572,-70.6779166568315,-37.6381361603875
158,1055,"06",Buenos Aires,"06511",Partido de Maipú,Partido,Maipú,Dirección provincial de estadística de la provincia de Buenos Aires,INDEC,11253,-57.5860785058405,-36.8865364886115
159,1189,"42",La Pampa,"42098",Departamento Loventué,Departamento,Loventué,Dirección general de estadística y censos de la provincia de La Pampa,INDEC,9243,-65.5367310613692,-36.4781931719603
175,1082,"06",Buenos Aires,"06308",Partido de General Guido,Partido,General Guido,Dirección provincial de estadística de la provincia de Buenos Aires,INDEC,3157,-57.995821082437,-36.6662671580155
176,1402,"06",Buenos Aires,"06665",Partido de Ramallo,Partido,Ramallo,Dirección provincial de estadística de la provincia de Buenos Aires,INDEC,39648,-60.0576340420224,-33.5872952607192
160,1349,"06",Buenos Aires,"06515",Partido de Malvinas Argentinas,Partido,Malvinas Argentinas,Dirección provincial de estadística de la provincia de Buenos Aires,INDEC,349401,-58.7121527832879,-34.4872843640507
161,1065,"06",Buenos Aires,"06518",Partido de Mar Chiquita,Partido,Mar Chiquita,Dirección provincial de estadística de la provincia de Buenos Aires,INDEC,32973,-57.6429720257565,-37.4988231377254
162,1374,"06",Buenos Aires,"06630",Partido de Pila,Partido,Pila,Dirección provincial de estadística de la provincia de Buenos Aires,INDEC,4615,-58.340689936576,-36.2025346607924
163,1187,"22",Chaco,"22154",Departamento Sargento Cabral,Departamento,Sargento Cabral,Dirección provincial de información estadística y territorial de la provincia del Chaco,INDEC,18696,-59.5190387365192,-26.8004070226947
164,1289,"02",Ciudad Autónoma de Buenos Aires,"02098",Comuna 14,Comuna,Comuna 14,Dirección general de estadística y censos del gobierno de la Ciudad de Buenos Aires,INDEC,247252,-58.4222959262659,-34.5737417773138
165,1164,"50",Mendoza,"50105",Departamento San Rafael,Departamento,San Rafael,Dirección de estadística e investigaciones económicas de la provincia de Mendoza,INDEC,213204,-68.383098691428,-34.945865555429
172,1425,"82",Santa Fe,"82042",Departamento General López,Departamento,General López,Instituto provincial de estadística y censos de la provincia de Santa Fe,INDEC,200455,-61.9471574875293,-33.9271784839612
173,1229,"58",Neuquén,"58077",Departamento Minas,Departamento,Minas,Dirección provincial de estadística y censos de la provincia del Neuquén,INDEC,9267,-70.7836379585868,-36.8585347667268
174,1069,"06",Buenos Aires,"06420",Partido de La Costa,Partido,La Costa,Dirección provincial de estadística de la provincia de Buenos Aires,INDEC,100400,-56.7145807296156,-36.7093727062863
177,1206,"42",La Pampa,"42049",Departamento Chalileo,Departamento,Chalileo,Dirección general de estadística y censos de la provincia de La Pampa,INDEC,2868,-66.5768649483202,-36.3978340590339
178,1303,"10",Catamarca,"10035",Departamento Belén,Departamento,Belén,Subsecretaría de estadística y censos de la provincia de Catamarca,INDEC,30353,-66.9189761582389,-27.108559899783
179,1182,"02",Ciudad Autónoma de Buenos Aires,"02049",Comuna 7,Comuna,Comuna 7,Dirección general de estadística y censos del gobierno de la Ciudad de Buenos Aires,INDEC,213262,-58.4519256425427,-34.6365458007183
180,1135,"14",Córdoba,"14182",Departamento Unión,Departamento,Unión,Dirección provincial de estadística y censos de la provincia de Córdoba,INDEC,113635,-62.7916265433733,-32.8783429014481
181,1326,"06",Buenos Aires,"06301",Partido de General Belgrano,Partido,General Belgrano,Dirección provincial de estadística de la provincia de Buenos Aires,INDEC,20674,-58.6988098997714,-35.8342733635745
182,1072,"42",La Pampa,"42042",Departamento Curacó,Departamento,Curacó,Dirección general de estadística y censos de la provincia de La Pampa,INDEC,1103,-66.3322500978471,-38.1802182543763
183,1327,"06",Buenos Aires,"06547",Partido de Monte,Partido,Monte,Dirección provincial de estadística de la provincia de Buenos Aires,INDEC,24616,-58.7673312729481,-35.5098095129023
184,1143,"22",Chaco,"22063",Departamento General Güemes,Departamento,General Güemes,Dirección provincial de información estadística y territorial de la provincia del Chaco,INDEC,68429,-61.3340685314908,-25.213780525391
185,1126,"02",Ciudad Autónoma de Buenos Aires,"02042",Comuna 6,Comuna,Comuna 6,Dirección general de estadística y censos del gobierno de la Ciudad de Buenos Aires,INDEC,201764,-58.4436044048883,-34.6168312505499
186,1500,"82",Santa Fe,"82035",Departamento Garay,Departamento,Garay,Instituto provincial de estadística y censos de la provincia de Santa Fe,INDEC,24853,-60.1258479665522,-31.0546577200237
187,1312,"06",Buenos Aires,"06413",Partido de Junín,Partido,Junín,Dirección provincial de estadística de la provincia de Buenos Aires,INDEC,100964,-61.0057468351273,-34.5461775620753
188,1053,"06",Buenos Aires,"06412",Partido de José C. Paz,Partido,José C. Paz,Dirección provincial de estadística de la provincia de Buenos Aires,INDEC,326527,-58.7777222321087,-34.5118740690356
189,1411,"14",Córdoba,"14056",Departamento Juárez Celman,Departamento,Juárez Celman,Dirección provincial de estadística y censos de la provincia de Córdoba,INDEC,68317,-63.6065301042683,-33.3292719059769
193,1178,"02",Ciudad Autónoma de Buenos Aires,"02035",Comuna 5,Comuna,Comuna 5,Dirección general de estadística y censos del gobierno de la Ciudad de Buenos Aires,INDEC,192449,-58.4206079191757,-34.6173589479833
194,1076,"14",Córdoba,"14091",Departamento Punilla,Departamento,Punilla,Dirección provincial de estadística y censos de la provincia de Córdoba,INDEC,219494,-64.5849806555974,-31.2216591132554
202,1172,"06",Buenos Aires,"06651",Partido de Puán,Partido,Puán,Dirección provincial de estadística de la provincia de Buenos Aires,INDEC,16391,-63.0574799790718,-38.0757133763302
203,1139,"50",Mendoza,"50126",Departamento Tupungato,Departamento,Tupungato,Dirección de estadística e investigaciones económicas de la provincia de Mendoza,INDEC,41168,-69.2951764984989,-33.2945154316621
204,1330,"06",Buenos Aires,"06539",Partido de Merlo,Partido,Merlo,Dirección provincial de estadística de la provincia de Buenos Aires,INDEC,581484,-58.7418672827822,-34.7109325205114
195,1360,"06",Buenos Aires,"06410",Partido de Ituzaingó,Partido,Ituzaingó,Dirección provincial de estadística de la provincia de Buenos Aires,INDEC,177983,-58.6887592853105,-34.6360603644769
196,1373,"06",Buenos Aires,"06658",Partido de Quilmes,Partido,Quilmes,Dirección provincial de estadística de la provincia de Buenos Aires,INDEC,631774,-58.2766736023756,-34.7349477148207
221,1321,"06",Buenos Aires,"06154",Partido de Carlos Tejedor,Partido,Carlos Tejedor,Dirección provincial de estadística de la provincia de Buenos Aires,INDEC,14007,-62.4296273299374,-35.3795298201815
197,1277,"46",La Rioja,"46049",Departamento Famatina,Departamento,Famatina,Dirección general de estadística y censos de la provincia de La Rioja,INDEC,6984,-67.5599098637616,-28.69745679626
205,1429,"46",La Rioja,"46042",Departamento Chilecito,Departamento,Chilecito,Dirección general de estadística y censos de la provincia de La Rioja,INDEC,58681,-67.4286402279736,-29.3958522338109
206,1292,"06",Buenos Aires,"06168",Partido de Castelli,Partido,Castelli,Dirección provincial de estadística de la provincia de Buenos Aires,INDEC,9551,-57.6566230399315,-36.0415133183333
207,1351,"06",Buenos Aires,"06042",Partido de Ayacucho,Partido,Ayacucho,Dirección provincial de estadística de la provincia de Buenos Aires,INDEC,21757,-58.4426165362892,-37.0350463232326
211,1339,"06",Buenos Aires,"06161",Partido de Carmen de Areco,Partido,Carmen de Areco,Dirección provincial de estadística de la provincia de Buenos Aires,INDEC,17345,-59.8842731978578,-34.4065799107919
212,1494,"82",Santa Fe,"82063",Departamento La Capital,Departamento,La Capital,Instituto provincial de estadística y censos de la provincia de Santa Fe,INDEC,568259,-60.6694626217605,-31.475335269732
222,1037,"74",San Luis,"74028",Departamento Chacabuco,Departamento,Chacabuco,Dirección provincial de estadística y censos de la provincia de San Luis,INDEC,26522,-65.1966236261285,-32.7341276418064
208,1343,"06",Buenos Aires,"06532",Partido de Mercedes,Partido,Mercedes,Dirección provincial de estadística de la provincia de Buenos Aires,INDEC,71002,-59.420877321407,-34.6970791548185
213,1508,"42",La Pampa,"42154",Departamento Utracán,Departamento,Utracán,Dirección general de estadística y censos de la provincia de La Pampa,INDEC,17686,-65.0831248356264,-37.335386813768
214,1108,"46",La Rioja,"46035",Departamento Chamical,Departamento,Chamical,Dirección general de estadística y censos de la provincia de La Rioja,INDEC,15630,-65.9567299264966,-30.1675882015612
215,1372,"06",Buenos Aires,"06287",Partido de General Alvear,Partido,General Alvear,Dirección provincial de estadística de la provincia de Buenos Aires,INDEC,10150,-60.1331009832881,-36.0345434145652
223,1433,"82",Santa Fe,"82056",Departamento Iriondo,Departamento,Iriondo,Instituto provincial de estadística y censos de la provincia de Santa Fe,INDEC,73636,-61.2733859457697,-32.7060690478755
224,1245,"50",Mendoza,"50119",Departamento Tunuyán,Departamento,Tunuyán,Dirección de estadística e investigaciones económicas de la provincia de Mendoza,INDEC,59972,-69.5092888741105,-33.6244979432723
225,1394,"10",Catamarca,"10007",Departamento Ambato,Departamento,Ambato,Subsecretaría de estadística y censos de la provincia de Catamarca,INDEC,5087,-65.9227117047161,-28.01886946491
226,1040,"74",San Luis,"74021",Departamento Coronel Pringles,Departamento,Coronel Pringles,Dirección provincial de estadística y censos de la provincia de San Luis,INDEC,16044,-65.9195605139889,-33.1758223181776
209,1173,"14",Córdoba,"14084",Departamento Presidente Roque Sáenz Peña,Departamento,Presidente Roque Sáenz Peña,Dirección provincial de estadística y censos de la provincia de Córdoba,INDEC,37551,-63.4188202325299,-34.1405089156041
216,1207,"42",La Pampa,"42063",Departamento Chical Co,Departamento,Chical Co,Dirección general de estadística y censos de la provincia de La Pampa,INDEC,1461,-67.6935849120558,-36.4005026290824
217,1063,"06",Buenos Aires,"06280",Partido de General Alvarado,Partido,General Alvarado,Dirección provincial de estadística de la provincia de Buenos Aires,INDEC,45307,-58.0720049496621,-38.2029968189314
218,1290,"30",Entre Ríos,"30008",Departamento Colón,Departamento,Colón,Dirección general de estadística y censos de la provincia de Entre Ríos,INDEC,74890,-58.3700415908279,-32.0114644120812
219,1100,"50",Mendoza,"50112",Departamento Santa Rosa,Departamento,Santa Rosa,Dirección de estadística e investigaciones económicas de la provincia de Mendoza,INDEC,19379,-67.9632922817471,-33.6171577340405
227,1529,"06",Buenos Aires,"06035",Partido de Avellaneda,Partido,Avellaneda,Dirección provincial de estadística de la provincia de Buenos Aires,INDEC,366117,-58.3411179735253,-34.6775776483323
228,1554,"14",Córdoba,"14077",Departamento Pocho,Departamento,Pocho,Dirección provincial de estadística y censos de la provincia de Córdoba,INDEC,5070,-65.4342376780736,-31.4626626418906
210,1286,"50",Mendoza,"50007",Departamento Capital,Departamento,Capital,Dirección de estadística e investigaciones económicas de la provincia de Mendoza,INDEC,123715,-68.9121824697127,-32.8850539775222
220,1469,"02",Ciudad Autónoma de Buenos Aires,"02063",Comuna 9,Comuna,Comuna 9,Dirección general de estadística y censos del gobierno de la Ciudad de Buenos Aires,INDEC,167908,-58.4987574121948,-34.6516553740858
236,1485,"06",Buenos Aires,"06277",Partido de Florentino Ameghino,Partido,Florentino Ameghino,Dirección provincial de estadística de la provincia de Buenos Aires,INDEC,10759,-62.4015860351346,-34.8739815096566
237,1203,"34",Formosa,"34007",Departamento Bermejo,Departamento,Bermejo,"Dirección de estadística, censos y documentación de la provincia de Formosa",INDEC,15600,-61.2685594220241,-24.0296761644483
229,1256,"86",Santiago del Estero,"86084",Departamento Guasayán,Departamento,Guasayán,Dirección general de estadística y censos de la provincia de Santiago del Estero,INDEC,9251,-64.870889024595,-27.9722865663985
230,1368,"90",Tucumán,"90028",Departamento Famaillá,Departamento,Famaillá,Dirección de estadística de la provincia de Tucumán,INDEC,42669,-65.4719693900123,-26.9784737116178
231,1477,"06",Buenos Aires,"06070",Partido de Baradero,Partido,Baradero,Dirección provincial de estadística de la provincia de Buenos Aires,INDEC,39223,-59.4930468649115,-33.932420178372
232,1254,"06",Buenos Aires,"06399",Partido de Guaminí,Partido,Guaminí,Dirección provincial de estadística de la provincia de Buenos Aires,INDEC,11662,-62.4182095873268,-36.8907595508569
233,1249,"02",Ciudad Autónoma de Buenos Aires,"02056",Comuna 8,Comuna,Comuna 8,Dirección general de estadística y censos del gobierno de la Ciudad de Buenos Aires,INDEC,203888,-58.4617754106859,-34.6744412458723
234,1492,"90",Tucumán,"90021",Departamento Chicligasta,Departamento,Chicligasta,Dirección de estadística de la provincia de Tucumán,INDEC,92308,-65.8110580847585,-27.2696104222341
235,1364,"06",Buenos Aires,"06274",Partido de Florencio Varela,Partido,Florencio Varela,Dirección provincial de estadística de la provincia de Buenos Aires,INDEC,488103,-58.2587192777554,-34.8777849101082
257,1291,"30",Entre Ríos,"30113",Departamento Villaguay,Departamento,Villaguay,Dirección general de estadística y censos de la provincia de Entre Ríos,INDEC,55284,-59.0602585085671,-31.6472896132173
238,1174,"26",Chubut,"26091",Departamento Sarmiento,Departamento,Sarmiento,Dirección general de estadística y censos de la provincia del Chubut,INDEC,14477,-69.0028806642783,-45.345645321345
239,1185,"42",La Pampa,"42056",Departamento Chapaleufú,Departamento,Chapaleufú,Dirección general de estadística y censos de la provincia de La Pampa,INDEC,12277,-63.6595338570356,-35.2294618415477
240,1086,"86",Santiago del Estero,"86077",Departamento General Taboada,Departamento,General Taboada,Dirección general de estadística y censos de la provincia de Santiago del Estero,INDEC,46304,-62.3422473579923,-28.5663517371012
241,1075,"14",Córdoba,"14028",Departamento Cruz del Eje,Departamento,Cruz del Eje,Dirección provincial de estadística y censos de la provincia de Córdoba,INDEC,64748,-65.078159695741,-30.6562907953123
242,1114,"06",Buenos Aires,"06189",Partido de Coronel Dorrego,Partido,Coronel Dorrego,Dirección provincial de estadística de la provincia de Buenos Aires,INDEC,15795,-61.0953475949616,-38.671316802191
243,1219,"46",La Rioja,"46063",Departamento General Belgrano,Departamento,General Belgrano,Dirección general de estadística y censos de la provincia de La Rioja,INDEC,7615,-65.9327138792119,-30.5774033284566
314,1439,"46",La Rioja,"46112",Departamento Rosario Vera Peñaloza,Departamento,Rosario Vera Peñaloza,Dirección general de estadística y censos de la provincia de La Rioja,INDEC,15764,-66.6746580102181,-31.4224907082391
315,1518,"18",Corrientes,"18168",Departamento Santo Tomé,Departamento,Santo Tomé,Instituto provincial de estadística y ciencia de datos de la provincia de Corrientes,INDEC,71922,-56.2222607359345,-28.2312616111647
244,1380,"06",Buenos Aires,"06063",Partido de Balcarce,Partido,Balcarce,Dirección provincial de estadística de la provincia de Buenos Aires,INDEC,48516,-58.2719456787092,-37.7143503166224
245,1438,"14",Córdoba,"14021",Departamento Colón,Departamento,Colón,Dirección provincial de estadística y censos de la provincia de Córdoba,INDEC,294511,-64.1521552126795,-31.1442962586996
246,1395,"86",Santiago del Estero,"86070",Departamento Figueroa,Departamento,Figueroa,Dirección general de estadística y censos de la provincia de Santiago del Estero,INDEC,20246,-63.5656439589927,-27.3145015296404
247,1476,"06",Buenos Aires,"06182",Partido de Coronel de Marina Leonardo Rosales,Partido,Coronel de Marina Leonardo Rosales,Dirección provincial de estadística de la provincia de Buenos Aires,INDEC,65823,-61.834944526279,-38.8484292238593
248,1039,"74",San Luis,"74014",Departamento Belgrano,Departamento,Belgrano,Dirección provincial de estadística y censos de la provincia de San Luis,INDEC,5575,-66.7140552058762,-32.7793485871885
249,1414,"66",Salta,"66084",Departamento La Candelaria,Departamento,La Candelaria,Dirección general de estadísticas de la provincia de Salta,INDEC,7182,-65.1760178042456,-26.0848813893248
250,1155,"26",Chubut,"26084",Departamento Río Senguer,Departamento,Río Senguer,Dirección general de estadística y censos de la provincia del Chubut,INDEC,6347,-70.6401003812377,-45.3419536977209
251,1130,"14",Córdoba,"14147",Departamento Santa María,Departamento,Santa María,Dirección provincial de estadística y censos de la provincia de Córdoba,INDEC,139012,-64.3043941224503,-31.7128519548551
252,1437,"46",La Rioja,"46056",Departamento Ángel Vicente Peñaloza,Departamento,Ángel Vicente Peñaloza,Dirección general de estadística y censos de la provincia de La Rioja,INDEC,3184,-66.7483374507553,-30.3660534720894
253,1505,"54",Misiones,"54105",Departamento San Javier,Departamento,San Javier,Instituto provincial de estadística y censos de la provincia de Misiones,INDEC,23080,-55.171034227023,-27.7778280739145
254,1272,"90",Tucumán,"90014",Departamento Cruz Alta,Departamento,Cruz Alta,Dirección de estadística de la provincia de Tucumán,INDEC,227688,-64.9751629627572,-26.9182749184872
255,1134,"14",Córdoba,"14140",Departamento San Justo,Departamento,San Justo,Dirección provincial de estadística y censos de la provincia de Córdoba,INDEC,228951,-62.5275863755522,-31.2425820791656
316,1389,"06",Buenos Aires,"06238",Partido de Dolores,Partido,Dolores,Dirección provincial de estadística de la provincia de Buenos Aires,INDEC,31405,-57.6323677846189,-36.3985555474168
256,1233,"14",Córdoba,"14014",Departamento Capital,Departamento,Capital,Dirección provincial de estadística y censos de la provincia de Córdoba,INDEC,1498060,-64.1831997511982,-31.4170920351225
258,1533,"70",San Juan,"70028",Departamento Capital,Departamento,Capital,Instituto de investigaciones económicas y estadísticas de la provincia de San Juan,INDEC,114849,-68.5342676237353,-31.5330714607317
259,1032,"74",San Luis,"74049",Departamento Junín,Departamento,Junín,Dirección provincial de estadística y censos de la provincia de San Luis,INDEC,40289,-65.3923628667568,-32.2143784045418
260,1358,"06",Buenos Aires,"06175",Partido de Colón,Partido,Colón,Dirección provincial de estadística de la provincia de Buenos Aires,INDEC,27406,-61.0627095900884,-33.8860042043998
261,1163,"66",Salta,"66077",Departamento La Caldera,Departamento,La Caldera,Dirección general de estadísticas de la provincia de Salta,INDEC,12246,-65.4291113806459,-24.5623481348479
262,1539,"70",San Juan,"70021",Departamento Calingasta,Departamento,Calingasta,Instituto de investigaciones económicas y estadísticas de la provincia de San Juan,INDEC,10667,-69.8337920222881,-31.4534277746251
263,1516,"18",Corrientes,"18028",Departamento Concepción,Departamento,Concepción,Instituto provincial de estadística y ciencia de datos de la provincia de Corrientes,INDEC,26270,-58.031183392005,-28.4082464690351
264,1062,"06",Buenos Aires,"06056",Partido de Bahía Blanca,Partido,Bahía Blanca,Dirección provincial de estadística de la provincia de Buenos Aires,INDEC,334505,-62.1698708799514,-38.5842619958808
265,1035,"74",San Luis,"74042",Departamento Gobernador Dupuy,Departamento,Gobernador Dupuy,Dirección provincial de estadística y censos de la provincia de San Luis,INDEC,14334,-65.8334680374236,-35.3368654942556
266,1305,"10",Catamarca,"10112",Departamento Valle Viejo,Departamento,Valle Viejo,Subsecretaría de estadística y censos de la provincia de Catamarca,INDEC,33951,-65.707547040501,-28.5985500441232
267,1420,"50",Mendoza,"50098",Departamento San Martín,Departamento,San Martín,Dirección de estadística e investigaciones económicas de la provincia de Mendoza,INDEC,139406,-68.2866387918252,-32.9127795036352
268,1184,"66",Salta,"66070",Departamento Iruya,Departamento,Iruya,Dirección general de estadísticas de la provincia de Salta,INDEC,6116,-64.9205438797082,-22.8153519006701
269,1510,"18",Corrientes,"18147",Departamento San Martín,Departamento,San Martín,Instituto provincial de estadística y ciencia de datos de la provincia de Corrientes,INDEC,15164,-56.9310227672488,-28.8284908389362
270,1444,"18",Corrientes,"18021",Departamento Capital,Departamento,Capital,Instituto provincial de estadística y ciencia de datos de la provincia de Corrientes,INDEC,437446,-58.762553570672,-27.5222580355608
271,1550,"70",San Juan,"70133",Departamento Zonda,Departamento,Zonda,Instituto de investigaciones económicas y estadísticas de la provincia de San Juan,INDEC,6674,-68.9555734685784,-31.6381985302895
317,1111,"06",Buenos Aires,"06351",Partido de General Pinto,Partido,General Pinto,Dirección provincial de estadística de la provincia de Buenos Aires,INDEC,12842,-62.0399473888502,-34.6695503823218
318,1336,"38",Jujuy,"38021",Departamento Dr. Manuel Belgrano,Departamento,Dr. Manuel Belgrano,Dirección provincial de estadística y censos de la provincia de Jujuy,INDEC,319469,-65.4452503661173,-24.0879156617497
319,1440,"18",Corrientes,"18042",Departamento Empedrado,Departamento,Empedrado,Instituto provincial de estadística y ciencia de datos de la provincia de Corrientes,INDEC,17948,-58.6649279113031,-27.8959251129697
272,1460,"06",Buenos Aires,"06294",Partido de General Arenales,Partido,General Arenales,Dirección provincial de estadística de la provincia de Buenos Aires,INDEC,16231,-61.2833144823934,-34.2377213193377
273,1234,"50",Mendoza,"50091",Departamento San Carlos,Departamento,San Carlos,Dirección de estadística e investigaciones económicas de la provincia de Mendoza,INDEC,39752,-69.0987024739572,-34.0770811636563
274,1103,"26",Chubut,"26077",Departamento Rawson,Departamento,Rawson,Dirección general de estadística y censos de la provincia del Chubut,INDEC,144420,-65.0757133940163,-43.1373755035695
275,1445,"18",Corrientes,"18140",Departamento San Luis del Palmar,Departamento,San Luis del Palmar,Instituto provincial de estadística y ciencia de datos de la provincia de Corrientes,INDEC,21381,-58.2683772592699,-27.6018518661266
276,1489,"90",Tucumán,"90042",Departamento Juan Bautista Alberdi,Departamento,Juan Bautista Alberdi,Dirección de estadística de la provincia de Tucumán,INDEC,34745,-65.7799936717902,-27.6089168401458
277,1124,"06",Buenos Aires,"06126",Partido de Campana,Partido,Campana,Dirección provincial de estadística de la provincia de Buenos Aires,INDEC,107976,-58.8830019663599,-34.1382265243177
278,1548,"70",San Juan,"70014",Departamento Angaco,Departamento,Angaco,Instituto de investigaciones económicas y estadísticas de la provincia de San Juan,INDEC,10172,-68.1319670591144,-31.1922221233303
279,1487,"90",Tucumán,"90049",Departamento La Cocha,Departamento,La Cocha,Dirección de estadística de la provincia de Tucumán,INDEC,21196,-65.597838297784,-27.7940587767414
320,1264,"78",Santa Cruz,"78028",Departamento Lago Argentino,Departamento,Lago Argentino,Dirección provincial de estadística y censos de la provincia de Santa Cruz,INDEC,25384,-72.0659915178967,-49.8403064350441
280,1119,"46",La Rioja,"46007",Departamento Arauco,Departamento,Arauco,Dirección general de estadística y censos de la provincia de La Rioja,INDEC,16251,-66.7196937679505,-28.5326090649168
281,1453,"14",Córdoba,"14049",Departamento Ischilín,Departamento,Ischilín,Dirección provincial de estadística y censos de la provincia de Córdoba,INDEC,36023,-64.6099660809358,-30.3983532410596
282,1456,"14",Córdoba,"14133",Departamento San Javier,Departamento,San Javier,Dirección provincial de estadística y censos de la provincia de Córdoba,INDEC,62700,-65.1422170039877,-32.0761196018156
283,1152,"06",Buenos Aires,"06007",Partido de Adolfo Alsina,Partido,Adolfo Alsina,Dirección provincial de estadística de la provincia de Buenos Aires,INDEC,17344,-63.0560193275772,-37.1968189417681
284,1085,"86",Santiago del Estero,"86098",Departamento Juan Felipe Ibarra,Departamento,Juan Felipe Ibarra,Dirección general de estadística y censos de la provincia de Santiago del Estero,INDEC,20567,-62.5464037223906,-28.0383286362377
285,1522,"54",Misiones,"54007",Departamento Apóstoles,Departamento,Apóstoles,Instituto provincial de estadística y censos de la provincia de Misiones,INDEC,50503,-55.6788066233417,-27.8887293326854
286,1047,"30",Entre Ríos,"30098",Departamento Uruguay,Departamento,Uruguay,Dirección general de estadística y censos de la provincia de Entre Ríos,INDEC,115516,-58.5819453838812,-32.4502009887055
287,1475,"86",Santiago del Estero,"86091",Departamento Jiménez,Departamento,Jiménez,Dirección general de estadística y censos de la provincia de Santiago del Estero,INDEC,18622,-64.2714653716237,-26.9042330507944
288,1446,"18",Corrientes,"18133",Departamento San Cosme,Departamento,San Cosme,Instituto provincial de estadística y ciencia de datos de la provincia de Corrientes,INDEC,19679,-58.516609953244,-27.382096690929
289,1455,"14",Córdoba,"14042",Departamento General San Martín,Departamento,General San Martín,Dirección provincial de estadística y censos de la provincia de Córdoba,INDEC,152397,-63.2562552405894,-32.5143600870474
290,1033,"74",San Luis,"74035",Departamento General Pedernera,Departamento,General Pedernera,Dirección provincial de estadística y censos de la provincia de San Luis,INDEC,148671,-65.5401763240155,-33.9277381261096
291,1298,"30",Entre Ríos,"30091",Departamento Tala,Departamento,Tala,Dirección general de estadística y censos de la provincia de Entre Ríos,INDEC,31091,-59.2679203556891,-32.3167120816295
292,1528,"06",Buenos Aires,"06490",Partido de Lomas de Zamora,Partido,Lomas de Zamora,Dirección provincial de estadística de la provincia de Buenos Aires,INDEC,685644,-58.4239958891674,-34.7549338213244
321,1110,"18",Corrientes,"18049",Departamento Esquina,Departamento,Esquina,Instituto provincial de estadística y ciencia de datos de la provincia de Corrientes,INDEC,39168,-59.2384987230012,-29.9835386571972
293,1426,"46",La Rioja,"46126",Departamento Sanagasta,Departamento,Sanagasta,Dirección general de estadística y censos de la provincia de La Rioja,INDEC,2994,-67.0667245269846,-29.1579565325901
294,1454,"14",Córdoba,"14168",Departamento Totoral,Departamento,Totoral,Dirección provincial de estadística y censos de la provincia de Córdoba,INDEC,22473,-63.9843412457486,-30.7264577466642
295,1361,"06",Buenos Aires,"06364",Partido de General Rodríguez,Partido,General Rodríguez,Dirección provincial de estadística de la provincia de Buenos Aires,INDEC,142315,-58.9878940151315,-34.6502902126453
296,1448,"18",Corrientes,"18014",Departamento Berón de Astrada,Departamento,Berón de Astrada,Instituto provincial de estadística y ciencia de datos de la provincia de Corrientes,INDEC,2808,-57.611606070894,-27.4778595407427
297,1295,"10",Catamarca,"10098",Departamento Santa Rosa,Departamento,Santa Rosa,Subsecretaría de estadística y censos de la provincia de Catamarca,INDEC,13317,-65.3350839868826,-28.0812669293616
298,1354,"06",Buenos Aires,"06245",Partido de Ensenada,Partido,Ensenada,Dirección provincial de estadística de la provincia de Buenos Aires,INDEC,63978,-57.9788990912561,-34.8422421108099
299,1488,"90",Tucumán,"90035",Departamento Graneros,Departamento,Graneros,Dirección de estadística de la provincia de Tucumán,INDEC,15539,-65.2540829275797,-27.7127190277567
322,1391,"06",Buenos Aires,"06231",Partido de Daireaux,Partido,Daireaux,Dirección provincial de estadística de la provincia de Buenos Aires,INDEC,18328,-61.8909309513318,-36.6407473989019
323,1451,"26",Chubut,"26098",Departamento Tehuelches,Departamento,Tehuelches,Dirección general de estadística y censos de la provincia del Chubut,INDEC,5947,-70.5768147302052,-44.2002765777845
324,1514,"18",Corrientes,"18161",Departamento San Roque,Departamento,San Roque,Instituto provincial de estadística y ciencia de datos de la provincia de Corrientes,INDEC,22682,-58.6128553418634,-28.7058151393823
300,1310,"06",Buenos Aires,"06119",Partido de Brandsen,Partido,Brandsen,Dirección provincial de estadística de la provincia de Buenos Aires,INDEC,32350,-58.1759191411806,-35.2221654834725
301,1136,"14",Córdoba,"14161",Departamento Tercero Arriba,Departamento,Tercero Arriba,Dirección provincial de estadística y censos de la provincia de Córdoba,INDEC,120207,-63.780169005166,-32.2876651691458
302,1540,"70",San Juan,"70049",Departamento Iglesia,Departamento,Iglesia,Instituto de investigaciones económicas y estadísticas de la provincia de San Juan,INDEC,8826,-69.4378643280694,-29.6065128854156
303,1161,"14",Córdoba,"14035",Departamento General Roca,Departamento,General Roca,Dirección provincial de estadística y censos de la provincia de Córdoba,INDEC,36064,-64.3730235919252,-34.623130685018
304,1318,"06",Buenos Aires,"06112",Partido de Bragado,Partido,Bragado,Dirección provincial de estadística de la provincia de Buenos Aires,INDEC,46227,-60.6042456051856,-35.0612308851238
305,1279,"10",Catamarca,"10091",Departamento Santa María,Departamento,Santa María,Subsecretaría de estadística y censos de la provincia de Catamarca,INDEC,26822,-66.2611849689597,-26.7727558058143
306,1095,"66",Salta,"66098",Departamento La Viña,Departamento,La Viña,Dirección general de estadísticas de la provincia de Salta,INDEC,8888,-65.5805841023937,-25.4471893885176
325,1315,"46",La Rioja,"46028",Departamento General Felipe Varela,Departamento,General Felipe Varela,Dirección general de estadística y censos de la provincia de La Rioja,INDEC,11371,-68.3290722500382,-29.4497573089757
326,1156,"06",Buenos Aires,"06392",Partido de General Villegas,Partido,General Villegas,Dirección provincial de estadística de la provincia de Buenos Aires,INDEC,35055,-62.9541004519153,-34.7702528101113
327,1496,"54",Misiones,"54119",Departamento 25 de Mayo,Departamento,25 de Mayo,Instituto provincial de estadística y censos de la provincia de Misiones,INDEC,30877,-54.6344206886173,-27.3786910281094
307,1442,"46",La Rioja,"46119",Departamento San Blas de Los Sauces,Departamento,San Blas de Los Sauces,Dirección general de estadística y censos de la provincia de La Rioja,INDEC,4306,-67.1589337695193,-28.5432596645295
308,1371,"06",Buenos Aires,"06483",Partido de Lobos,Partido,Lobos,Dirección provincial de estadística de la provincia de Buenos Aires,INDEC,41418,-59.145973545039,-35.2194769468545
309,1064,"06",Buenos Aires,"06357",Partido de General Pueyrredón,Partido,General Pueyrredón,Dirección provincial de estadística de la provincia de Buenos Aires,INDEC,660569,-57.7429667860173,-37.9657865379719
328,1244,"78",Santa Cruz,"78021",Departamento Güer Aike,Departamento,Güer Aike,Dirección provincial de estadística y censos de la provincia de Santa Cruz,INDEC,137309,-70.5634296412187,-51.4133858362001
329,1536,"70",San Juan,"70035",Departamento Caucete,Departamento,Caucete,Instituto de investigaciones económicas y estadísticas de la provincia de San Juan,INDEC,44017,-67.5452390698117,-31.5065211306114
330,1296,"06",Buenos Aires,"06028",Partido de Almirante Brown,Partido,Almirante Brown,Dirección provincial de estadística de la provincia de Buenos Aires,INDEC,583209,-58.3675121984855,-34.8356525164219
331,1334,"06",Buenos Aires,"06140",Partido de Capitán Sarmiento,Partido,Capitán Sarmiento,Dirección provincial de estadística de la provincia de Buenos Aires,INDEC,15882,-59.8551587488601,-34.14978473107
337,1424,"46",La Rioja,"46021",Departamento Castro Barros,Departamento,Castro Barros,Dirección general de estadística y censos de la provincia de La Rioja,INDEC,5810,-66.9194418941026,-28.8593755150351
338,1129,"54",Misiones,"54112",Departamento San Pedro,Departamento,San Pedro,Instituto provincial de estadística y censos de la provincia de Misiones,INDEC,34690,-53.9668887564621,-26.6382896245454
310,1545,"70",San Juan,"70042",Departamento Chimbas,Departamento,Chimbas,Instituto de investigaciones económicas y estadísticas de la provincia de San Juan,INDEC,103772,-68.521759485918,-31.487936921039
311,1382,"90",Tucumán,"90105",Departamento Tafí Viejo,Departamento,Tafí Viejo,Dirección de estadística de la provincia de Tucumán,INDEC,172877,-65.4639919456955,-26.6601750177707
312,1484,"38",Jujuy,"38028",Departamento Humahuaca,Departamento,Humahuaca,Dirección provincial de estadística y censos de la provincia de Jujuy,INDEC,20877,-65.4095154502966,-23.0819992824977
313,1285,"66",Salta,"66091",Departamento La Poma,Departamento,La Poma,Dirección general de estadísticas de la provincia de Salta,INDEC,1789,-66.2072987675671,-24.1469715091742
339,1246,"50",Mendoza,"50063",Departamento Luján de Cuyo,Departamento,Luján de Cuyo,Dirección de estadística e investigaciones económicas de la provincia de Mendoza,INDEC,171883,-69.4435459652798,-33.0367515522904
340,1317,"06",Buenos Aires,"06021",Partido de Alberti,Partido,Alberti,Dirección provincial de estadística de la provincia de Buenos Aires,INDEC,12906,-60.2819286793888,-35.0370321606793
341,1398,"06",Buenos Aires,"06476",Partido de Lobería,Partido,Lobería,Dirección provincial de estadística de la provincia de Buenos Aires,INDEC,18106,-58.6936616117962,-38.0901015959018
342,1436,"18",Corrientes,"18154",Departamento San Miguel,Departamento,San Miguel,Instituto provincial de estadística y ciencia de datos de la provincia de Corrientes,INDEC,12700,-57.4098088625066,-27.8756023009082
332,1329,"06",Buenos Aires,"06595",Partido de Olavarría,Partido,Olavarría,Dirección provincial de estadística de la provincia de Buenos Aires,INDEC,122011,-60.6702916446708,-36.8567999980332
333,1259,"14",Córdoba,"14154",Departamento Sobremonte,Departamento,Sobremonte,Dirección provincial de estadística y censos de la provincia de Córdoba,INDEC,4381,-64.1425061830275,-29.7648425263664
334,1177,"62",Río Negro,"62007",Departamento Adolfo Alsina,Departamento,Adolfo Alsina,Dirección de estadística y censos de la provincia de Río Negro,INDEC,63845,-63.7658833184595,-40.7908044365412
335,1331,"06",Buenos Aires,"06270",Partido de Ezeiza,Partido,Ezeiza,Dirección provincial de estadística de la provincia de Buenos Aires,INDEC,198620,-58.5648436164052,-34.8757066218937
336,1314,"06",Buenos Aires,"06147",Partido de Carlos Casares,Partido,Carlos Casares,Dirección provincial de estadística de la provincia de Buenos Aires,INDEC,22905,-61.3737715457293,-35.7495733682653
364,1348,"10",Catamarca,"10063",Departamento Fray Mamerto Esquiú,Departamento,Fray Mamerto Esquiú,Subsecretaría de estadística y censos de la provincia de Catamarca,INDEC,14624,-65.731054532061,-28.3327848685669
365,1345,"06",Buenos Aires,"06497",Partido de Luján,Partido,Luján,Dirección provincial de estadística de la provincia de Buenos Aires,INDEC,110111,-59.1585372315406,-34.5677169583541
366,1043,"30",Entre Ríos,"30056",Departamento Gualeguaychú,Departamento,Gualeguaychú,Dirección general de estadística y censos de la provincia de Entre Ríos,INDEC,125176,-58.7876162181079,-33.0207770494268
367,1379,"90",Tucumán,"90119",Departamento Yerba Buena,Departamento,Yerba Buena,Dirección de estadística de la provincia de Tucumán,INDEC,102589,-65.3447220184542,-26.7863815503338
368,1104,"50",Mendoza,"50084",Departamento Rivadavia,Departamento,Rivadavia,Dirección de estadística e investigaciones económicas de la provincia de Mendoza,INDEC,63589,-68.603406861976,-33.4178865228115
369,1180,"62",Río Negro,"62021",Departamento Bariloche,Departamento,Bariloche,Dirección de estadística y censos de la provincia de Río Negro,INDEC,161443,-71.5302926676861,-41.4998533610662
343,1281,"06",Buenos Aires,"06385",Partido de General Viamonte,Partido,General Viamonte,Dirección provincial de estadística de la provincia de Buenos Aires,INDEC,22530,-61.0503405004797,-34.9976888651804
344,1250,"78",Santa Cruz,"78014",Departamento Deseado,Departamento,Deseado,Dirección provincial de estadística y censos de la provincia de Santa Cruz,INDEC,126266,-68.0311051970916,-47.3312252903197
345,1123,"38",Jujuy,"38014",Departamento El Carmen,Departamento,El Carmen,Dirección provincial de estadística y censos de la provincia de Jujuy,INDEC,122259,-65.1012236540275,-24.4475374819313
346,1553,"18",Corrientes,"18035",Departamento Curuzú Cuatiá,Departamento,Curuzú Cuatiá,Instituto provincial de estadística y ciencia de datos de la provincia de Corrientes,INDEC,51489,-58.3244558853343,-29.6954909152652
347,1341,"06",Buenos Aires,"06266",Partido de Exaltación de la Cruz,Partido,Exaltación de la Cruz,Dirección provincial de estadística de la provincia de Buenos Aires,INDEC,40036,-59.1559152278651,-34.2952146307723
370,1338,"34",Formosa,"34063",Departamento Ramón Lista,Departamento,Ramón Lista,"Dirección de estadística, censos y documentación de la provincia de Formosa",INDEC,17678,-62.12216779115,-23.1318927630611
371,1232,"78",Santa Cruz,"78035",Departamento Lago Buenos Aires,Departamento,Lago Buenos Aires,Dirección provincial de estadística y censos de la provincia de Santa Cruz,INDEC,12584,-70.6373365423059,-46.8386459625326
372,1384,"90",Tucumán,"90112",Departamento Trancas,Departamento,Trancas,Dirección de estadística de la provincia de Tucumán,INDEC,23438,-65.4058270843225,-26.3434055279552
373,1483,"38",Jujuy,"38035",Departamento Ledesma,Departamento,Ledesma,Dirección provincial de estadística y censos de la provincia de Jujuy,INDEC,94132,-64.8262545591943,-23.7840820199706
374,1537,"70",San Juan,"70126",Departamento 25 de Mayo,Departamento,25 de Mayo,Instituto de investigaciones económicas y estadísticas de la provincia de San Juan,INDEC,20824,-67.8275174500209,-31.9896423064281
375,1408,"10",Catamarca,"10056",Departamento El Alto,Departamento,El Alto,Subsecretaría de estadística y censos de la provincia de Catamarca,INDEC,4375,-65.3601904037958,-28.4302862545492
376,1241,"62",Río Negro,"62014",Departamento Avellaneda,Departamento,Avellaneda,Dirección de estadística y censos de la provincia de Río Negro,INDEC,41160,-66.1939019412682,-39.405703550976
377,1547,"70",San Juan,"70007",Departamento Albardón,Departamento,Albardón,Instituto de investigaciones económicas y estadísticas de la provincia de San Juan,INDEC,31281,-68.4523614723327,-31.2105387667741
378,1142,"34",Formosa,"34056",Departamento Pirané,Departamento,Pirané,"Dirección de estadística, censos y documentación de la provincia de Formosa",INDEC,72560,-59.1691163369074,-25.7607933089502
379,1048,"30",Entre Ríos,"30084",Departamento Paraná,Departamento,Paraná,Dirección general de estadística y censos de la provincia de Entre Ríos,INDEC,388716,-60.042698890776,-31.695666462583
380,1517,"18",Corrientes,"18007",Departamento Bella Vista,Departamento,Bella Vista,Instituto provincial de estadística y ciencia de datos de la provincia de Corrientes,INDEC,44369,-58.9304840142726,-28.4971454578339
381,1293,"30",Entre Ríos,"30088",Departamento San Salvador,Departamento,San Salvador,Dirección general de estadística y censos de la provincia de Entre Ríos,INDEC,20786,-58.487308356883,-31.5771537437737
382,1542,"70",San Juan,"70119",Departamento Valle Fértil,Departamento,Valle Fértil,Instituto de investigaciones económicas y estadísticas de la provincia de San Juan,INDEC,8425,-67.5275508610179,-30.7170800336768
383,1519,"18",Corrientes,"18126",Departamento Saladas,Departamento,Saladas,Instituto provincial de estadística y ciencia de datos de la provincia de Corrientes,INDEC,29126,-58.6201815394875,-28.2124564384338
384,1235,"50",Mendoza,"50077",Departamento Malargüe,Departamento,Malargüe,Dirección de estadística e investigaciones económicas de la provincia de Mendoza,INDEC,32596,-69.3128952209114,-36.1588436737884
385,1416,"50",Mendoza,"50070",Departamento Maipú,Departamento,Maipú,Dirección de estadística e investigaciones económicas de la provincia de Mendoza,INDEC,218887,-68.6603827067641,-32.9900349923266
386,1551,"70",San Juan,"70112",Departamento Ullum,Departamento,Ullum,Instituto de investigaciones económicas y estadísticas de la provincia de San Juan,INDEC,6454,-68.881580891597,-31.0904616208577
387,1201,"38",Jujuy,"38105",Departamento Valle Grande,Departamento,Valle Grande,Dirección provincial de estadística y censos de la provincia de Jujuy,INDEC,2490,-65.0120926501215,-23.4665839035154
388,1511,"18",Corrientes,"18119",Departamento Paso de los Libres,Departamento,Paso de los Libres,Instituto provincial de estadística y ciencia de datos de la provincia de Corrientes,INDEC,56778,-57.2997570710011,-29.593027886647
389,1388,"10",Catamarca,"10084",Departamento Pomán,Departamento,Pomán,Subsecretaría de estadística y censos de la provincia de Catamarca,INDEC,12219,-66.3892407757337,-28.232272929541
390,1297,"30",Entre Ríos,"30077",Departamento Nogoyá,Departamento,Nogoyá,Dirección general de estadística y censos de la provincia de Entre Ríos,INDEC,42954,-59.7700583102011,-32.2186929803708
391,1109,"18",Corrientes,"18112",Departamento Monte Caseros,Departamento,Monte Caseros,Instituto provincial de estadística y ciencia de datos de la provincia de Corrientes,INDEC,45602,-57.8702379221385,-30.2286761825245
392,1301,"30",Entre Ríos,"30070",Departamento La Paz,Departamento,La Paz,Dirección general de estadística y censos de la provincia de Entre Ríos,INDEC,75271,-59.5007680729528,-30.8974964006038
393,1495,"54",Misiones,"54063",Departamento Iguazú,Departamento,Iguazú,Instituto provincial de estadística y censos de la provincia de Misiones,INDEC,99838,-54.4003073946953,-25.8744484653096
394,1407,"10",Catamarca,"10077",Departamento Paclín,Departamento,Paclín,Subsecretaría de estadística y censos de la provincia de Catamarca,INDEC,4696,-65.6741655989298,-28.109763432386
395,1385,"90",Tucumán,"90098",Departamento Tafí del Valle,Departamento,Tafí del Valle,Dirección de estadística de la provincia de Tucumán,INDEC,22382,-65.8893879128573,-26.5914134776341
396,1271,"10",Catamarca,"10070",Departamento La Paz,Departamento,La Paz,Subsecretaría de estadística y censos de la provincia de Catamarca,INDEC,26341,-65.1921610063481,-29.3952591512775
397,1255,"38",Jujuy,"38007",Departamento Cochinoca,Departamento,Cochinoca,Dirección provincial de estadística y censos de la provincia de Jujuy,INDEC,14998,-65.9347212290787,-22.9391972893866
348,1538,"70",San Juan,"70105",Departamento Sarmiento,Departamento,Sarmiento,Instituto de investigaciones económicas y estadísticas de la provincia de San Juan,INDEC,27188,-68.6906460871745,-32.0738047284636
349,1239,"46",La Rioja,"46014",Departamento Capital,Departamento,Capital,Dirección general de estadística y censos de la provincia de La Rioja,INDEC,210507,-66.3529699389314,-29.4602237132364
350,1560,"18",Corrientes,"18105",Departamento Mercedes,Departamento,Mercedes,Instituto provincial de estadística y ciencia de datos de la provincia de Corrientes,INDEC,49807,-57.818188460018,-29.0642859080433
351,1332,"06",Buenos Aires,"06260",Partido de Esteban Echeverría,Partido,Esteban Echeverría,Dirección provincial de estadística de la provincia de Buenos Aires,INDEC,337880,-58.4769613881034,-34.831185187317
352,1366,"06",Buenos Aires,"06134",Partido de Cañuelas,Partido,Cañuelas,Dirección provincial de estadística de la provincia de Buenos Aires,INDEC,70542,-58.6908331960537,-35.145086586125
353,1044,"30",Entre Ríos,"30063",Departamento Islas del Ibicuy,Departamento,Islas del Ibicuy,Dirección general de estadística y censos de la provincia de Entre Ríos,INDEC,13984,-58.935473517157,-33.6236472362388
354,1337,"38",Jujuy,"38049",Departamento Rinconada,Departamento,Rinconada,Dirección provincial de estadística y censos de la provincia de Jujuy,INDEC,1797,-66.5415584209175,-22.6214423848054
355,1267,"50",Mendoza,"50056",Departamento Lavalle,Departamento,Lavalle,Dirección de estadística e investigaciones económicas de la provincia de Mendoza,INDEC,47086,-67.8998527433256,-32.5737903597925
356,1061,"06",Buenos Aires,"06014",Partido de Adolfo Gonzales Chaves,Partido,Adolfo Gonzales Chaves,Dirección provincial de estadística de la provincia de Buenos Aires,INDEC,12847,-60.2488314473059,-37.9644008584699
398,1491,"90",Tucumán,"90091",Departamento Simoca,Departamento,Simoca,Dirección de estadística de la provincia de Tucumán,INDEC,36946,-65.2938348782675,-27.4232231814556
357,1352,"06",Buenos Aires,"06371",Partido General San Martín,Partido,General San Martín,Dirección provincial de estadística de la provincia de Buenos Aires,INDEC,444503,-58.5640621982154,-34.5528484506235
358,1383,"90",Tucumán,"90007",Departamento Burruyacú,Departamento,Burruyacú,Dirección de estadística de la provincia de Tucumán,INDEC,45459,-64.819454475534,-26.5310982898901
359,1248,"78",Santa Cruz,"78049",Departamento Río Chico,Departamento,Río Chico,Dirección provincial de estadística y censos de la provincia de Santa Cruz,INDEC,6271,-71.1167269606762,-48.2937983229956
360,1194,"38",Jujuy,"38042",Departamento Palpalá,Departamento,Palpalá,Dirección provincial de estadística y censos de la provincia de Jujuy,INDEC,65522,-65.1264435141375,-24.1949195945344
361,1052,"06",Buenos Aires,"06252",Partido de Escobar,Partido,Escobar,Dirección provincial de estadística de la provincia de Buenos Aires,INDEC,256071,-58.7712188751379,-34.3287256666487
362,1117,"78",Santa Cruz,"78042",Departamento Magallanes,Departamento,Magallanes,Dirección provincial de estadística y censos de la provincia de Santa Cruz,INDEC,12828,-68.469458257248,-48.8387018672493
363,1101,"62",Río Negro,"62028",Departamento Conesa,Departamento,Conesa,Dirección de estadística y censos de la provincia de Río Negro,INDEC,7398,-64.3040323874993,-40.1507730829464
399,1441,"46",La Rioja,"46091",Departamento General San Martín,Departamento,General San Martín,Dirección general de estadística y censos de la provincia de La Rioja,INDEC,5017,-66.1462701184961,-31.641293165212
400,1474,"54",Misiones,"54056",Departamento Guaraní,Departamento,Guaraní,Instituto provincial de estadística y censos de la provincia de Misiones,INDEC,77075,-54.2693293547592,-27.0257703324281
401,1078,"06",Buenos Aires,"06091",Partido de Berazategui,Partido,Berazategui,Dirección provincial de estadística de la provincia de Buenos Aires,INDEC,358328,-58.1552592421045,-34.8180308024994
402,1118,"78",Santa Cruz,"78007",Departamento Corpen Aike,Departamento,Corpen Aike,Dirección provincial de estadística y censos de la provincia de Santa Cruz,INDEC,15035,-69.4483857236582,-49.947904760969
403,1138,"14",Córdoba,"14098",Departamento Río Cuarto,Departamento,Río Cuarto,Dirección provincial de estadística y censos de la provincia de Córdoba,INDEC,277979,-64.4932013866555,-33.3306719067028
405,1558,"70",San Juan,"70091",Departamento San Martín,Departamento,San Martín,Instituto de investigaciones económicas y estadísticas de la provincia de San Juan,INDEC,15037,-68.2072924003997,-31.5285477914215
406,1190,"34",Formosa,"34028",Departamento Matacos,Departamento,Matacos,"Dirección de estadística, censos y documentación de la provincia de Formosa",INDEC,17017,-62.0547921980083,-23.8600868718671
407,1543,"70",San Juan,"70098",Departamento Santa Lucía,Departamento,Santa Lucía,Instituto de investigaciones económicas y estadísticas de la provincia de San Juan,INDEC,62697,-68.4634042271119,-31.5327321256174
408,1260,"94","Tierra del Fuego, Antártida e Islas del Atlántico Sur","94008",Departamento Río Grande,Departamento,Río Grande,"Instituto provincial de análisis e investigación, estadística y censos de la provincia de Tierra del Fuego, Antártida e Islas del Atlántico Sur",INDEC,98922,-68.1346594491732,-53.7476745319363
409,1141,"34",Formosa,"34021",Departamento Laishi,Departamento,Laishi,"Dirección de estadística, censos y documentación de la provincia de Formosa",INDEC,19275,-58.5636056650533,-26.4640930628775
451,1268,"22",Chaco,"22007",Departamento Almirante Brown,Departamento,Almirante Brown,Dirección provincial de información estadística y territorial de la provincia del Chaco,INDEC,37794,-61.9595006914222,-25.7461745210015
410,1520,"18",Corrientes,"18098",Departamento Mburucuyá,Departamento,Mburucuyá,Instituto provincial de estadística y ciencia de datos de la provincia de Corrientes,INDEC,11541,-58.1852471814495,-28.0164834854065
411,1357,"06",Buenos Aires,"06084",Partido de Benito Juárez,Partido,Benito Juárez,Dirección provincial de estadística de la provincia de Buenos Aires,INDEC,21185,-59.8883304519762,-37.5857494403333
412,1088,"54",Misiones,"54084",Departamento Montecarlo,Departamento,Montecarlo,Instituto provincial de estadística y censos de la provincia de Misiones,INDEC,38620,-54.5661262109367,-26.6585892017917
413,1107,"06",Buenos Aires,"06196",Partido de Coronel Pringles,Partido,Coronel Pringles,Dirección provincial de estadística de la provincia de Buenos Aires,INDEC,24110,-61.264535142179,-38.1475476766631
414,1427,"46",La Rioja,"46070",Departamento General Juan Facundo Quiroga,Departamento,General Juan Facundo Quiroga,Dirección general de estadística y censos de la provincia de La Rioja,INDEC,4013,-66.8151851167545,-30.8506158595868
415,1449,"34",Formosa,"34014",Departamento Formosa,Departamento,Formosa,"Dirección de estadística, censos y documentación de la provincia de Formosa",INDEC,268572,-58.3746773578775,-25.9385466285247
416,1125,"46",La Rioja,"46077",Departamento General Lamadrid,Departamento,General Lamadrid,Dirección general de estadística y censos de la provincia de La Rioja,INDEC,1885,-68.6975710488178,-28.7910624310499
417,1333,"06",Buenos Aires,"06077",Partido de Arrecifes,Partido,Arrecifes,Dirección provincial de estadística de la provincia de Buenos Aires,INDEC,32077,-60.0628836532763,-34.0115251188489
418,1198,"38",Jujuy,"38112",Departamento Yavi,Departamento,Yavi,Dirección provincial de estadística y censos de la provincia de Jujuy,INDEC,25831,-65.566754313733,-22.2906309677313
419,1472,"54",Misiones,"54077",Departamento Libertador General San Martín,Departamento,Libertador General San Martín,Instituto provincial de estadística y censos de la provincia de Misiones,INDEC,52166,-54.9233645928387,-26.89314032996
420,1283,"54",Misiones,"54070",Departamento Leandro N. Alem,Departamento,Leandro N. Alem,Instituto provincial de estadística y censos de la provincia de Misiones,INDEC,49391,-55.3894739171507,-27.6304902876793
421,1311,"06",Buenos Aires,"06728",Partido de San Andrés de Giles,Partido,San Andrés de Giles,Dirección provincial de estadística de la provincia de Buenos Aires,INDEC,26399,-59.4734119564852,-34.4376976885415
454,1158,"58",Neuquén,"58014",Departamento Añelo,Departamento,Añelo,Dirección provincial de estadística y censos de la provincia del Neuquén,INDEC,18150,-69.0156361199323,-38.0990509952659
455,1369,"90",Tucumán,"90084",Departamento Capital,Departamento,Capital,Dirección de estadística de la provincia de Tucumán,INDEC,587289,-65.2173261714208,-26.8334469219647
427,1363,"06",Buenos Aires,"06840",Partido de Tres de Febrero,Partido,Tres de Febrero,Dirección provincial de estadística de la provincia de Buenos Aires,INDEC,362319,-58.5787566890101,-34.5963014053742
428,1378,"90",Tucumán,"90063",Departamento Lules,Departamento,Lules,Dirección de estadística de la provincia de Tucumán,INDEC,93464,-65.4314707600774,-26.8627414520591
429,1465,"54",Misiones,"54021",Departamento Candelaria,Departamento,Candelaria,Instituto provincial de estadística y censos de la provincia de Misiones,INDEC,34945,-55.5839649937024,-27.4613376985517
430,1140,"34",Formosa,"34042",Departamento Pilagás,Departamento,Pilagás,"Dirección de estadística, censos y documentación de la provincia de Formosa",INDEC,19089,-58.6649036379137,-25.1050067349297
431,1512,"18",Corrientes,"18070",Departamento Goya,Departamento,Goya,Instituto provincial de estadística y ciencia de datos de la provincia de Corrientes,INDEC,106223,-59.2557902696764,-29.4513415059691
432,1113,"06",Buenos Aires,"06833",Partido de Tres Arroyos,Partido,Tres Arroyos,Dirección provincial de estadística de la provincia de Buenos Aires,INDEC,61889,-60.2375777848347,-38.5124181477436
433,1359,"90",Tucumán,"90056",Departamento Leales,Departamento,Leales,Dirección de estadística de la provincia de Tucumán,INDEC,66352,-65.0848879734868,-27.1918404986754
456,1128,"54",Misiones,"54042",Departamento Eldorado,Departamento,Eldorado,Instituto provincial de estadística y censos de la provincia de Misiones,INDEC,91133,-54.4422390934254,-26.3145953681445
434,1284,"86",Santiago del Estero,"86105",Departamento Loreto,Departamento,Loreto,Dirección general de estadística y censos de la provincia de Santiago del Estero,INDEC,24047,-64.3083999936834,-28.6070712832638
435,1127,"62",Río Negro,"62077",Departamento San Antonio,Departamento,San Antonio,Dirección de estadística y censos de la provincia de Río Negro,INDEC,35473,-65.3716207070499,-40.9568049424691
436,1202,"34",Formosa,"34035",Departamento Patiño,Departamento,Patiño,"Dirección de estadística, censos y documentación de la provincia de Formosa",INDEC,81600,-59.9773503576345,-24.8634003387411
437,1340,"06",Buenos Aires,"06714",Partido de Salto,Partido,Salto,Dirección provincial de estadística de la provincia de Buenos Aires,INDEC,39257,-60.3051434664965,-34.2710650955052
438,1313,"38",Jujuy,"38098",Departamento Tumbaya,Departamento,Tumbaya,Dirección provincial de estadística y censos de la provincia de Jujuy,INDEC,5298,-65.6961973646196,-23.7434620689739
439,1546,"70",San Juan,"70063",Departamento 9 de Julio,Departamento,9 de Julio,Instituto de investigaciones económicas y estadísticas de la provincia de San Juan,INDEC,12498,-68.3890268415381,-31.6457803957172
440,1238,"46",La Rioja,"46098",Departamento Vinchina,Departamento,Vinchina,Dirección general de estadística y censos de la provincia de La Rioja,INDEC,2695,-68.5260175654218,-28.3170164477261
457,1515,"18",Corrientes,"18056",Departamento General Alvear,Departamento,General Alvear,Instituto provincial de estadística y ciencia de datos de la provincia de Corrientes,INDEC,9051,-56.5116829781109,-28.7754480738081
458,1473,"54",Misiones,"54049",Departamento General Manuel Belgrano,Departamento,General Manuel Belgrano,Instituto provincial de estadística y censos de la provincia de Misiones,INDEC,45456,-53.9605290087068,-25.9895133618585
459,1150,"26",Chubut,"26105",Departamento Telsen,Departamento,Telsen,Dirección general de estadística y censos de la provincia del Chubut,INDEC,1608,-67.1765964517007,-42.4391818567957
441,1399,"06",Buenos Aires,"06098",Partido de Berisso,Partido,Berisso,Dirección provincial de estadística de la provincia de Buenos Aires,INDEC,100685,-57.8286965745504,-34.9092492170991
442,1151,"62",Río Negro,"62070",Departamento Pilcaniyeu,Departamento,Pilcaniyeu,Dirección de estadística y censos de la provincia de Río Negro,INDEC,9309,-70.4453528745021,-40.8835097973534
443,1270,"58",Neuquén,"58028",Departamento Collón Curá,Departamento,Collón Curá,Dirección provincial de estadística y censos de la provincia del Neuquén,INDEC,4832,-70.2813892797973,-40.05286804157
444,1468,"54",Misiones,"54014",Departamento Cainguás,Departamento,Cainguás,Instituto provincial de estadística y censos de la provincia de Misiones,INDEC,59875,-54.8024342333554,-27.1476929482353
445,1236,"58",Neuquén,"58021",Departamento Catán Lil,Departamento,Catán Lil,Dirección provincial de estadística y censos de la provincia del Neuquén,INDEC,2641,-70.4335686139389,-39.4808149767184
446,1541,"70",San Juan,"70056",Departamento Jáchal,Departamento,Jáchal,Instituto de investigaciones económicas y estadísticas de la provincia de San Juan,INDEC,25269,-68.4411576883472,-30.355161905529
476,1145,"62",Río Negro,"62049",Departamento 9 de Julio,Departamento,9 de Julio,Dirección de estadística y censos de la provincia de Río Negro,INDEC,3682,-67.4607824662503,-40.9020107898509
477,1544,"70",San Juan,"70077",Departamento Rawson,Departamento,Rawson,Instituto de investigaciones económicas y estadísticas de la provincia de San Juan,INDEC,136582,-68.4675211199099,-31.6865900223109
447,1066,"06",Buenos Aires,"06868",Partido de Villa Gesell,Partido,Villa Gesell,Dirección provincial de estadística de la provincia de Buenos Aires,INDEC,37325,-57.0623732933941,-37.3654591968999
448,1506,"18",Corrientes,"18063",Departamento General Paz,Departamento,General Paz,Instituto provincial de estadística y ciencia de datos de la provincia de Corrientes,INDEC,17016,-57.7878392831364,-27.7200892698335
449,1112,"06",Buenos Aires,"06742",Partido de San Cayetano,Partido,San Cayetano,Dirección provincial de estadística de la provincia de Buenos Aires,INDEC,8918,-59.586488416618,-38.3893058293041
450,1557,"06",Buenos Aires,"06749",Partido de San Fernando,Partido,San Fernando,Dirección provincial de estadística de la provincia de Buenos Aires,INDEC,171099,-58.5459341389209,-34.1516207999871
478,1210,"22",Chaco,"22119",Departamento Presidencia de la Plaza,Departamento,Presidencia de la Plaza,Dirección provincial de información estadística y territorial de la provincia del Chaco,INDEC,13938,-59.7752167273872,-27.0455174291118
479,1419,"18",Corrientes,"18084",Departamento Ituzaingó,Departamento,Ituzaingó,Instituto provincial de estadística y ciencia de datos de la provincia de Corrientes,INDEC,38767,-56.7902162660468,-27.9120443192698
480,1242,"62",Río Negro,"62042",Departamento General Roca,Departamento,General Roca,Dirección de estadística y censos de la provincia de Río Negro,INDEC,379627,-67.555192486493,-38.5315651826276
452,1071,"06",Buenos Aires,"06861",Partido de Vicente López,Partido,Vicente López,Dirección provincial de estadística de la provincia de Buenos Aires,INDEC,280541,-58.5044361767967,-34.5268031885915
453,1509,"18",Corrientes,"18175",Departamento Sauce,Departamento,Sauce,Instituto provincial de estadística y ciencia de datos de la provincia de Corrientes,INDEC,10382,-58.7935676859713,-30.0019166815253
460,1324,"06",Buenos Aires,"06609",Partido de Pehuajó,Partido,Pehuajó,Dirección provincial de estadística de la provincia de Buenos Aires,INDEC,44594,-61.9270718088444,-35.8833150933098
461,1513,"18",Corrientes,"18091",Departamento Lavalle,Departamento,Lavalle,Instituto provincial de estadística y ciencia de datos de la provincia de Corrientes,INDEC,40406,-58.9336416781914,-28.988032616335
462,1322,"06",Buenos Aires,"06854",Partido de 25 de Mayo,Partido,25 de Mayo,Dirección provincial de estadística de la provincia de Buenos Aires,INDEC,35411,-60.2300352554915,-35.5266644227404
463,1467,"06",Buenos Aires,"06602",Partido de Patagones,Partido,Patagones,Dirección provincial de estadística de la provincia de Buenos Aires,INDEC,37499,-62.8454212446745,-40.1969300073341
464,1191,"66",Salta,"66105",Departamento Los Andes,Departamento,Los Andes,Dirección general de estadísticas de la provincia de Salta,INDEC,7182,-67.3440891016413,-24.642623620936
465,1490,"90",Tucumán,"90077",Departamento Río Chico,Departamento,Río Chico,Dirección de estadística de la provincia de Tucumán,INDEC,64927,-65.7561855543617,-27.4499099316148
466,1054,"06",Buenos Aires,"06735",Partido de San Antonio de Areco,Partido,San Antonio de Areco,Dirección provincial de estadística de la provincia de Buenos Aires,INDEC,26695,-59.5194531677907,-34.2206510125333
492,1502,"42",La Pampa,"42007",Departamento Atreucó,Departamento,Atreucó,Dirección general de estadística y censos de la provincia de La Pampa,INDEC,11053,-63.7786364602484,-37.0333083910773
493,1175,"02",Ciudad Autónoma de Buenos Aires,"02007",Comuna 1,Comuna,Comuna 1,Dirección general de estadística y censos del gobierno de la Ciudad de Buenos Aires,INDEC,221001,-58.3717228705816,-34.6063799604464
494,1221,"82",Santa Fe,"82112",Departamento San Justo,Departamento,San Justo,Instituto provincial de estadística y censos de la provincia de Santa Fe,INDEC,46486,-60.4886934609776,-30.530419531032
495,1265,"62",Río Negro,"62035",Departamento El Cuy,Departamento,El Cuy,Dirección de estadística y censos de la provincia de Río Negro,INDEC,6960,-68.4809688485968,-39.6959369986459
496,1070,"06",Buenos Aires,"06505",Partido de Magdalena,Partido,Magdalena,Dirección provincial de estadística de la provincia de Buenos Aires,INDEC,22653,-57.6862818472093,-35.1849031073577
497,1443,"38",Jujuy,"38056",Departamento San Antonio,Departamento,San Antonio,Dirección provincial de estadística y censos de la provincia de Jujuy,INDEC,6729,-65.4465103938225,-24.3466618105744
498,1275,"22",Chaco,"22147",Departamento San Lorenzo,Departamento,San Lorenzo,Dirección provincial de información estadística y territorial de la provincia del Chaco,INDEC,16045,-60.3645057655235,-27.3948025807663
467,1534,"70",San Juan,"70084",Departamento Rivadavia,Departamento,Rivadavia,Instituto de investigaciones económicas y estadísticas de la provincia de San Juan,INDEC,101334,-68.641615094852,-31.5542298728395
468,1273,"90",Tucumán,"90070",Departamento Monteros,Departamento,Monteros,Dirección de estadística de la provincia de Tucumán,INDEC,77469,-65.6420644345402,-27.1068122971543
469,1149,"62",Río Negro,"62091",Departamento 25 de Mayo,Departamento,25 de Mayo,Dirección de estadística y censos de la provincia de Río Negro,INDEC,16555,-68.9093579326383,-41.1440229286138
470,1523,"22",Chaco,"22126",Departamento 1° de Mayo,Departamento,1° de Mayo,Dirección provincial de información estadística y territorial de la provincia del Chaco,INDEC,14265,-58.9595491811172,-27.1675262947456
471,1181,"58",Neuquén,"58049",Departamento Huiliches,Departamento,Huiliches,Dirección provincial de estadística y censos de la provincia del Neuquén,INDEC,20853,-71.2590891458295,-39.794541778748
472,1552,"38",Jujuy,"38070",Departamento Santa Bárbara,Departamento,Santa Bárbara,Dirección provincial de estadística y censos de la provincia de Jujuy,INDEC,20497,-64.4023092773952,-24.0076377342572
473,1278,"06",Buenos Aires,"06805",Partido de Tigre,Partido,Tigre,Dirección provincial de estadística de la provincia de Buenos Aires,INDEC,446291,-58.5988976331737,-34.3817065818904
474,1521,"54",Misiones,"54035",Departamento Concepción,Departamento,Concepción,Instituto provincial de estadística y censos de la provincia de Misiones,INDEC,10303,-55.469584586148,-27.9324203072098
475,1230,"58",Neuquén,"58042",Departamento Chos Malal,Departamento,Chos Malal,Dirección provincial de estadística y censos de la provincia del Neuquén,INDEC,18289,-70.286319425823,-36.880584863831
481,1549,"70",San Juan,"70070",Departamento Pocito,Departamento,Pocito,Instituto de investigaciones económicas y estadísticas de la provincia de San Juan,INDEC,72879,-68.5842106182899,-31.7459503566628
482,1200,"38",Jujuy,"38063",Departamento San Pedro,Departamento,San Pedro,Dirección provincial de estadística y censos de la provincia de Jujuy,INDEC,88237,-64.810974926098,-24.2984843991223
483,1056,"22",Chaco,"22112",Departamento O'Higgins,Departamento,O'Higgins,Dirección provincial de información estadística y territorial de la provincia del Chaco,INDEC,21544,-60.6806930484445,-27.2574035860857
499,1415,"42",La Pampa,"42126",Departamento Rancul,Departamento,Rancul,Dirección general de estadística y censos de la provincia de La Pampa,INDEC,11090,-64.7959021542902,-35.408522539303
484,1493,"82",Santa Fe,"82126",Departamento San Martín,Departamento,San Martín,Instituto provincial de estadística y censos de la provincia de Santa Fe,INDEC,67299,-61.8090738118456,-32.012266012006
485,1213,"58",Neuquén,"58035",Departamento Confluencia,Departamento,Confluencia,Dirección provincial de estadística y censos de la provincia del Neuquén,INDEC,467217,-68.7941563476066,-38.8321961931092
486,1532,"22",Chaco,"22021",Departamento Comandante Fernández,Departamento,Comandante Fernández,Dirección provincial de información estadística y territorial de la provincia del Chaco,INDEC,101086,-60.4619443450582,-26.7870530514577
487,1434,"82",Santa Fe,"82007",Departamento Belgrano,Departamento,Belgrano,Instituto provincial de estadística y censos de la provincia de Santa Fe,INDEC,48544,-61.7047368385086,-32.6104301888451
488,1447,"18",Corrientes,"18077",Departamento Itatí,Departamento,Itatí,Instituto provincial de estadística y ciencia de datos de la provincia de Corrientes,INDEC,11946,-58.0692427932457,-27.3454340672806
489,1377,"22",Chaco,"22028",Departamento Chacabuco,Departamento,Chacabuco,Dirección provincial de información estadística y territorial de la provincia del Chaco,INDEC,34493,-61.3093217212581,-27.1173662743463
490,1432,"82",Santa Fe,"82119",Departamento San Lorenzo,Departamento,San Lorenzo,Instituto provincial de estadística y censos de la provincia de Santa Fe,INDEC,193786,-60.9620715551318,-32.9441579360465
491,1211,"06",Buenos Aires,"06623",Partido de Pergamino,Partido,Pergamino,Dirección provincial de estadística de la provincia de Buenos Aires,INDEC,114988,-60.5449164742125,-33.8359109016764
500,1193,"38",Jujuy,"38094",Departamento Tilcara,Departamento,Tilcara,Dirección provincial de estadística y censos de la provincia de Jujuy,INDEC,14621,-65.3200130787103,-23.5603971211302
501,1524,"22",Chaco,"22140",Departamento San Fernando,Departamento,San Fernando,Dirección provincial de información estadística y territorial de la provincia del Chaco,INDEC,413764,-59.1152390680229,-27.715544472479
502,1461,"22",Chaco,"22014",Departamento Bermejo,Departamento,Bermejo,Dirección provincial de información estadística y territorial de la provincia del Chaco,INDEC,28060,-58.7095346760146,-26.958682562321
503,1049,"06",Buenos Aires,"06707",Partido de Saladillo,Partido,Saladillo,Dirección provincial de estadística de la provincia de Buenos Aires,INDEC,35423,-59.7030161211142,-35.6764147665751
513,1501,"42",La Pampa,"42119",Departamento Quemú Quemú,Departamento,Quemú Quemú,Dirección general de estadística y censos de la provincia de La Pampa,INDEC,8404,-63.6636728437676,-36.1314772393423
504,1325,"06",Buenos Aires,"06826",Partido de Trenque Lauquen,Partido,Trenque Lauquen,Dirección provincial de estadística de la provincia de Buenos Aires,INDEC,49128,-62.6346756599226,-36.0568184770619
505,1160,"06",Buenos Aires,"06616",Partido de Pellegrini,Partido,Pellegrini,Dirección provincial de estadística de la provincia de Buenos Aires,INDEC,7112,-63.2257540076956,-36.2711915548517
506,1087,"62",Río Negro,"62063",Departamento Pichi Mahuida,Departamento,Pichi Mahuida,Dirección de estadística y censos de la provincia de Río Negro,INDEC,16493,-64.4052481194544,-39.4092208239406
507,1396,"06",Buenos Aires,"06700",Partido de Saavedra,Partido,Saavedra,Dirección provincial de estadística de la provincia de Buenos Aires,INDEC,21407,-62.4344430865311,-37.7713348628595
508,1214,"58",Neuquén,"58105",Departamento Picunches,Departamento,Picunches,Dirección provincial de estadística y censos de la provincia del Neuquén,INDEC,8471,-70.3729122654979,-38.5742875597425
509,1183,"38",Jujuy,"38084",Departamento Susques,Departamento,Susques,Dirección provincial de estadística y censos de la provincia de Jujuy,INDEC,3966,-66.6617115602454,-23.5206691867393
510,1209,"22",Chaco,"22133",Departamento Quitilipi,Departamento,Quitilipi,Dirección provincial de información estadística y territorial de la provincia del Chaco,INDEC,32430,-60.1736393955898,-26.668549764999
511,1428,"82",Santa Fe,"82028",Departamento Constitución,Departamento,Constitución,Instituto provincial de estadística y censos de la provincia de Santa Fe,INDEC,93000,-60.8580268653624,-33.4851249041941
512,1105,"06",Buenos Aires,"06819",Partido de Tornquist,Partido,Tornquist,Dirección provincial de estadística de la provincia de Buenos Aires,INDEC,14591,-62.2912853487763,-38.2575573328243
528,1504,"42",La Pampa,"42140",Departamento Toay,Departamento,Toay,Dirección general de estadística y censos de la provincia de La Pampa,INDEC,17927,-64.6924032471294,-36.6626535739976
514,1499,"82",Santa Fe,"82021",Departamento Castellanos,Departamento,Castellanos,Instituto provincial de estadística y censos de la provincia de Santa Fe,INDEC,189464,-61.6572569479344,-31.2314552227363
515,1306,"42",La Pampa,"42028",Departamento Catriló,Departamento,Catriló,Dirección general de estadística y censos de la provincia de La Pampa,INDEC,8225,-63.6647066297741,-36.5829679338115
516,1205,"42",La Pampa,"42112",Departamento Puelén,Departamento,Puelén,Dirección general de estadística y censos de la provincia de La Pampa,INDEC,11636,-67.6050791717197,-37.4376289492705
529,1224,"42",La Pampa,"42147",Departamento Trenel,Departamento,Trenel,Dirección general de estadística y censos de la provincia de La Pampa,INDEC,5637,-64.2129122983069,-35.6325546498609
517,1400,"06",Buenos Aires,"06812",Partido de Tordillo,Partido,Tordillo,Dirección provincial de estadística de la provincia de Buenos Aires,INDEC,2528,-57.273952563314,-36.3907787927534
518,1176,"02",Ciudad Autónoma de Buenos Aires,"02028",Comuna 4,Comuna,Comuna 4,Dirección general de estadística y censos del gobierno de la Ciudad de Buenos Aires,INDEC,227024,-58.3887275397319,-34.642422641101
519,1288,"86",Santiago del Estero,"86049",Departamento Capital,Departamento,Capital,Dirección general de estadística y censos de la provincia de Santiago del Estero,INDEC,328824,-64.4323594423224,-27.8872166493263
520,1171,"82",Santa Fe,"82133",Departamento Vera,Departamento,Vera,Instituto provincial de estadística y censos de la provincia de Santa Fe,INDEC,55463,-60.4136677311197,-28.9706307450938
521,1421,"42",La Pampa,"42021",Departamento Capital,Departamento,Capital,Dirección general de estadística y censos de la provincia de La Pampa,INDEC,118504,-64.1977364120208,-36.4992176005152
522,1148,"62",Río Negro,"62056",Departamento Ñorquinco,Departamento,Ñorquinco,Dirección de estadística y censos de la provincia de Río Negro,INDEC,1452,-70.40815452417,-41.7439812174667
523,1252,"86",Santiago del Estero,"86042",Departamento Belgrano,Departamento,Belgrano,Dirección general de estadística y censos de la provincia de Santiago del Estero,INDEC,10809,-62.219228681797,-29.0778850047784
524,1199,"38",Jujuy,"38077",Departamento Santa Catalina,Departamento,Santa Catalina,Dirección provincial de estadística y censos de la provincia de Jujuy,INDEC,2641,-66.2272716701934,-22.1376308527367
525,1276,"02",Ciudad Autónoma de Buenos Aires,"02021",Comuna 3,Comuna,Comuna 3,Dirección general de estadística y censos del gobierno de la Ciudad de Buenos Aires,INDEC,193537,-58.4026863942708,-34.6138300057217
526,1168,"58",Neuquén,"58007",Departamento Aluminé,Departamento,Aluminé,Dirección provincial de estadística y censos de la provincia del Neuquén,INDEC,10173,-71.046320362816,-39.1314919687224
527,1430,"82",Santa Fe,"82014",Departamento Caseros,Departamento,Caseros,Instituto provincial de estadística y censos de la provincia de Santa Fe,INDEC,86261,-61.5323170898035,-33.2207734972768
